:10200000008000207D5901001D5601006559010026
:1020100000000000000000000000000000000000C0
:1020200000000000000000000000000065590100F1
:10203000000000000000000065590100F95901008E
:102040006559010065590100655901006559010094
:10205000C955010065590100D91D010069590100E8
:10206000655901000127010065590100655901000A
:1020700091250100655901001127010065590100F2
:102080006559010065590100655901006559010054
:102090000000000065590100655901006559010003
:1020A0006559010065590100655901006559010034
:1020B0000000000010B5064C2378002B07D1054B1B
:1020C000002B02D0044800E000BF0123237010BDA4
:1020D000E002002000000000F0F40100044B10B505
:1020E000002B03D00349044800E000BF10BDC046E8
:1020F00000000000E4020020F0F401007047C04638
:10210000F0B5D64646464F46C0B5C44CA5441BA8BC
:1021100000F0A6F91BA800F0FFF909A800F0C6FA24
:102120001BA909A800F0C4FABD4B01AE6B4418000E
:1021300000F0E0FABA4B09A96B44180000F0DCFA91
:10214000B74B09A86B44190000F0B8FA31A800F0A9
:1021500081FC31A800F080FC31A909A800F0B0FA98
:1021600012A807F037FF09A912A807F03DFF12A92E
:1021700009A800F0A7FAB7A809F03CFEE12109AAD6
:102180008902B7A809F042FEB7A909A800F09CFA95
:1021900004A800F05BFE012109A800F097FAA14B0A
:1021A000B0469A46370035003000B7A909F012FF53
:1021B000390012A809F0BEFD04003800464613F0AD
:1021C0007DFA631C78D109A800F092FA01284BD15E
:1021D000B7A809F079FF31A909A800F071FA012127
:1021E00009A800F073FA31AB994609A800F080FA0B
:1021F000012804D009A800F079FA042864D030003E
:10220000B7A909F0E7FE290012A809F093FD040020
:1022100028002E0013F052FA631CE6D109A800F042
:1022200065FA01284CD009A800F060FA022847D0CE
:1022300009A800F05BFA0328D7D1B7A809F044FF3A
:102240008620800018F06EFB040000F003FC2000E4
:1022500000F002FC4846210000F02AFC210009A8F9
:1022600000F02EFAA146C0E709A800F041FA0228C2
:1022700022D109A800F03AFA022800D1C3E009A847
:1022800000F034FA032800D1BDE009A800F02EFACE
:10229000042811D1B7A809F017FF09A904A800F074
:1022A000D7FD011E00D0B5E05146B7A809F03CFFAC
:1022B000012109A800F00AFA0A2013F0B1FB73E724
:1022C000B7A809F001FF90E7B7A809F0FDFE31A813
:1022D00000F04AFC010009A800F0F2F90024504B7C
:1022E0006B44180000F096FA81464D4B6B44180081
:1022F00000F08EFA4B465843A04226DD09A904A8F7
:1023000000F0A6FD09A800F0F1F901281DD0444B0A
:1023100001346B44180000F07BFA0100200015F036
:10232000DDFA002907D131A800F01EFC010009A840
:1023300000F0C6F9D3E709A800F0D2F900F014FCC8
:10234000010009A800F0BCF9C9E75146B7A809F097
:10235000EBFE31A909A800F0B3F9314B00246B441E
:10236000180000F055FA2E4B811C6B44180000F049
:10237000EBF931A909A800F0A3F9294B6B44180027
:1023800000F046FA002817D0254B6B44180000F0E7
:102390003FFAA0421CD009A800F0A2F900F0E4FB2B
:1023A000010009A800F08CF91D4B01346B441800A2
:1023B00000F02EFA0028E7D131A909A800F080F931
:1023C00009A8012100F082F90A2013F029FBEBE6AD
:1023D00009A800F085F9002801D018F0ADFA104BDB
:1023E00001246B44180000F013FA0D4B411E6B449E
:1023F000180000F0A9F931A800F0B6FB010009A807
:1024000000F05EF9B9E7B7A809F05EFE0A2013F004
:1024100007FBC9E6B7A809F02BFE45E720F1FFFF4F
:10242000D408000060E4010010B518F07BFA10BD7C
:1024300010B518F081FA10BD002300B583B000225A
:1024400000210093024810F0E5F903B000BDC0463A
:10245000FC0200200122014B1A7070470403002087
:102460007047C046F8B5040000250EF001FD0126B6
:102470000DF018F92000234BA561E5612662666224
:10248000A36218300EF03AF9F02302272000E3632C
:10249000C43B27636663A5632C30E6540DF0F6FD5C
:1024A000802320005B042365E76465654C300DF0F4
:1024B0005DFE023E0122144900200EF0E3F93000D7
:1024C0000EF04CFA0122310001200EF0DBF9300051
:1024D0000EF044FA20236360193BE560A360676156
:1024E0002561201D0EF0BEFA2000084B2100636418
:1024F000074B2564A36440300FF052F905480EF0F5
:1025000041FBF8BD010001000086008600007A440E
:102510000024744BE5470A00002210B50400114B5B
:1025200011481A700FF0A8FB0221102013F000FDD3
:102530000121132013F0FCFC0121122013F0F8FC00
:1025400002210F2013F0F4FC032208490F2012F09F
:10255000A9FD00F039F800F043F82000FFF782FFF2
:1025600010BDC04604030020A00600205524000032
:10257000014B19707047C046040300200068704783
:10258000014B18787047C0460403002010B50D4C6D
:10259000A14200D92100013A0160511E8A414271D5
:1025A000012B06D0032B07D0002B08D0002303718A
:1025B00010BD03230371FBE702230371F8E7012336
:1025C0000371F5E700366E0110B50121132013F0F9
:1025D000F3FC10BD10B50021132013F0EDFC10BD6D
:1025E00010B50121122013F0E7FC10BD10B5002139
:1025F000122013F0E1FC10BD144B70B5040098429A
:102600000CD883001B185B0007D00001001B0321BE
:10261000400114F0F3FF0138FDD170BDFA218900AB
:1026200015F072F80D00601A642114F0E7FF13F042
:10263000F7F9AB005B195B00EFD02801401B0321C9
:10264000400114F0DBFF0138FDD1E6E7650600002C
:10265000F0B5C6460D4B0E4E15000700884606CB5A
:1026600000B530000FF00EFA002D09D00024395DBE
:1026700030000FF049FA434618550134AC42F6D108
:1026800030000FF02FFA04BC9046F0BD0803002084
:10269000A006002010B50223012202490248FFF7DC
:1026A00075FF10BD001BB700080300207047C0462F
:1026B000002303600233C16043607047416170478B
:1026C0008161704701627047016170470160704726
:1026D0004160704781607047C068704740697047CB
:1026E00080697047006A70470069704700687047EA
:1026F000406870477047C046012310B50400F022BF
:102700005B4223600233E360A360002322610A4A34
:102710006360A350043AA35010336361FC239B0011
:10272000A361064B0800E361054B2362FFF7D4FF6A
:10273000FFF724FF606210BDA40500000080E344A1
:1027400000401C4601607047C1607047816070475F
:1027500082B06B465A60044A00919446604406CBAE
:1027600006C002B07047C046AC05000084B010B58A
:102770000492089A059393009B189B00C018064B7F
:1027800003919C4603AC60440ECC0EC00CCC0CC034
:1027900010BC08BC04B01847B40500008132FF32F9
:1027A000920082185160704784B010B50492089A64
:1027B000059393009B189B00C0188223DB009C4666
:1027C00060440300039103AC07CC07C306CC06C3E7
:1027D00010BC08BC04B0184784B010B50492089A25
:1027E000059393009B189B00C0189B23DB009C461D
:1027F00060440300039103AC07CC07C306CC06C3B7
:1028000010BC08BC04B018474160704700687047AE
:10281000C0687047806870470069704740697047BA
:1028200080697047C0697047406A7047B523DB0014
:10283000C0587047B423DB00C0587047034B10B535
:102840009C460300614414C914C310BDAC050000CC
:10285000014BC0587047C046A405000093009B1868
:102860009B00C918044B30B59C460300614434C931
:1028700034C314C914C330BDB40500008131FF3125
:10288000890041184868704793009B189B00C9183D
:102890008223DB009C46030030B5614434C934C355
:1028A00014C914C330BDC04693009B189B00C918BF
:1028B0009B23DB009C46030030B5614434C934C31C
:1028C00014C914C330BDC0464068704728307047F3
:1028D00082B0F0B5DE464E4657464546E0B5C1B03B
:1028E0004A924F9A12A890460C1C4B9302930CF0FC
:1028F000EDFB149B201C9A46159B139E0193169B7F
:10290000994617F0C7FE4E4A4E4B15F003F80028C3
:102910001CD14D49201C15F037F8002816D14B4921
:10292000201C15F031F8002805D14949201C15F06C
:102930002BF8051E6FD000220023069207931B235D
:1029400006A808930CF0F8FF022009E000220023FB
:10295000069207931B2306A808930CF0EDFF0520B1
:102960000DF054F80123002010930DF057FFFE23C3
:102970009B050DAC039303239B46A3604B4663600A
:10298000019B012552460D930123200025820AAFA9
:10299000A3740B923B720A960DF0F2FA38000DF018
:1029A00021FB5A4618925246019B02361A93002385
:1029B0001D92B5404A461C93039B05A918A81B927B
:1029C0001F9319950CF088F94246029C1268230067
:1029D000944663441800059B20A95B009B080222D3
:1029E000209321930DF048FC4346A4465868059B6C
:1029F00060445A0092082092219220A902220DF0F0
:102A00003BFC41B03CBC90469946A246AB46F0BC6C
:102A100008BC02B018470022002306920793072340
:102A200006A808930CF088FF02200CF0EFFF0120AD
:102A300010950DF0F3FEFC239B050DAC03939AE774
:102A400052B81E85EB51E03F0000A0400000E1437A
:102A500000409C477047C046FE22012307215200D8
:102A60000373835008328350043A81508361852375
:102A700000229B0004314261C150084B8262C36353
:102A8000074B084A4363084B83648023DB050364D8
:102A9000064BC264836303657047C0460000FA4377
:102AA00000001BC40000164500408344000048435A
:102AB0000160704710B50422083018F074FD10BD95
:102AC000C163704741637047816470470164704718
:102AD0008163704781617047C164704701657047C9
:102AE000FC235B00C154704780239B00C15070479A
:102AF00081239B00C150704784239B00C1507047C5
:102B00008162704782239B00C154704783239B00DE
:102B1000C150704741607047416170471A3292005E
:102B2000115070474C329200115070474164704709
:102B3000C162704741737047C1617047016270475D
:102B4000416270470173704701617047416570478A
:102B500081657047C165704701667047416670477F
:102B60000163704781737047006870470830704791
:102B7000C06B7047406B7047806C7047006C70474B
:102B8000806B704780697047C06C7047006D7047FC
:102B9000FC235B00C05C7047FE235B00C05870479D
:102BA00080239B00C058704781239B00C05870470A
:102BB00000B51A2903D885239B00C15000BDFA2314
:102BC000DB01994200D1E1E017DCFA235B01994275
:102BD00000D1D6E03BDD704B994200D1BDE054DD21
:102BE0006E4B994200D19FE06D4B994200D0B4E00A
:102BF00085230D229B00C250E0E76A4B994200D129
:102C0000BAE013DD684B994200D1A1E064DDFA23FC
:102C10009B02994200D182E0FA23DB02994200D064
:102C20009BE085231A229B00C250C7E75F4B994265
:102C300000D197E044DD5E4B99426BD05D4B9942E9
:102C400000D08AE0852314229B00C250B6E75A4B7D
:102C5000994200D18BE00BDDFA231B01994254D03D
:102C6000564B994279D1852306229B00C250A5E795
:102C7000FA239B0099425CD0FA23DB00994210D1E1
:102C8000852303229B00C25098E74D4B99425AD0AE
:102C9000FA239B0199420BD185230A229B00C25043
:102CA0008CE7C82959D1852301229B00C25085E7B2
:102CB000444B994251D1852308229B00C2507DE7A5
:102CC000414B99423AD0FA231B02994210D18523F5
:102CD00011229B00C25071E7FA235B0299420FD088
:102CE0003A4B994239D1852317229B00C25065E7A0
:102CF000374B994231D185230F229B00C2505DE7AB
:102D0000852316229B00C25058E7852305229B008D
:102D1000C25053E7852313229B00C2504EE7852300
:102D200019229B00C25049E785230C229B00C25008
:102D300044E7852302229B00C2503FE785231022EF
:102D40009B00C2503AE7852309229B00C25035E719
:102D5000852318229B00C25030E785230B229B005D
:102D6000C2502BE7852312229B00C25026E7852301
:102D700004229B00C25021E7852315229B00C250EC
:102D80001CE7852307229B00C25017E785230E22EC
:102D90009B00C25012E7C046204E0000C05D0000FC
:102DA00030750000C0D40100A0FD0200084C0100F5
:102DB00000770100A0860100B80B0000701700002A
:102DC000E02E00001027000080BB00000071020010
:102DD000409C000084239B00C0587047806A704765
:102DE00082239B00C05C704783239B00C0587047C0
:102DF00085239B00C0587047406870474069704702
:102E00001A318900085870474C31890008587047BA
:102E1000406C7047C06A7047407B7047C06970471C
:102E2000006A7047406A7047007B704700697047CE
:102E3000406D7047806D7047C06D7047006E704781
:102E4000406E7047006B7047807B70477047C0468C
:102E500070B5040008002160FFF742FC25006060A7
:102E6000FFF784FE103501000422280018F09BFBB8
:102E70002800604918F057FB00284AD0267C432ED2
:102E800032D028005C4918F04EFB002844D0432E75
:102E900000D177E02800594918F045FB002862D09E
:102EA0002800574918F03FFB002800D181E0280096
:102EB000544918F038FB002800D18BE02800524913
:102EC00018F031FB002800D082E01030FFF7ACFA98
:102ED000050005F0D3F8E5602C20FFF7A5FA050002
:102EE00001F044FDA56025E06B78412BC9D1AB789A
:102EF000002BC6D11020FFF797FA050003F004FD60
:102F0000E5602C20FFF790FA050000F091F8A5602D
:102F100010E03E4D280070BD1030FFF785FA050027
:102F200005F09AFBE5603020FFF77EFA050001F01E
:102F300099FFA560E068216803681B689847051E33
:102F4000E8D1A068216803681B689847051EE1D195
:102F5000E068002801D0FFF76BFAA0680028D9D0FC
:102F6000FFF766FAD6E71030FFF75EFA050005F0C6
:102F7000C1FFE5602C20FFF757FA050002F0CAFBFD
:102F8000A560D7E76B78562B00D083E7AB78002B92
:102F900000D07FE71020FFF747FA050004F044F85F
:102FA000E5603420FFF740FA050000F0BFFBA560A4
:102FB000C0E71030FFF738FA050004F03DFCE5608B
:102FC0002C20FFF731FA050001F08CF8A560B1E77D
:102FD0000F4D9FE71030FFF727FA050006F094FB2E
:102FE000E5602C20FFF720FA050002F0D1FFA56074
:102FF000A0E7C04668E4010070E4010078E4010045
:103000007CE4010080E4010084E40100EF5500004D
:103010006C520000002300B583B000220021009311
:1030200002480FF0F7FB03B000BDC04610030020BC
:1030300010B5040003F0ECFB024B200008332360C2
:1030400010BDC04688E40100F0B5DE4657464E4646
:103050004546E0B5060091B0C06804920F00FFF746
:103060009BFD8146B068FFF7DDFBB16882460BA887
:10307000FFF7E4FB0B99F0680591FFF7BFFEB1681D
:1030800080468B4601003000013903F0C7FB5946EA
:10309000020006A8FFF7F8FB049B002B6CD03A0057
:1030A000002000219F00D719002508CA1B041C0C12
:1030B00000196941BA42F7D114F0E4FC041C0498E9
:1030C00015F094FC011C201C14F068FF17F0E2FAC4
:1030D0002D4B002215F0C6FC14F0B6FC52464946B2
:1030E0000BF0BCFFB369041C591E3000B56803F037
:1030F00095FB290002000BA8FFF7C6FB2349201C03
:1031000015F016F9059914F049FFB3690E90591E90
:103110003000B46803F082FB6A4602900EAB03CB2A
:1031200003C220000C9A0D9B0B99FFF73DFB414613
:10313000F068FFF765FE0890F068FFF74FFEB3698F
:10314000013001330793069012F064FC15F04EFC39
:10315000B1690A903000B46803F060FB6A460290DF
:1031600009AB03CB03C22000089B0699079AFFF71F
:103170001BFBB3690133B361002011B03CBC904626
:103180009946A246AB46F0BD0000E03F00007A44FD
:10319000F0B5DE464E4645465746E0B504008BB0D6
:1031A000C068FFF739FE8346E068FFF737FE8046C8
:1031B000E068FFF735FE8146E068FFF733FE4246E0
:1031C0000600002A01D14E468146E068FFF716FE50
:1031D0000700E068FFF7D4FC8246E068FFF7FEFDD9
:1031E0000500E068FFF7CEFC854200DBC8E0E06840
:1031F000FFF70EFEFC21051C8905504615F098F8D6
:10320000011C281C14F0C0FB002800D0A0E0E068DE
:10321000FFF7BAFC17F03EFA0022704B16F0FEFDE5
:103220006F4A704B16F08EFB14F00EFC39008501CE
:103230000190E068FFF7E4FD071C280017F004FA8E
:1032400002900391381C17F025FA674A674B16F075
:1032500079FB0B0002000298039916F0DFFD14F0D1
:10326000F3FBA842AD41E7686D42451B3800FFF70C
:10327000CFFD514615F076F9011C3800FFF756FCDA
:10328000802080010CF09EF9594B184080231B06CA
:1032900003430493574B0593574B184306900198EB
:1032A00040284ED8802300035B019D4247D20A2369
:1032B0002843C82508935B462D0628430790002B1A
:1032C00024D0C0204B46C0021843FA2300021B063C
:1032D000000A184309900622300004A90CF0CCFF24
:1032E0004346002B64D10121E068FFF725FC012152
:1032F0005B464B40D9B2E068FFF71CFC00200BB0E6
:103300003CBC90469946A246AB46F0BDC0204B4619
:10331000C0021843F42300021B06000A1843099058
:1033200004A9062230000CF0A7FF43460021002B21
:10333000DAD10121E068FFF7FFFB0121DBE72F4D28
:10334000B5E74020802300035B019D42AFD3F6E741
:10335000E0680137FFF76AFD87422FDA3900E0683D
:10336000FFF7DAFB3900E5682800FFF74DFD011C87
:103370002800FFF7DBFBE068FFF740FD070046E7AA
:10338000802080010CF01EF9194B0622034080209A
:103390000006184381231B0605930023049004A90B
:1033A000300006930793089309930CF065FFA5E797
:1033B0000021E068FFF7C0FB00219CE7E5682800DA
:1033C000FFF70CFD411C2800FFF79AFB0021E06885
:1033D000FFF7A2FB0021E568C6E7C0460000694090
:1033E000CA1DA0DC01CA9D3FC853823C25C8FD3FD1
:1033F000FFFEFF00020000A700010080FF0F000099
:10340000F8B5CE464746050080B500200DF0DCFA41
:10341000041E00D188E08023DB00984680238027AB
:103420009B039946BF040FE03C422AD1002C42DBAB
:103430004B461C4249D180200002044250D100205A
:103440000DF0C2FA041E6FD043461C42ECD080201F
:10345000C0000DF083FA0CF053FE0600A868FFF7D9
:1034600035FA31000BF018FFA868FFF72FFA320089
:1034700001002800FFF7E8FD2800FFF789FE3C4225
:10348000D4D0802080040DF069FA0CF039FE0600DB
:10349000A868FFF71BFA31000BF0FEFEA868FFF7E3
:1034A00015FA320001002800FFF7CEFD2800FFF7D3
:1034B0006FFE002CBCDA802000060DF04FFA0220CF
:1034C0000DF0E8FA972040002FE0802080030DF0F7
:1034D00045FA02200DF0DEFA802000020442AED050
:1034E0000DF03CFA0CF00CFE0400A868FFF7EEF9B2
:1034F00021000BF0D1FEA868FFF7E8F922000100D7
:103500002800FFF7A1FD0A200DF064FC0A2802D86C
:1035100000200DF037F80DF01FFC012300202B7563
:103520000DF052FA041E8FD100200CBC9046994633
:10353000F8BDC046F0B5CE4647460400002380B52E
:10354000237597B0A36108006160FFF7C7F8A0601A
:103550006068FFF7C5F82500E060FFF707FB10354E
:1035600004220100280018F01EF82900200003F0B2
:103570005DF981466068FFF7B7F82900060008F09A
:1035800055FC60680521FFF7A1F80A200DF022FC28
:103590000A282ED8012301214422012004ADAB5476
:1035A000423A04900591A06806920E93FFF73CF909
:1035B0008046E068FFF7E4FA011C404614F0B8FECC
:1035C00017F068F8504A514B16F0BCF914F03CFA69
:1035D000AB6A0138EB621290139028000CF028FFC0
:1035E00007E0237D002B3AD1300008F037FD00289A
:1035F0004FD16068FFF77AF805285ED16068FFF761
:103600006BF8FEF7BDFF00280AD06068FFF764F88A
:103610000021FEF7ADFF2000FFF7F2FE002861D188
:10362000A068FFF751F9A269831C05009342D8D224
:1036300001002000A76803F0F1F83900020004A897
:10364000FFF722F9E068049FFFF79CFA87424EDDFE
:10365000A068691CFFF7D8F8237D002BC4D029008F
:103660002000A76803F0DAF83900020004A8FFF789
:103670000BF9A068691CFFF7C7F8A369AB42B3D187
:1036800060680621FFF722F8300008F0E7FC002808
:10369000AFD06068FFF726F80500310004A808F0F5
:1036A00099FC04A9280008F045FB04A812F006F8CC
:1036B0006068FFF71BF80528A0D00A200DF08AFBF0
:1036C0000A2802D800200CF05DFF0021A068FFF757
:1036D0009BF80021E068FFF71FFAE0680021FFF780
:1036E0000FFA002017B00CBC90469946F0BD4B462F
:1036F0006A46029307AB03CB03C230000499059AD4
:10370000069B08F0E5FDA3E7FCA9F1D24D62503F0E
:10371000002300B583B000220021009302480FF07F
:1037200079F803B000BDC0461803002010B50400AE
:1037300003F06EF8024B20000833236010BDC04632
:10374000A8E40100F0B5D6464F4646468046C0B5CF
:10375000C0688EB092460E00FFF750FB4346010052
:10376000814640469F6803F059F83900020004A8DA
:10377000FFF78AF85346002B73D09A003100B21835
:1037800000270026002508C91B041C0C36196F41B0
:103790008A42F7D143465246DD6A5C693000002315
:1037A000390014F019F914F06DF916F073FF304B6D
:1037B000002215F057F914F047F92A1C21000BF0EC
:1037C0004DFC43469E684B465D1E2900041C404646
:1037D00003F024F83100020009A8FFF755F8254945
:1037E000201C14F0A5FD4346196B14F0D7FB43468B
:1037F00029000C9040469C6803F010F86A4602903D
:103800000CAB03CB03C220000A9A09990B9BFEF76D
:10381000CBFF4B465C1C4346D8680594FFF7DEFAA5
:103820000100484613F074FF0130049012F0F2F8E2
:1038300015F0DCF843464946089040469D6802F082
:10384000EDFF6A46029007AB03CB03C22800049940
:10385000069B059AFEF7A8FF43462100D868FFF7AC
:103860005BF900200EB01CBC90469946A246F0BD04
:103870000000E03F00007A4470B5050092B00A20D5
:103880000C000DF0A7FA0A2839D8002C08D0002027
:10389000012C01D012B070BD0CF074FE0020F9E7CD
:1038A000012444236A46D454032200230092019346
:1038B00002220123029203930223A868049309942D
:1038C0000A940B94FEF7B0FF061CE868FFF756F960
:1038D000011C301C14F02CFD061CE868FFF750F9A1
:1038E000011C301C14F05AFB14F096F803380D90AC
:1038F0000E9068460F940CF09BFD0020CAE701482B
:10390000C8E7C046F1550000F0B504008BB0C068B0
:103910000E00FFF771FA042828D8B04B80001B581E
:10392000E0689F46FFF76AFA0500E068FFF756FA7D
:103930000100280013F0D2FFE0680D00FFF74EFAF7
:103940000138854200D144E1E068FFF757FA0500ED
:10395000E068FFF743FA0700E068FFF713F97843E0
:10396000854203DB0521E068FFF7D4F8E068FFF744
:103970003BFA002800DC82E0E068FFF705F916F06A
:1039800089FE0022964B16F049FA964B964A15F09E
:10399000D9FF14F059F885010700E068FFF724FA11
:1039A0002B002D1A9D429B415B42ED1A80235B0147
:1039B0009D4200D38D4D3800402F00D94020030395
:1039C0002B43336016F040FE0022894B15F0BAFFFE
:1039D000060028000F0016F037FE864A864B15F0C9
:1039E000B1FF02000B003000390016F017FA16F094
:1039F00099FE0790E068A568FFF700FA0100200033
:103A000002F00CFF6A46029008AB03CB03C2280009
:103A10000599069A079BFEF7C7FEE068FFF7E0F9F5
:103A2000E568002816D02800FFF7DEF90600E068F8
:103A3000FFF7D0F9041C300014F092FF211C14F0A1
:103A400011F914F06DFF01002800FFF75FF8002066
:103A50000BB0F0BD2800FFF7C7F90600E068FFF7DC
:103A6000B9F9041C300014F07BFF211C14F07AFD1E
:103A700014F056FF01002800FFF748F8E7E7E06878
:103A8000FFF784F87BE7FFF7ABF900286FD1E06818
:103A9000FFF7B4F90500E068FFF7A0F9010028007E
:103AA00013F01CFF626AA36A94465B006344994268
:103AB00000DA5BE7042152E0FFF792F900283ED0DC
:103AC000E068FFF79BF90500E068FFF787F9010060
:103AD000280013F003FFA36A994200DA46E70221A7
:103AE00059E0FFF77DF900285DD1E068FFF786F91E
:103AF0000500E068FFF772F90100280013F0EEFE00
:103B0000A36A5B00994200DA30E70321E068FFF71F
:103B100001F82BE7FFF72EF8051CE068FFF72CF8FB
:103B2000011C281C13F030FF00284DD00121E06853
:103B3000FEF7E8FF0121E068FEF7ECFF16E7E0681A
:103B4000FFF75CF90500E068FFF748F9010028007D
:103B500013F0C4FE636A994200DA07E70221E068C5
:103B6000FEF7D8FF0121E068FEF7CCFFFEE6E06833
:103B7000FFF744F90500E068FFF730F9010028007D
:103B800013F0ACFEA26A636A94465B0063449942F8
:103B900000DAEBE60421E068FEF7BCFF0021E068F4
:103BA000FEF7B0FFE2E6E068FFF728F90500E068FD
:103BB000FFF714F90100280013F090FE636A5B0020
:103BC000994200DAD2E6A0E70021E068FEF79AFF0A
:103BD000B0E70021E068FEF79DFFB5E694E4010040
:103BE0000000694001CA9D3FCA1DA0DCFF0F000014
:103BF00000304140111331111331E13FF0B5D64689
:103C000046464F46C0B5040086B0C068FFF704F9C9
:103C10000600E068FFF702F90500E068FFF7F8F832
:103C200014F07EFE00284BD0236A83424FDAC01A7C
:103C300014F096FE011CE0680027FEF777FF002DC8
:103C40004CD18020A369800198460BF0BBFC8246D2
:103C5000002F4CD1002D00D098E0E36999466946C9
:103C60002000FFF751FE53464A48C822034018007F
:103C700080231B061843484B12060293009B0190B9
:103C80001B021B0A134303930A230493002E6CD0D8
:103C9000A0234A46DB021343FA221B0212061B0A28
:103CA00013434046052201A905930CF0E5FA3900BB
:103CB000E068FEF73FFF69426941E068FEF73CFFBC
:103CC000002006B01CBC90469946A246F0BD0021DB
:103CD000E0680127FEF72AFF002DB2D08020E369BB
:103CE000800198460BF06EFC8246002FB2D005236F
:103CF00069464344200099468027FFF705FE534656
:103D0000C82224483F0603401F43234B1206029358
:103D1000009B701E86411B021B0A134303930A2358
:103D2000E0200493F3237642C00430401B06A02613
:103D30009C464B46F6021E4336026044360A064352
:103D400001A940460522019705960CF095FA00233B
:103D5000029303930493812305221B06484601A97D
:103D6000019705930CF088FAA5E7A0234A46DB02E9
:103D70001343F3221B0212061B0A1343404605227B
:103D800001A9059301270CF077FA90E7A3699946FA
:103D900065E7C0467FFEFF00020000A7F0B5C646FB
:103DA000050000B500200CF00FFE041E00D186E0D7
:103DB00080278026FF00B60410E034422AD1002C70
:103DC0003FDB80208003044246D180200002044271
:103DD0004BD100200CF0F8FD041E70D03C42ECD01A
:103DE0008020C0000CF0BAFD0CF08AF98046A8686B
:103DF000FEF76CFD41460BF04FFAA868FEF766FD32
:103E0000424601002800FFF79DFC2800FFF7F6FE60
:103E10003442D4D0802080040CF0A0FD0CF070F966
:103E20008046A868FEF752FD41460BF035FAA868B7
:103E3000FEF74CFD424601002800FFF783FC002CF2
:103E4000BFDA802000060CF089FD02200CF022FE73
:103E5000802080030442B8D00CF080FD02200CF0DA
:103E600019FE802000020442B3D00CF077FD0CF064
:103E700047F90400A868FEF729FD21000BF00CFAB1
:103E8000A868FEF723FD220001002800FFF75AFC76
:103E90000A200CF09FFF0A2802D800200CF072FBC9
:103EA00006216868FEF712FC0021E868FEF732FE82
:103EB0000CF052FF00200CF087FD041E8ED1002074
:103EC00004BC9046F0BDC046F0B5040083B0C068A5
:103ED000FEF762FE6061A068FEF7A4FCA168E062E4
:103EE0006846FEF7ABFC009BE0682363FEF798FF93
:103EF000A061E068FEF796FFE061E068FEF78AFFE8
:103F00002062E068FEF76CFF00282FD0E068FEF723
:103F100033FE061CE068FEF72BFE071CE068FEF788
:103F200059FF391C051C301C14F01CFB16F0B2FBA9
:103F3000104A114B15F006FD0600281C0F0016F064
:103F4000A9FB02000B003000390015F0F5F816F05F
:103F500015FBA062E068FEF741FFC30F1B180020AD
:103F6000A26A5B109B1A636203B0F0BDE068FEF7C3
:103F700001FECEE7C853823C25C8FD3FF0B5C646DA
:103F8000040000B561608AB00800FEF7A7FBA060DE
:103F90006068FEF7A5FB2700E060FEF7E7FD10373D
:103FA00004220100380017F0FEFA3900200002F068
:103FB0003DFC80466068FEF797FB3900050007F07E
:103FC00035FF2000FFF780FF2000FFF717FE606835
:103FD0000521FEF77BFB00212000FFF74DFC04E0EC
:103FE000280008F03BF8002834D16068FEF77EFB1B
:103FF000052843D16068FEF76FFBFEF7C1FA002881
:10400000EED06068FEF768FB0021FEF7B1FA2000F1
:10401000FFF7C4FEA068FEF757FC0700E068FEF754
:10402000EDFE0138B842DBDD39002000A66802F061
:10403000F5FB3100020005A8FEF726FC05990029D2
:1040400035D1A068791CFEF7DFFB280008F006F8E0
:104050000028CAD06068FEF745FB0700290005A8C4
:1040600007F0B8FF05A9380007F064FE05A811F0B5
:1040700025FB6068FEF73AFB0528BBD00A200CF050
:10408000A9FE0A2802D800200CF07CFAA0680021C2
:10409000FEF7BAFBE0680021FEF73EFDE068002174
:1040A000FEF72EFD00200AB004BC9046F0BD43464A
:1040B0006A46029308AB41CB41C22800069A079B8F
:1040C00008F006F9BDE7C046002300B583B0002222
:1040D0000021009302480EF09DFB03B000BDC046D6
:1040E0002003002010B5040002F092FB024B2000D8
:1040F0000833236010BDC046B4E40100F0B5DE46CD
:1041000057464E464546E0B5060091B0C068049259
:104110000F00FEF741FD8146B068FEF783FBB168F2
:1041200082460BA8FEF78AFB0B99F0680591FEF713
:1041300065FEB1688B46411E3000884602F06EFB7A
:104140005946020006A8FEF79FFB049B002B67D090
:104150003A00002000219F00D719002508CA1B043F
:104160001C0C00196941BA42F7D113F08BFC041CF6
:10417000049814F03BFC011C201C13F00FFF16F0F8
:1041800089FA2B4B002214F06DFC13F05DFC5246B3
:1041900049460AF063FFB369041C591E3000B56834
:1041A00002F03CFB290002000BA8FEF76DFB214941
:1041B000201C14F0BDF8059913F0F0FEB3690E90C1
:1041C000591E3000B46802F029FB6A4602900EAB1B
:1041D00003CB03C220000C9A0B990D9BFEF7E4FA67
:1041E000F068FEF7FBFDB3690130013307930690D9
:1041F00011F010FC14F0FAFB41460A903000B4684C
:1042000002F00CFB6A46029009AB03CB03C220000C
:10421000089B0699079AFEF7C7FAB3690133B361A1
:10422000002011B03CBC90469946A246AB46F0BD7A
:104230000000E03F00007A4470B5050092B00A200B
:104240000C000CF0C7FD0A2845D8002C08D000202F
:10425000012C01D012B070BD0CF094F90020F9E7E8
:10426000012444236A46D45401220123009201937D
:104270000223A86802930A94FEF7D6FA0021061CCE
:10428000E868FEF7C1FD011C301C14F051F816F06F
:1042900001FA124A124B15F055FB13F0D5FB0E90A4
:1042A000A8680B94FEF7C0FA0121041CE868FEF729
:1042B000ABFD011C201C14F03BF816F0EBF9074A8B
:1042C000074B15F03FFB13F0BFFB0F9068460CF057
:1042D000AFF80020BEE70348BCE7C046FCA9F1D216
:1042E0004D62503FF1550000F0B5DE4657464E4650
:1042F0004546E0B5040095B0C068FEF78DFD059019
:10430000E068FEF78BFD8046E068FEF789FD814698
:10431000E068FEF787FD43460700002B00D0AFE0C2
:10432000E068FEF731FC051CE068FEF771FD002136
:1043300013F034FB002800D04EE1281C16F0AAF937
:104340000022C44B15F06AFDC34AC44B15F0FAFABB
:1043500013F07AFB85010600E068FEF70BFCCA4605
:104360008146280016F070F906900791484616F02D
:1043700091F9BB4ABB4B15F0E5FA02000B00069819
:10438000079915F04BFD13F05FFBB946A842AD410C
:104390006D42431B9B4680235B019B4501D3B24B7F
:1043A0009B463500402E00D94025280016F04CF9D8
:1043B0000022AE4B15F0C6FA060058460F0016F064
:1043C00043F9AB4AAB4B15F0BDFA02000B003000CD
:1043D000390015F023FD16F0A5F9E6680A903000C3
:1043E000FEF70CFD411C3000FEF796FBE068A66866
:1043F000FEF704FD0100200002F010FA6A46029068
:104400000BAB03CB03C230000899099A0A9BFEF755
:10441000CBF9E068FEF7E2FC0600E068FEF7B2FBCD
:10442000864200DA99E0802080010BF0CBF8924BB5
:104430000722034080200006184300230E930F93A9
:1044400010931193129381230D901B0650460DA9D2
:1044500013930BF011FF414648424141E068FEF7DB
:104460006BFB0121059BE0684B40D9B2FEF762FB74
:10447000002015B03CBC90469946A246AB46F0BD24
:104480008246E068012B11D0FEF77EFB16F002F9A0
:104490000022704B15F0C2FC6F4A704B15F052FAB7
:1044A00013F0D2FA0600850100206FE7FEF7B0FC9A
:1044B000002113F073FA002800D096E0E568280088
:1044C000FEF7A6FCFE21890514F04CF8011C28001B
:1044D000FEF72CFBE5682800FEF74CFB0021061CCC
:1044E000E068FEF78DFC011C301C13F0BBFB011CC7
:1044F0002800FEF7E7FAE068FEF746FB16F0CAF878
:104500000022544B15F08AFC534A544B15F01AFA0A
:1045100013F09AFA85010600E068FEF72BFB0121F3
:10452000071CE068FEF76CFC8346280016F08CF848
:10453000069007915946381C13F094FB16F0AAF820
:10454000474A484B15F0FEF902000B000698079900
:1045500015F064FC13F078FA18E7802080010BF066
:1045600031F8464B0202120A13430600E0680D932D
:10457000FEF706FB424913F0DBFE13F04DFA800014
:1045800080080E903C483F4B0640802010935B46CD
:1045900000060643C8202D031D430A2300060543D9
:1045A00005981293431E9841C023F4224042DB0435
:1045B00003401206E02094464A46C002104300021F
:1045C0006344000A18431390072250460DA90F9622
:1045D00011950BF051FE3EE7E6683000FEF7C8FA91
:1045E000011C3000FEF76EFAA7E6E068FEF7F6FB66
:1045F0000500E068FEF7C6FA854200DB5EE7E0688A
:10460000FEF7BAFA051CE068FEF7B2FA011C281C96
:1046100013F0A8FF0021051CE068FEF7F1FB011C68
:10462000281C13F0BBFC16F035F80022164B14F0D2
:1046300019FA15F0A3FF14F093F9011CE068FEF7D6
:1046400075FAE5682800FEF7C9FB411C2800FEF753
:1046500057FA33E700006940CA1DA0DC01CA9D3F3C
:10466000C853823C25C8FD3FFF0F00000030414089
:10467000111331111331E13FFFFEFF0000010080F3
:1046800000007A46020000A70000F83FF0B5C646D9
:10469000050000B50A200CF09DFB0A2800D989E02E
:1046A00000200CF06FFA00200CF08EF9041E7DD073
:1046B00080260023F600984612E080208004044201
:1046C00038D1002C4BDB80208003044252D1802063
:1046D0000002044257D100200CF076F9041E65D088
:1046E0003442EAD08020C0000CF038F90BF008FD0D
:1046F0000700A868FEF7EAF839000AF0CDFDA868BF
:10470000FEF7E4F83A0001002800FFF7F7FC2F005D
:104710002800FFF7E9FD43461C3738006B770BF0A4
:104720008DF8012338006B770BF088F88020800427
:104730000442C6D00CF012F90BF0E2FC0700A868A6
:10474000FEF7C4F839000AF0A7FDA868FEF7BEF826
:104750003A0001002800FFF7D1FC002CB3DA8020DA
:1047600000060CF0FBF802200CF094F98020800386
:104770000442ACD00CF0F2F802200CF08BF980204F
:1047800000020442A7D00CF0E9F80A200CF022FB4A
:104790000A2802D800200BF0F5FE0CF0DDFA012308
:1047A00000202B750CF010F9041E99D1002004BCD8
:1047B0009046F0BD0048FAE7F1550000F0B5C64656
:1047C0000400002500B561608AB008002575A56168
:1047D000FDF784FFA0606068FDF782FF2700E060BE
:1047E000FEF7C4F9103701000422380016F0DBFE92
:1047F0003900200002F01AF8012300222377243325
:10480000E5540333E584E2540223FF33E3834F4B43
:10481000804623626068FDF767FF3900050007F0F6
:1048200005FB60680521FDF751FF00212000FFF71F
:1048300003FD07E0237D002B3DD1280007F00EFC8F
:10484000002856D16068FDF751FF052865D16068E2
:10485000FDF742FFFDF794FE0028EBD06068FDF7FE
:104860003BFF0021FDF784FE2000FFF70FFFA0684B
:10487000FEF72AF8A369471C01009F42DAD2200004
:10488000A66801F0CBFF3100020005A8FDF7FCFF90
:1048900043466A46029308AB03CB03C22800079B3A
:1048A0000599069A07F014FD3900A068FDF7ACFFE2
:1048B000237D002BC1D0A068FEF706F80100070099
:1048C0002000A66801F0AAFF3100020005A8FDF74C
:1048D000DBFFA068791CFDF797FFA369BB42ACD151
:1048E00060680621FDF7F2FE280007F0B7FB0028FC
:1048F000A8D06068FDF7F6FE0700290005A807F0BC
:1049000069FB05A9380007F015FA05A810F0D6FED6
:104910006068FDF7EBFE052899D00A200CF05AFAE2
:104920000A2802D800200BF02DFEA0680021FDF718
:104930006BFFE0680021FEF7EFF8E0680021FEF76A
:10494000DFF800200AB004BC9046F0BD0101010070
:10495000002300B583B000220021009302480DF02F
:1049600059FF03B000BDC0462803002010B5040065
:1049700001F04EFF024B20000833236010BDC046FB
:10498000C0E40100F0B54546DE4657464E46E0B568
:1049900093088FB080460793002A00D1A7E08A468B
:1049A000802492000B00564D5244A40204E0294397
:1049B00019600433934208D018688103890B2042A0
:1049C000F5D1196004339342F6D1079B002B00D137
:1049D0008DE000235446994645462768380013F079
:1049E000BFFF6368804618009A4613F0B9FF41463E
:1049F000061C404613F09CFC311C8046301C13F012
:104A000097FC011C404613F02DF911F0CDFD8046B6
:104A1000380015F0E9FD534606000F00584215F026
:104A2000E3FD32003B0011F043FCA76804900591C0
:104A3000380013F095FFE368834618009A4613F098
:104A40008FFF5946061C584613F072FC311C8346F2
:104A5000301C13F06DFC011C584613F003F911F0E3
:104A6000A3FD8346380015F0BFFD534606000F0036
:104A7000584215F0B9FD32003B0011F019FC15F059
:104A800051FE061C0498059915F04CFE311C13F0DC
:104A900069FD061CE868FEF7CDF959460B904046C3
:104AA00013F07CFA174913F043FCAB69A969013391
:104AB0000A9301230C9028000D960993AE6801F02B
:104AC000ADFE6B4602900CAA03CA03C330000B9BD9
:104AD00009990A9AFDF780FEAB6910340133AB6186
:104AE00001239C46079BE1444B4500D075E700201D
:104AF0000FB03CBC90469946A246AB46F0BDC046BE
:104B00000000FCFF00401C4630B593B030216A46DF
:104B100001235218137083690400C0681193FEF7D3
:104B200087F90D90E068FEF787F90E90E068FEF7D0
:104B300089F90F90E068FEF787F940226B469B18D1
:104B4000187004A90CA80AF08FF9049812490BF008
:104B500041F8E0680499FDF7FBFF0122A16807A86E
:104B6000FDF77CFEA0680021FDF788FE012105907D
:104B7000A068FDF783FE6A4605AD686009ABA068D2
:104B8000039532CB32C2079A089B0499FDF7A0FE29
:104B9000002013B030BDC0460024744BF0B5C646AB
:104BA000060000B500200BF00FFF041E6DD080271B
:104BB0000123FF00984631E08025AD042C4228D027
:104BC0000A200CF007F90A2863D800200BF0DAFF5E
:104BD00028000BF0C3FE0BF093FA0400B068FDF759
:104BE00075FE21000AF058FBB068FDF76FFE220049
:104BF00001003000FFF7C6FE3000FFF785FF2648B2
:104C00000BF0C0FFF068FEF71DF9B3690138984258
:104C100032D900200BF0D8FE041E36D03C42CBD057
:104C20000A200CF0D7F80A2833D800200BF0AAFF8E
:104C30008020C0000BF092FE0BF062FA0500B06815
:104C4000FDF744FE29000AF027FBB068FDF73EFEA1
:104C50002A0001003000FFF795FE3000FFF754FFF7
:104C6000F068FEF7EFF8B36901389842A4D80CF069
:104C700073F8434633759FE70CF06EF84346002007
:104C800033750BF0A1FE041EC8D1002004BC904671
:104C9000F0BD09204042F9E7E5470A00F0B5CE46ED
:104CA00047460400002380B5237597B0A361080030
:104CB0006160FDF713FDA0606068FDF711FD250040
:104CC000E060FDF753FF103504220100280016F0C4
:104CD0006AFC2900200001F0A9FD80466068FDF70C
:104CE00003FD2900070007F0A1F860680521FDF722
:104CF000EDFC0A200CF06EF80A2800D99DE0442350
:104D0000012204AEF25401230022049205930423ED
:104D1000B3624B4B3000B3630BF08AFB6068FDF766
:104D2000E5FC052834D16068FDF7D6FCFDF728FCCA
:104D300000280AD06068FDF7CFFC0021FDF718FCC1
:104D40002000FFF72BFF00283FD1A068FDF7BCFD36
:104D5000A3690500834254D8237D002B3AD1380043
:104D600007F07CF90028D9D06068FDF7BBFC05008E
:104D70003900300007F02EF93100280006F0DAFF84
:104D8000300010F09BFC6068FDF7B0FC0528CAD02D
:104D90000A200CF01FF80A280AD800200BF0F2FBBA
:104DA00006216068FDF792FC0021E068FDF7B2FE85
:104DB0000021A068FDF728FD0021E068FDF7ACFEAA
:104DC000E0680021FDF79CFE002017B00CBC904667
:104DD0009946F0BDA36829002000994601F01EFD08
:104DE000494602003000FDF74FFDA068691CFDF741
:104DF0000BFDA3699D42B2D106216068FDF766FCF8
:104E0000ADE7A36801002000994601F007FD49467F
:104E100002003000FDF748FD43466A46029307ABA7
:104E200003CB03C2380031687268B36807F0C6F973
:104E3000A068691CFDF7E8FC8EE70248C5E7C0469C
:104E40003C060000F1550000002300B583B00022AD
:104E50000021009302480DF0DDFC03B000BDC04608
:104E60003003002010B5040001F0D2FC024B2000FA
:104E70000833236010BDC046CCE40100F0B5D6462F
:104E80004F4646468046C0B5C0688EB092460E007A
:104E9000FDF7B4FF43460100814640469F6801F09C
:104EA000BDFC3900020004A8FDF7EEFC5346002BC0
:104EB00073D09A003100B21800270026002508C9D7
:104EC0001B041C0C36196F418A42F7D143465246E7
:104ED0009D6A5C6930000023390012F07DFD12F0FC
:104EE000D1FD15F0D7FB304B002213F0BBFD12F0C3
:104EF000ABFD2A1C21000AF0B1F843469E684B46E0
:104F00005D1E2900041C404601F088FC31000200AF
:104F100009A8FDF7B9FC2549201C13F009FA4346FE
:104F2000D96A13F03BF8434629000C9040469C6830
:104F300001F074FC6A4602900CAB03CB03C2200064
:104F40000A9A09990B9BFDF72FFC4B465C1C4346C4
:104F5000D8680594FDF742FF0100484612F0D8FBDF
:104F60000130049010F056FD13F040FD43464946D1
:104F7000089040469D6801F051FC6A46029007ABDC
:104F800003CB03C228000499069B059AFDF70CFC8D
:104F900043462100D868FDF7BFFD00200EB01CBCC1
:104FA00090469946A246F0BD0000E03F00007A44DA
:104FB00070B5050092B00A200C000BF00BFF0A2818
:104FC00039D8002C08D00020012C01D012B070BDBF
:104FD0000BF0D8FA0020F9E7012444236A46D454A0
:104FE00003220023009201930222012302920393E1
:104FF0000223A868049309940A940B94FDF714FC07
:10500000061CE868FDF7BAFD011C301C13F090F98E
:10501000061CE868FDF7B4FD011C301C12F0BEFF51
:1050200012F0FAFC03380D900E9068460F940BF0C6
:10503000FFF90020CAE70148C8E7C046F155000063
:10504000F0B504008BB0C0680E00FDF7D5FE002857
:1050500000D1B5E0012821D1E068FDF7CFFE0500C1
:10506000E068FDF7BBFE0100280012F037FCE068A5
:105070000D00FDF7B3FE0138854200D1D0E0E068B5
:10508000FDF7BCFE0500E068FDF7A8FE0700E0683C
:10509000FDF778FD7843854200DBBCE0E068FDF772
:1050A000A3FE002800DC87E0E068FDF76DFD15F049
:1050B000F1FA00225D4B14F0B1FE5D4B5D4A14F035
:1050C00041FC12F0C1FC85010700E068FDF78CFE91
:1050D0002B002D1A9D429B415B42ED1A80235B0100
:1050E0009D4264D23800402F5FD803032B433360C6
:1050F00015F0AAFA0022504B14F024FC06002800F8
:105100000F0015F0A1FA4D4A4D4B14F01BFC0200A4
:105110000B003000390014F081FE15F003FB0790FE
:10512000E068A568FDF76AFE0100200001F076FB4B
:105130006A46029008AB03CB03C228000599069A81
:10514000079BFDF731FBE068FDF74AFEE5680028A4
:1051500016D12800FDF748FE0600E068FDF73AFE8C
:10516000041C300013F0FCFB211C13F0FBF913F0BE
:10517000D7FB01002800FDF7C9FC00200BB0F0BDF3
:105180002800FDF731FE0600E068FDF723FE041C51
:10519000300013F0E5FB211C12F064FD13F0C0FB9E
:1051A00001002800FDF7B2FCE7E740209DE738004A
:1051B000244D402F99D9F8E7E068FDF7E7FC76E742
:1051C000E068FDF7D5FC051CE068FDF7D5FC011C87
:1051D000281C12F0D9FB002818D10021E068FDF747
:1051E00091FCE5682800FDF7C3FC15F053FA164A58
:1051F000164B14F0A7FB15F0C1F901002800FDF7CC
:1052000085FC0121E068FDF785FC47E70121E068A6
:10521000FDF778FCE5E70521E068FDF77BFC3DE75D
:105220000021E068FDF776FC29E7C04600006940F0
:1052300001CA9D3FCA1DA0DC00304140111331114D
:105240001331E13FFF0F0000C853823C25C8FD3FEA
:10525000F0B5D64646464F46C0B5040086B0C06895
:10526000FDF7DAFD0600E068FDF7D8FD0500E0680F
:10527000FDF7CEFD13F054FB00284BD0236A834288
:105280004FDAC01A13F06CFB011CE0680027FDF731
:105290004DFC002D4CD18020A369800198460AF076
:1052A00091F98246002F4CD1002D00D098E0E3699F
:1052B000994669462000FFF7C3FE53464A48C82274
:1052C0000340180080231B061843484B1206029324
:1052D000009B01901B021B0A134303930A230493B0
:1052E000002E6CD0A0234A46DB021343FA221B0295
:1052F00012061B0A13434046052201A905930AF032
:10530000BBFF3900E068FDF715FC69426941E068C0
:10531000FDF712FC002006B01CBC90469946A24640
:10532000F0BD0021E0680127FDF700FC002DB2D0A0
:105330008020E369800198460AF044F98246002FF4
:10534000B2D0052369464344200099468027FFF7E1
:1053500077FE5346C82224483F0603401F43234B91
:1053600012060293009B701E86411B021B0A134308
:1053700003930A23E0200493F3237642C0043040D1
:105380001B06A0269C464B46F6021E43360260448E
:10539000360A064301A940460522019705960AF000
:1053A0006BFF0023029303930493812305221B06C2
:1053B000484601A9019705930AF05EFFA5E7A023DF
:1053C0004A46DB021343F3221B0212061B0A134355
:1053D0004046052201A9059301270AF04DFF90E7F9
:1053E000A369994665E7C0467FFEFF00020000A75B
:1053F000F0B5C646050000B500200BF0E5FA041E26
:1054000000D186E080278026FF00B60410E03442F9
:105410002AD1002C3FDB80208003044246D180202B
:10542000000204424BD100200BF0CEFA041E70D0D3
:105430003C42ECD08020C0000BF090FA0AF060FEF5
:105440008046A868FDF742FA414609F025FFA868A2
:10545000FDF73CFA424601002800FFF70FFD280047
:10546000FFF7F6FE3442D4D0802080040BF076FAA9
:105470000AF046FE8046A868FDF728FA414609F082
:105480000BFFA868FDF722FA424601002800FFF74B
:10549000F5FC002CBFDA802000060BF05FFA02203A
:1054A0000BF0F8FA802080030442B8D00BF056FAD3
:1054B00002200BF0EFFA802000020442B3D00BF080
:1054C0004DFA0AF01DFE0400A868FDF7FFF921005F
:1054D00009F0E2FEA868FDF7F9F9220001002800B2
:1054E000FFF7CCFC0A200BF075FC0A2802D800203C
:1054F0000BF048F806216868FDF7E8F80021E86835
:10550000FDF708FB0BF028FC00200BF05DFA041EF1
:105510008ED1002004BC9046F0BDC046F0B504001A
:1055200083B0C068FDF738FB6061A068FDF77AF9C9
:10553000A168A0626846FDF781F9009BE068E3621C
:10554000FDF76EFCA061E068FDF76CFCE061E068CF
:10555000FDF760FC2062E068FDF70EFB061CE068CA
:10556000FDF706FB071CE068FDF734FC391C051C41
:10557000301C12F0F7FF15F08DF80A4A0A4B14F0B0
:10558000E1F90600281C0F0015F084F802000B005A
:105590003000390013F0D0FD14F0F0FF60620020FD
:1055A00003B0F0BDC853823C25C8FD3FF0B5C646E8
:1055B000040000B561608AB00800FDF78FF8A060B4
:1055C0006068FDF78DF82700E060FDF7CFFA10372F
:1055D00004220100380015F0E6FF3900200001F038
:1055E00025F980466068FDF77FF83900050006F070
:1055F0001DFC2000FFF792FF2000FFF729FE6068E6
:105600000521FDF763F800212000FFF7D1FC04E03D
:10561000280006F023FD002834D16068FDF766F805
:10562000052843D16068FDF757F8FCF7A9FF00286B
:10563000EED06068FDF750F80021FCF799FF2000DC
:10564000FFF7D6FEA068FDF73FF90700E068FDF719
:10565000D5FB0138B842DBDD39002000A66801F037
:10566000DDF83100020005A8FDF70EF905990029C3
:1056700035D1A068791CFDF7C7F8280006F0EEFCCC
:105680000028CAD06068FDF72DF80700290005A89A
:1056900006F0A0FC05A9380006F04CFB05A810F0A8
:1056A0000DF86068FDF722F80528BBD00A200BF042
:1056B00091FB0A2802D800200AF064FFA0680021AC
:1056C000FDF7A2F8E0680021FDF726FAE068002166
:1056D000FDF716FA00200AB004BC9046F0BD434620
:1056E0006A46029308AB41CB41C22800069A079B49
:1056F00006F0EEFDBDE7C046002300B583B00022F2
:105700000021009302480DF085F803B000BDC046AB
:105710003803002010B5040001F07AF8024B200095
:105720000833236010BDC046D8E40100F0B5DE4662
:1057300057464E464546E0B5060091B0C068049213
:105740000F00FDF729FA8146B068FDF76BF8B168E4
:1057500082460BA8FDF772F80B99F0680591FDF7EA
:105760004DFBB1688B46411E3000884601F056F86B
:105770005946020006A8FDF787F8049B002B67D066
:105780003A00002000219F00D719002508CA1B04F9
:105790001C0C00196941BA42F7D112F073F9041CCC
:1057A000049813F023F9011C201C12F0F7FB14F0ED
:1057B00071FF2B4B002213F055F912F045F95246B8
:1057C000494609F04BFCB369041C591E3000B5680A
:1057D00001F024F8290002000BA8FDF755F8214933
:1057E000201C12F0A5FD059912F0D8FBB3690E90AC
:1057F000591E3000B46801F011F86A4602900EABF1
:1058000003CB03C220000C9A0B990D9BFCF7CCFF35
:10581000F068FDF7E3FAB3690130013307930690AE
:1058200010F0F8F813F0E2F841460A903000B4683E
:1058300000F0F4FF6A46029009AB03CB03C22000DC
:10584000089B0699079AFCF7AFFFB3690133B36170
:10585000002011B03CBC90469946A246AB46F0BD34
:105860000000E03F00007A4470B5050092B00A20C5
:105870000C000BF0AFFA0A2845D8002C08D0002005
:10588000012C01D012B070BD0AF07CFE0020F9E7B7
:10589000012444236A46D454012201230092019337
:1058A0000223A86802930A94FCF7BEFF0021061C9D
:1058B000E868FDF7A9FA011C301C12F039FD14F05C
:1058C000E9FE124A124B14F03DF812F0BDF80E90AA
:1058D000A8680B94FCF7A8FF0121041CE868FDF7F9
:1058E00093FA011C201C12F023FD14F0D3FE074A8A
:1058F000074B14F027F812F0A7F80F9068460AF04B
:1059000097FD0020BEE70348BCE7C046FCA9F1D2E2
:105910004D62503FF1550000F0B5DE4657464E4609
:105920004546E0B5040095B0C068FDF775FA0590EE
:10593000E068FDF773FA8046E068FDF771FA81468A
:10594000E068FDF76FFA43460700002B00D0A4E0A3
:10595000E068FDF719F914F09DFE0022BF4B14F02A
:105960005DFABF4ABF4B13F0EDFF12F06DF8012155
:1059700086010500E068FDF743FACA46814630001B
:1059800014F062FE06900791484614F083FEB64A72
:10599000B64B13F0D7FF02000B000698079914F0DE
:1059A0003DFA12F051F8B946B042B6417642831B37
:1059B0009B4680235B019B4501D3AD4B9B46402D0D
:1059C00000D94025280014F03FFE0022A94B13F017
:1059D000B9FF060058460F0014F036FEA64AA74B42
:1059E00013F0B0FF02000B003000390014F016FA7B
:1059F00014F098FEE6680A903000FDF7FFF9411CAC
:105A00003000FDF789F8E068A668FDF7F7F90100B6
:105A1000200000F003FF6A4602900BAB03CB03C2E9
:105A200030000899099A0A9BFCF7BEFEE068FDF772
:105A3000D5F90600E068FDF7A5F8864200DA91E0A6
:105A40008020800109F0BEFD8D4B0722034080209D
:105A50000006184300230E930F9310931193129393
:105A600081230D901B0650460DA913930AF004FCE8
:105A7000414648424141E068FDF75EF80121059B3F
:105A8000E0684B40D9B2FDF755F8002015B03CBC9A
:105A900090469946A246AB46F0BD8246E068012B8F
:105AA00011D0FDF771F814F0F5FD00226B4B14F0E6
:105AB000B5F96B4A6B4B13F045FF11F0C5FF0500BC
:105AC0008601002070E7FDF7A3F9002111F066FFC1
:105AD000002800D085E0E5682800FDF799F9FE214F
:105AE000890512F03FFD011C2800FDF71FF8E5684D
:105AF0002800FDF73FF80021061CE068FDF780F95B
:105B0000011C301C12F0AEF8011C2800FCF7DAFF73
:105B1000E068FDF739F814F0BDFD00224F4B14F09A
:105B20007DF94F4A4F4B13F00DFF11F08DFF8601A9
:105B30000500E068FDF71EF8071C300014F084FD36
:105B400006900791381C14F0A5FD474A474B13F007
:105B5000F9FE02000B000698079914F05FF911F0A6
:105B600073FF21E78020800109F02CFD454B0202E4
:105B7000120A13430600E0680D93FDF701F842494D
:105B800012F0D6FB11F048FF800080080E903C48D0
:105B90003E4B0640802010935B4600060643C8201B
:105BA0002D031D430A230006054305981293431E47
:105BB0009841C023F4224042DB0403401206E02057
:105BC00094464A46C002104300026344000A184348
:105BD0001390072250460DA90F9611950AF04CFB21
:105BE00046E7E068FDF7FAF80500E068FCF7CAFF51
:105BF000854200DB6FE7E068FCF7BEFF051CE0684C
:105C0000FCF7B6FF011C281C12F0ACFC0021051C9F
:105C1000E068FDF7F5F8011C281C12F0BFF914F03C
:105C200039FD00221A4B12F01DFF14F0A7FC12F0F0
:105C300097FE011CE068FCF779FFE5682800FDF796
:105C4000CDF8411C2800FCF75BFFE5682800FCF755
:105C50008FFF011C2800FCF735FF59E70000694061
:105C6000CA1DA0DC01CA9D3FC853823C25C8FD3F28
:105C7000FF0F000000304140111331111331E13F9B
:105C8000FFFEFF000001008000007A46020000A72E
:105C90000000E03FF0B5C646050000B50A200BF055
:105CA00099F80A2800D989E000200AF06BFF00204B
:105CB0000AF08AFE041E7DD080260023F600984656
:105CC00012E080208004044238D1002C4BDB80207D
:105CD0008003044252D180200002044257D10020A8
:105CE0000AF072FE041E65D03442EAD08020C00063
:105CF0000AF034FE0AF004FA0700A868FCF7E6FD93
:105D0000390009F0C9FAA868FCF7E0FD3A00010083
:105D10002800FFF70BFD2F002800FFF7FDFD43468D
:105D20001C3738006B7709F089FD012338006B7749
:105D300009F084FD802080040442C6D00AF00EFEE3
:105D40000AF0DEF90700A868FCF7C0FD390009F089
:105D5000A3FAA868FCF7BAFD3A0001002800FFF793
:105D6000E5FC002CB3DA802000060AF0F7FD0220E3
:105D70000AF090FE802080030442ACD00AF0EEFDD1
:105D800002200AF087FE802000020442A7D00AF019
:105D9000E5FD0A200BF01EF80A2802D800200AF0C0
:105DA000F1FB0AF0D9FF012300202B750AF00CFE4D
:105DB000041E99D1002004BC9046F0BD0048FAE7CB
:105DC000F1550000F0B5C6460400002500B561603D
:105DD0008AB008002575A561FCF780FCA0606068AA
:105DE000FCF77EFC2700E060FCF7C0FE10370100E6
:105DF0000422380015F0D7FB3900200000F016FD12
:105E00000123002223772433E5540333E584E2544D
:105E10000223FF33E3834F4B804623626068FCF725
:105E200063FC3900050006F001F860680521FCF705
:105E30004DFC00212000FFF717FD07E0237D002B1C
:105E40003DD1280006F00AF9002856D16068FCF719
:105E50004DFC052865D16068FCF73EFCFCF790FB23
:105E60000028EBD06068FCF737FC0021FCF780FBD2
:105E70002000FFF70FFFA068FCF726FDA369471C71
:105E800001009F42DAD22000A66800F0C7FC310072
:105E9000020005A8FCF7F8FC43466A46029308ABEB
:105EA00003CB03C22800079B0599069A06F010FA57
:105EB0003900A068FCF7A8FC237D002BC1D0A068A6
:105EC000FCF702FD010007002000A66800F0A6FC18
:105ED0003100020005A8FCF7D7FCA068791CFCF78C
:105EE00093FCA369BB42ACD160680621FCF7EEFBD2
:105EF000280006F0B3F80028A8D06068FCF7F2FB91
:105F00000700290005A806F065F805A9380005F086
:105F100011FF05A80FF0D2FB6068FCF7E7FB05282E
:105F200099D00A200AF056FF0A2802D800200AF069
:105F300029FBA0680021FCF767FCE0680021FCF762
:105F4000EBFDE0680021FCF7DBFD00200AB004BC9B
:105F50009046F0BD01010100002300B583B000228E
:105F60000021009302480CF055FC03B000BDC04670
:105F700040030020002300B583B0002200210093DD
:105F800002480CF047FC03B000BDC04648030020A7
:105F900010B5040000F03CFC024B200008332360E5
:105FA00010BDC046E4E40100F0B5DE4657464E465B
:105FB0004546E0B5060091B0C06804920F00FCF7BA
:105FC000EBFD8146B068FCF72DFCB16882460BA85A
:105FD000FCF734FC0B99F0680591FCF70FFFB168F2
:105FE0008B46411E3000884600F018FC59460200DE
:105FF00006A8FCF749FC049B002B67D03A00002060
:1060000000219F00D719002508CA1B041C0C001989
:106010006941BA42F7D111F035FD041C049812F021
:10602000E5FC011C201C11F0B9FF14F033FB2B4BD5
:10603000002212F017FD11F007FD5246494609F003
:106040000DF8B369041C591E3000B56800F0E6FB7A
:10605000290002000BA8FCF717FC2149201C12F0B4
:1060600067F9059911F09AFFB3690E90591E300037
:10607000B46800F0D3FB6A4602900EAB03CB03C2B8
:1060800020000C9A0B990D9BFCF78EFBF068FCF737
:10609000A5FEB36901300133079306900FF0BAFCF7
:1060A00012F0A4FC41460A903000B46800F0B6FB40
:1060B0006A46029009AB03CB03C22000089B0699F5
:1060C000079AFCF771FBB3690133B361002011B08B
:1060D0003CBC90469946A246AB46F0BD0000E03F6E
:1060E00000007A4470B5050092B00A200C000AF056
:1060F00071FE0A2845D8002C08D00020012C01D0C0
:1061000012B070BD0AF03EFA0020F9E701244423E2
:106110006A46D45401220123009201930223A86805
:1061200002930A94FCF780FB0021061CE868FCF748
:106130006BFE011C301C12F0FBF814F0ABFA124A93
:10614000124B13F0FFFB11F07FFC0E90A8680B942C
:10615000FCF76AFB0121041CE868FCF755FE011CF2
:10616000201C12F0E5F814F095FA074A074B13F0DB
:10617000E9FB11F069FC0F9068460AF059F900201C
:10618000BEE70348BCE7C046FCA9F1D24D62503FD0
:10619000F1550000F0B5DE4645464E465746E0B59F
:1061A000040097B0C068FCF737FE0590E068FCF784
:1061B00035FE0500E068FCF733FE8046E068FCF73A
:1061C00031FE002306000993002D5CD1E7683800FA
:1061D000FCF71EFEFE21890512F0C4F9011C3800EF
:1061E000FCF7A4FCE7683800FCF7C4FC00218146FA
:1061F000E068FCF705FE011C484611F033FD011C68
:106200003800FCF75FFCE068FCF7BEFC071CE068A8
:10621000FCF7FEFD002111F0C1FB002800D05EE17B
:10622000381C14F037FA0022B24B13F0F7FDB24AD3
:10623000B24B13F087FB11F007FC83018246E06844
:106240009B46FCF797FC0121071CE068FCF7D8FD92
:10625000C1468046584614F0F7F90690079141462A
:10626000381C11F0FFFC14F015FAA54AA54B13F0E9
:1062700069FB02000B000698079913F0CFFD11F09F
:10628000E3FBB0463DE08146E068FCF7C1FD00213C
:1062900011F084FB002800D0ECE0E068FCF774FC0F
:1062A00014F0F8F90022934B13F0B8FD934B924A87
:1062B00013F048FB11F0C8FB830182469B46002087
:1062C000012D1ED10121E068FCF79AFD061CE06853
:1062D000FCF750FC011C301C12F044F914F0DAF900
:1062E000874A884B13F02EFB060058460F0014F027
:1062F000ABF902000B003000390012F0B3FB11F0D3
:10630000A3FB58459B415B42C31A9B4680235B011C
:106310009B4501D37C4B9B465346402B01D94023E0
:106320009A46504614F090F90022784B13F00AFB7D
:10633000060058460F0014F087F9754A754B13F0A4
:1063400001FB02000B003000390013F067FD14F070
:10635000E9F9E6680C903000FCF750FD411C300074
:10636000FCF7DAFBE068A668FCF748FD01002000B6
:1063700000F054FA6A4602900DAB03CB03C2300022
:106380000A990B9A0C9BFCF70FFAE068FCF726FDC4
:106390000600E068FCF7F6FB86422BDB012008F0E4
:1063A000BBFB80200021400009F0B4F981200006E9
:1063B00008F078FB09A908A808F0A0FB002008F065
:1063C000ABFB4846099A089909F056FF69426941B2
:1063D000E068FCF7B1FB0121059BE0684B40D9B2B6
:1063E000FCF7A8FB002017B03CBC90469946A2469B
:1063F000AB46F0BD8020800109F0E4F8464B020274
:10640000120A13430600E0680F93FCF7B9FB4349F7
:1064100011F08EFF11F000FB8000800810904048C2
:10642000404B064080201293534600060643180353
:106430005B461843C8231B0618430A23139005988C
:106440001493431E9841C023F4224042DB040340CE
:106450001206E02094464246C00210430002634404
:10646000000A18431590072248460FA9119609F013
:1064700003FFABE7E068FCF7B1FC0600E068FCF75F
:1064800081FB864200DB08E7E068FCF775FB061C31
:10649000E068FCF76DFB011C301C12F063F8002172
:1064A000061CE068FCF7ACFC011C301C11F076FD0A
:1064B00014F0F0F800221C4B12F0D4FA14F05EF83D
:1064C00012F04EFA011CE068FCF730FBE668300081
:1064D000FCF784FC411C3000FCF712FBDDE6E368AE
:1064E00018009946FCF744FB011C4846FCF7EAFA01
:1064F00096E6C04600006940CA1DA0DC01CA9D3F67
:10650000C853823C25C8FD3FFF0F000000304140CA
:10651000111331111331E13F0001008000007A4670
:10652000FFFEFF00020000A70000F83FF0B5C646DE
:10653000050000B50A200AF04DFC0A2800D989E0C0
:1065400000200AF01FFB00200AF03EFA041E7DD056
:1065500080260023F600984612E080208004044242
:1065600038D1002C4BDB80208003044252D18020A4
:106570000002044257D100200AF026FA041E65D01A
:106580003442EAD08020C0000AF0E8F909F0B8FDF2
:106590000700A868FCF79AF9390008F07DFEA868A2
:1065A000FCF794F93A0001002800FFF7FDFC2F00EA
:1065B0002800FFF7EFFD43461C3738006B7709F0E2
:1065C0003DF9012338006B7709F038F98020800409
:1065D0000442C6D00AF0C2F909F092FD0700A8688B
:1065E000FCF774F9390008F057FEA868FCF76EF95B
:1065F0003A0001002800FFF7D7FC002CB3DA802016
:1066000000060AF0ABF902200AF044FA8020800369
:106610000442ACD00AF0A2F902200AF03BFA802032
:1066200000020442A7D00AF099F90A200AF0D2FB2E
:106630000A2802D8002009F0A5FF0AF08DFB0123EB
:1066400000202B750AF0C0F9041E99D1002004BC6B
:106650009046F0BD0048FAE7F1550000F0B5C64697
:106660000400002500B561608AB008002575A561A9
:10667000FCF734F8A0606068FCF732F82700E060AF
:10668000FCF774FA103701000422380014F08BFF75
:106690003900200000F0CAF80123002223772433B8
:1066A000E5540333E584E2540223FF33E3834F4B85
:1066B000804623626068FCF717F83900050005F092
:1066C000B5FB60680521FCF701F800212000FFF709
:1066D00009FD07E0237D002B3DD1280005F0BEFC1D
:1066E000002856D16068FCF701F8052865D160687C
:1066F000FBF7F2FFFBF744FF0028EBD06068FBF7E5
:10670000EBFF0021FBF734FF2000FFF70FFFA0682D
:10671000FCF7DAF8A369471C01009F42DAD2200097
:10672000A66800F07BF83100020005A8FCF7ACF881
:1067300043466A46029308AB03CB03C22800079B7B
:106740000599069A05F0C4FD3900A068FCF75CF8CD
:10675000237D002BC1D0A068FCF7B6F8010007002C
:106760002000A66800F05AF83100020005A8FCF7E6
:106770008BF8A068791CFCF747F8A369BB42ACD141
:1067800060680621FBF7A2FF280005F067FC0028DF
:10679000A8D06068FBF7A6FF0700290005A805F050
:1067A00019FC05A9380005F0C5FA05A80EF086FF0A
:1067B0006068FBF79BFF052899D00A200AF00AFBC6
:1067C0000A2802D8002009F0DDFEA0680021FCF7AD
:1067D0001BF8E0680021FCF79FF9E0680021FCF756
:1067E0008FF900200AB004BC9046F0BD0101010001
:1067F000002300B583B000220021009302480CF072
:1068000009F803B000BDC0465003002000207047C7
:10681000014B083303607047F8E40100080010B52D
:106820000A2111F05BF8080010BDC04670B50C00DD
:106830002749200014F077FE012300280FD0200004
:10684000244914F070FE002833D02578432D08D158
:106850006378412B05D1A2783E3B002A01D1180074
:1068600070BD20001C4914F05EFE002823D0432D8B
:1068700002D16378562B20D02000184914F053FE23
:10688000002821D02000164914F04DFE002819D010
:106890002000144914F047FE002817D020001249A8
:1068A00014F041FE431E98410822434293430933AA
:1068B000D5E70223D3E70423D1E7A278513B002A8E
:1068C000CDD0D9E70723CAE70623C8E70823C6E7E0
:1068D000F0E40100F4E4010070E4010078E4010058
:1068E0007CE4010080E4010084E40100002300B5A1
:1068F00083B000220021009302480BF08BFF03B00D
:1069000000BDC0465803002010B5040003F016FB7C
:10691000024B20000833236010BDC04604E501008F
:10692000F0B5C64600B50500D0B0012008F0F4F877
:106930000021814808F0EEFE002300260CA8037316
:106940007E4B46810C937E4B15AC46720D9308F03E
:1069500075FFA8682662FBF76DFF0223FF332063F3
:106960002387A868FA3B6362FBF772FFA062E868BE
:10697000FCF73EFAE06243425841802340429B00CC
:106980001840704B15969C4660446063E868FCF7BD
:10699000FBF813F07FFE00226B4B13F03FFA6B4ABB
:1069A0006B4B12F0CFFF11F04FF800210600A083CF
:1069B000E868FCF725FA80463004800A13F014FEDC
:1069C000060040460F0013F065FE624A624B12F06B
:1069D000B9FF02000B003000390013F01FFA11F06C
:1069E00033F8A38B82B262839B019A4201DD013AA4
:1069F0006283162300262361EA3323832000666026
:106A0000A660E660666109F0BFF9402124A808F09D
:106A10001FFB02232122E86824922593FCF7BCF88F
:106A200001242690E8682A94FCF7BEF8431C32D172
:106A30006B46AD22E8689B181C70FCF7B1F8431C4C
:106A400036D16A46AE2100235218137024A809F0EB
:106A50000FFA0022002334A83492359336923793EC
:106A600009F074F801213D4808F054FE002009F0B7
:106A700067FC8120000608F015F8002008F04CF8AB
:106A80000BA90AA808F03AF8041E22D0200050B042
:106A900004BC9046F0BDAD226B46E8689B181E70A2
:106AA000FCF782F82790E868FCF77AF8431CC8D016
:106AB000AE216A4601235218E8681370FCF768F8A3
:106AC000AC226B469B181870E868FCF769F82890B0
:106AD000BCE704AE0022A968300010AFFBF7BEFE91
:106AE0003B0007CE07C3380006CE06C3142108F0CA
:106AF000AFFAA868FBF794FE0B9B984219D9A868D7
:106B00001094FBF78BFE69460A9B78603B610B9BF8
:106B10000200BB60A86813AB029460CB60C11099FF
:106B20000B9BFBF723FE78680B9A0A9909F0A4FBEC
:106B3000ACE70B4CAAE7C046E0FF390001010101B8
:106B4000010101003420000000006940CA1DA0DCE2
:106B500001CA9D3FC853823C25C8FD3FA0000100EB
:106B60000B520000F0B5DE4646464F4600238046F5
:106B7000C0B5C06892B00793FCF758F94346DC688B
:106B800083462000FCF73AF901002000FCF73CF9AD
:106B9000011C2000FBF7CAFF5B46002B00DC2FE145
:106BA000002700233D0099464346D868FBF7ECFFD9
:106BB00013F070FD0022944B13F030F9934A944B7C
:106BC00012F0C0FE10F040FF434684012900060089
:106BD000D868FCF715F9071C200013F035FD049068
:106BE0000591381C13F056FD8A4A8B4B12F0AAFE11
:106BF0000B0002000498059913F010F910F024FF1F
:106C0000A042A44180236442041B5B019C4200D348
:106C1000824C3000402E00D94020002D00D1C9E028
:106C200013F012FD00227E4B12F08CFE06002000B5
:106C30000F0013F009FD7B4A7B4B12F083FE02002C
:106C40000B003000390013F0E9F813F06BFD4346F8
:106C50002A00011C0135D868FBF760FFAB45A3D1C2
:106C6000434608A899680022FBF7F8FD4346002236
:106C700099680DA8099CFBF7F1FD0F9B9C460493B6
:106C8000434664442100D868FBF758FF4346A51DDE
:106C90002900D868FBF754FF43460021D868FBF76A
:106CA0004BFF43460121D868FBF744FF012007F062
:106CB00033FF80200021400008F02CFD5B4807F0E6
:106CC000F1FE80200121400008F024FD494658488B
:106CD00008F080FB0A2007F0E5FE2B0255481B0A4E
:106CE000184307F0DFFE07AB190008A807F006FFFE
:106CF000002007F011FF43460DA899680122FBF719
:106D0000ADFD089B6A4611930123029310AB41CB62
:106D100041C24046079B220001218068FBF726FD07
:106D2000079A0899200009F0A7FA012007F0F4FE5D
:106D300080200021400008F0EDFC3C4807F0B2FE46
:106D400080200121400008F0E5FC4946384808F061
:106D500041FB0A2007F0A6FE24023748240A2043FC
:106D600007F0A0FE07A908A807F0C8FE002007F05A
:106D7000D3FE43460DA899680222FBF76FFD089BDE
:106D80006A461193434698680223029310AB12CBD4
:106D900012C22A00079B0221FBF7E8FC2800079A91
:106DA000089909F069FA002012B01CBC9046994677
:106DB000A346F0BD03032343994613F045FC00228C
:106DC000174B12F0BFFD060020000F0013F03CFC33
:106DD000144A154B12F0B6FD02000B0030003900CA
:106DE00013F01CF813F09EFC4346011C0022D868E7
:106DF000FBF794FE5B46012B00D131E70135D3E66A
:106E0000002399462CE7C04600006940CA1DA0DC5B
:106E100001CA9D3FC853823C25C8FD3FFF0F0000BB
:106E200000304140111331111331E13F020000A73E
:106E300020210000000006F4000006FAF0B5C64666
:106E400000B5040098B00A2009F0C4FF0A2856D8FB
:106E500080235B040C9301230B9300230BA80D9359
:106E600009F084F9E068FBF7C3FF00283BD020005D
:106E700003F06AF80021002009F034F901230EAD77
:106E80002B70A06802331193FBF7C6FC0223286124
:106E900028006B60AB6009F0F9F80120404209F06E
:106EA0005DFDE068FBF7C0FF5349002829D0E0688A
:106EB000FBF712FE5049E068FBF710FEA068FBF7F5
:106EC00005FDFA2107F004FE2000FFF729FD051E4D
:106ED00004D12000FFF746FE051E1AD0280018B086
:106EE00004BC9046F0BDA068FBF7A0FC0023139003
:106EF00000221399A0681493FBF72AFCBAE73F4DD0
:106F0000ECE7E068FBF7E8FD3D49E068FBF7E6FDEC
:106F1000D4E704AB984613AFA16818000022FBF732
:106F20009DFC3B00424643CA43C303CA03C3380027
:106F30003D7309F0B7F9012009F052F9139809F0EF
:106F400091F96A46029516AB03CB03C2BB6813994D
:106F50007A68A068FBF70AFC0120404209F0FEFCB9
:106F6000A16840460122FBF779FC3B00424643CA38
:106F700043C303CA03C338003D7309F093F90123E7
:106F80006A46029316AB03CB03C2BB6813997A68B7
:106F9000A068FBF7EBFBA16802224046FBF75EFC12
:106FA00046463B0007CE07C3380006CE06C33D73F6
:106FB00009F078F902236A46029316AB03CB03C2A9
:106FC0007A68BB681399A068FBF7D0FB002009F032
:106FD00007F900210B4808F0FDF9012009F000F93C
:106FE0006068FBF779FB0021FBF7C2FA0321002060
:106FF00008F0EAFB72E7C0460080A2440952000094
:10700000000048436420000010B5040008006160DF
:10701000FBF764FBA0606068FBF762FBE0602000A8
:10702000FFF70CFF10BDC04610B5040002F086FF4C
:10703000024B20000833236010BDC04610E501005C
:10704000F0B5C64600B50500AEB0012007F064FDFE
:107050000021784808F05EFB0023002606A8037391
:10706000754B46810693754B0FAC0793467208F03B
:10707000E5FBA8682662FBF7DDFB0223FF332063F4
:107080002387A868FF3B6362FBF7E2FBA062E86826
:10709000FBF7AEFEE06243425841802340429B0032
:1070A000184034306063E8680F96FBF761FD0021FB
:1070B00010F07EFC002800D1B6E0E868FBF764FD24
:1070C00013F0E8FA00225E4B12F0A8FE5D4A5E4B18
:1070D00012F038FC10F0B8FC86B2E868A683FBF723
:1070E00047FD8046B00113F07FFA060040460F00CE
:1070F00013F0D0FA554A564B12F024FC02000B0054
:107100003000390012F08AFE10F09EFC1423002695
:107110002361EC332383608320006660A660E66011
:10712000666108F031FE40211EA807F091FF02239E
:107130002122E8681E921F93FBF72EFD0124209068
:10714000E8682494FBF730FD431C22D16B4695225E
:10715000E8689B181C70FBF723FD431C26D16A4688
:1071600096210023521813701EA808F081FE81207A
:10717000000607F097FC002007F0CEFC05A904A844
:1071800007F0BCFC041E22D020002EB004BC9046A8
:10719000F0BD95226B46E8689B181E70FBF704FD56
:1071A0002190E868FBF7FCFC431CD8D096216A4686
:1071B00001235218E8681370FBF7EAFC94226B462F
:1071C0009B181870E868FBF7EBFC2290CCE70322D1
:1071D000A9680AA8FBF742FB14210AA807F038FFA8
:1071E000A868FBF71DFB059B984221D90326A868D8
:1071F0000A96FBF713FB049B0B900E93059B020072
:10720000694634200C93012309180B700B00694662
:10721000A868029660CB60C10A99059BFBF7A6FAA5
:107220000AA809F03FF8AFE7E868FBF7AFFC47E7CB
:10723000084CA9E7E0FF390001010100000101004D
:1072400000006940CA1DA0DC01CA9D3FC853823CB2
:1072500025C8FD3F0B520000F0B5040099B0012095
:1072600007F05AFC042009F06BF80121802008F097
:1072700051FAFA20000107F015FC8020012140009E
:1072800008F048FA08A907A807F038FC0500002014
:1072900007F042FC002D02D0280019B0F0BD0222F8
:1072A000A16809A8FBF7DAFA142109A807F0D0FEB3
:1072B000032213A8A168FBF7D1FA089A159B9446FC
:1072C0000593A06863441E00FBF7AAFA864226D203
:1072D0000226A1680EA803220996FBF7BFFAA1684F
:1072E00013A803220F9FFBF7B9FA079B28200D93E1
:1072F000089B02A90B93012309180B706946159A84
:10730000A068D2190A9202960CAB50CB50C10999D1
:10731000089BFBF72BFA09A808F0C4FFBCE7014D56
:10732000BAE7C0460B520000F0B5C64600B50400EF
:1073300090B0C068FBF722FC13F0ACF97D4A7E4B9D
:1073400010F0E8FA002800D1D6E0FE21E0688905B7
:10735000FBF7D2FBE5682800FBF70EFC061CE06893
:10736000FBF708FC071CE068FBF734FD391C80467E
:10737000301C11F0F7F84000400813F08BF96F4A09
:107380006F4B12F0DFFA060040460F0013F082F94F
:1073900002000B003000390011F0CEFE13F0EEF8C1
:1073A00041002800FBF7ACFBE068FBF7E3FB051CA2
:1073B000E068FBF7E1FB011C281C10F0E5FA00284F
:1073C00000D1B0E00121E068FBF79CFBE5682800F4
:1073D000FBF7CEFB13F05EF9594B584A12F0B2FAA4
:1073E00013F0CCF801002800FBF790FBE068FBF7F6
:1073F000F5FC0500E068FBF7C5FB684311F0B0FA47
:10740000011CE068FBF792FBA068FBF709FA022277
:107410000500A16806A8FBF721FA0322A1680BA8C2
:10742000089EFBF71BFA0D9B9C4666440593AD1B1B
:10743000132D00DC7CE0E0680121FBF779FBA168FB
:10744000022206A8FBF70AFA0222A1680BA8089DEF
:10745000FBF704FA0C9BE0689C4665442F0029006A
:107460000A370593FBF76AFBE0683900FBF768FB16
:10747000E0680021FBF760FBE0680021FBF74AFBB6
:10748000E0680021FBF748FBE0680121FBF752FBB5
:10749000052300260D93984602A92B33C9180E70B8
:1074A000694602960B960C950EAB05CB05C10021E3
:1074B0002A000523A068FBF759F90BA808F0F2FE93
:1074C000414630220D9102A98A18012316706A469E
:1074D000A0680B9302930C970EAB12CB12C2012142
:1074E0003A000523FBF742F90BA808F0DBFE002069
:1074F00010B004BC9046F0BDE5682800FBF73EFBE9
:1075000013F0C8F80D4A0E4B12F01CFA00220D4B76
:1075100011F0A8FA13F032F811F022FA011C280039
:10752000FBF7EAFA16E70021E068FBF7EBFA4DE714
:107530000548DDE7111331111331E13FC853823C97
:1075400025C8FD3F0000E03F0B520000F0B5D646D5
:107550004F464646C0B5040098B0C068FBF70CFB28
:10756000051CE068FBF706FB011C281C10F0FAFF65
:107570004000A149400810F025FA002800D026E17B
:10758000E068FBF751FC002800D1F7E0E068FBF76A
:10759000F3FA051CE068FBF7EDFA011C281C10F05B
:1075A00007FA002800D01AE1E068FBF7E3FA13F0CD
:1075B00071F80022914B11F055FA13F0B3F890498D
:1075C000051C10F0FFF9002800D18D4D8D49281CB5
:1075D00010F0E4F9002800D18A4DE068291CFBF77F
:1075E0007BFAE068291CFBF779FA0A2009F0F2FB24
:1075F0000A2800D9E9E080235B040C9302230B9353
:1076000000230BA80D9308F0B1FDE068FBF7F0FB39
:10761000002800D0EBE0A068FBF708F900231390E6
:1076200000221399A0681493FBF792F80021002020
:1076300008F058FD012603230EADA068984611936B
:107640002E70FBF7E9F80227286128006F60AE6012
:1076500008F01CFD0120404209F080F9A068FBF70A
:1076600035F9FA2107F034FA2000FFF7E9FC051E8E
:1076700000D0ADE02000FFF7EFFD051E00D0A7E031
:107680002000FFF751FE051E00D0A1E013AB994684
:1076900004AB9A46A16818000322FBF7DFF84B46BB
:1076A000524643CA43C303CA03C34B4648461D73ED
:1076B00008F0F8FD012008F093FD139808F0D2FDC2
:1076C00043466A46029316AB03CB03C24B4613995B
:1076D0005A68A0689B68FBF749F80120404209F00E
:1076E0003DF9A16850460222FBF7B8F84B465246D6
:1076F00043CA43C303CA03C34B4648461D7308F03D
:10770000D1FD6A46029716AB03CB03C24B461399D1
:107710005A68A0689B68FBF729F8A16800225046C8
:10772000FBF79CF856464B4607CE07C306CE06C36A
:107730004B4648461D7308F0B5FD6A46029516ABE8
:1077400003CB03C24B4613995A68A0689B68FBF7AA
:107750000DF8002008F044FD00212B4807F03AFE08
:10776000012008F03DFD6068FAF7B6FF0021FAF746
:10777000FFFE0321002008F027F829E0E068FBF76E
:10778000FBF9051CE068FBF7F5F9011C281C10F05B
:107790000FF9E568002826D12800FBF7EBF912F075
:1077A00079FF0022154B11F05DF912F0BBFF011CAF
:1077B0002800FBF791F9E0681449FBF78FF90A20DC
:1077C00009F008FB0A2800D815E7114D00E0114D1B
:1077D000280018B01CBC90469946A246F0BDE0684F
:1077E000FBF7CAF9E3E62800FBF7C6F9D7E7200064
:1077F00002F0AAFB1AE7C0460080894500406F40AE
:107800000000E143000016456420000000004843EA
:10781000095200001252000010B504000800616017
:10782000FAF75CFFA0606068FAF75AFFE06020009A
:10783000FFF78CFE10BDC04610B5040002F07EFBC1
:10784000024B20000833236010BDC0461CE5010038
:10785000F0B5C64600B50500D0B0012007F05CF9D0
:107860000021704807F056FF002300260CA8037380
:107870006D4B46810C936D4B15AC46720D9307F022
:10788000DDFFA8682662FAF7D5FF0223FF332063E5
:107890002387A868FA3B6362FAF7DAFFA062E86818
:1078A000FBF7A6FA624AE0624342434188209446CD
:1078B00080005B4203406344E86863631596FBF70E
:1078C00063F912F0E7FE00225A4B12F0A7FA5A4A67
:1078D0005A4B12F037F810F0B7F80600A083E868AA
:1078E000FBF748F980463004800A12F07DFE06005E
:1078F00040460F0012F0CEFE514A524B12F022F8D1
:1079000002000B003000390012F088FA10F09CF8E9
:10791000A38B82B262839B019A4201DD013A6283AA
:10792000162300262361EA33238320006660A660C5
:10793000E660666108F028FA402124A807F088FB79
:1079400021220223E86824922593FBF725F926904B
:10795000E868FBF729F9AC216A46521816806A4696
:107960000123023152182790E86813702A93FBF71D
:1079700017F9289024A808F07BFA0022002334A8E5
:10798000349235933692379308F0E0F801212E486F
:1079900007F0C0FE002008F0D3FC8120000607F0AD
:1079A00081F8002007F0B8F80BA90AA807F0A6F89C
:1079B000041E04D0200050B004BC9046F0BD04AEBC
:1079C0000022A968300010AFFAF748FF3B0007CE4D
:1079D00007C3380006CE06C3142107F039FBA86898
:1079E000FAF71EFF0B9B984219D9A8681094FAF772
:1079F00015FF69460A9B78603B610B9B0200BB60E8
:107A0000A86813AB029460CB60C110990B9BFAF786
:107A1000ADFE78680B9A0A9908F02EFCCAE70B4C69
:107A2000C8E7C046E0FF3900010101010101010082
:107A30001420000000006940CA1DA0DC01CA9D3F5F
:107A4000C853823C25C8FD3FA00001000B52000036
:107A5000F0B5DE464E46454657460023E0B50600E3
:107A600097B0C0680693FBF787F8041CF068FBF733
:107A70007FF8011C201C10F075FD0021041CF0682B
:107A8000FBF7BEF9011C201C10F088FA12F002FE70
:107A90000022D94B10F0E6FF12F070FD10F060FFED
:107AA000011CF068FBF742F8F068FBF76DF812F084
:107AB000F1FD0022D14B12F0B1F9D14AD14B11F0B6
:107AC00041FF0FF0C1FF87018046F068FBF752F8D5
:107AD0008146380012F0B8FD040048460D0012F04F
:107AE000D9FDC94AC94B11F02DFF0B000200290036
:107AF000200012F093F90FF0A7FFB842BF41802396
:107B00007F42C71B5B019F4200D3C14F40464028C4
:107B100000D9402003033B43984612F095FD002214
:107B2000BC4B11F00FFF040038000D0012F08CFD6B
:107B3000B94ABA4B11F006FF02000B0020002900E1
:107B400012F06CF912F0EEFD0990F068B468FBF7E2
:107B500055F90100300002F035FA0AAB9B466B463E
:107B60005A46029003CA03C32000099B0799089A4A
:107B7000FAF71AFE0022B1680CA8FAF76FFE00228D
:107B8000B16811A80D9FFAF769FE139BF0689C4637
:107B9000674439000493FAF7D1FFFB1D1900F06820
:107BA0009946FAF7CDFF012006F0B6FF80200121AB
:107BB000400007F0AFFDF068FAF7E2FF984910F0D7
:107BC000B7FB0FF029FF8000800806F06BFF8020D4
:107BD0000021400007F09EFD924806F063FF4146F9
:107BE000914807F0F7FB0A2006F05CFF4B468F48F0
:107BF0001B021B0A184306F055FF06A90CA806F045
:107C00007DFF002006F088FFB16811A80122FAF775
:107C100025FE0C9B14AA1593012302936B4603CAFD
:107C200003C30121069B3A00B068FAF79FFD069A4C
:107C30000C99380008F020FBF4682000FBF7DEF810
:107C4000411C2000FAF768FFF4682000FAF792FF61
:107C50000021051CF068FBF7D3F8011C281C10F06C
:107C600001F8011C2000FAF72DFFF068FAF78CFFED
:107C700012F010FD0022614B12F0D0F8604A614B07
:107C800011F060FE0FF0E0FE84018246F068FAF722
:107C900071FF0121051CF068FBF7B2F88046200057
:107CA00012F0D2FC049005914146281C0FF0DAFF37
:107CB00012F0F0FC544A554B11F044FE0B00020048
:107CC0000498059912F0AAF80FF0BEFEA042A44154
:107CD0006442031B984680235B01984501D34C4BBB
:107CE00098465046402800D94020424603031A4394
:107CF000924612F0A9FC0022464B11F023FE04002C
:107D000040460D0012F0A0FC434A444B11F01AFE0D
:107D100002000B002000290012F080F812F002FD92
:107D20000990F068B468FBF769F80100300002F0D0
:107D300049F96B465A46029003CA03C32000099BC7
:107D4000089A0799FAF730FD012006F0E5FE802039
:107D50000121400007F0DEFCF068FAF711FF30491E
:107D600010F0E6FA0FF058FE8000800806F09AFE48
:107D700080200021400007F0CDFC2A4806F092FE4A
:107D80005146294807F026FB0A2006F08BFE3F02E9
:107D900027483F0A384306F085FE06A90CA806F0DE
:107DA000ADFE002006F0B8FEB16811A80222FAF775
:107DB00055FD0C9B14AA1593022302936B4603CA2C
:107DC00003C34A46069BB0680221FAF7CFFC069A25
:107DD00048460C9908F050FAF0680021FAF7ACFE1A
:107DE000F0680021FAF7A6FE002017B03CBC9046D0
:107DF0009946A246AB46F0BD0000E03F0000694056
:107E0000CA1DA0DC01CA9D3FC853823C25C8FD3F66
:107E1000FF0F000000304140111331111331E13FD9
:107E200000007A46020000A720210000000007F4AD
:107E3000000007FAF0B5D6464F464646C0B50400E6
:107E400098B00A2008F0C6FF0A2800D986E08023EF
:107E50005B040C9301230B9300230BA80D9308F0F4
:107E600085F9E068FAF7C4FF00286BD0200002F023
:107E70006BF80021002008F035F901230EAD2B70BE
:107E80009846A06802331193FAF7C6FC02272861CE
:107E900028006F60AF6008F0F9F80120404208F058
:107EA0005DFDE5682800FAF767FE0121061CE06821
:107EB000FAF7A6FF011C301C0FF0D4FE12F0EAFB0B
:107EC0000022634B10F0CEFD12F02CFC011C2800A8
:107ED000FAF702FEE5682800FAF74EFE0121061CBB
:107EE000E068FAF78DFF011C301C0FF0BBFE12F0AA
:107EF000D1FB0022564B10F0B5FD12F013FC011C13
:107F00002800FAF7EBFDE5682800FAF731FE011CBE
:107F10002800FAF7D7FDA068FAF7D8FCFA2106F096
:107F2000D7FD2000FFF794FC051E04D12000FFF7C9
:107F30008FFD051E14D0280018B01CBC9046994631
:107F4000A246F0BDA068FAF771FC0023139000224E
:107F50001399A0681493FAF7FBFB8AE73D4DEAE713
:107F600013AB994604AB9A46A16818000022FAF7B1
:107F700075FC4B46524643CA43C303CA03C34B4630
:107F800048461D7308F08EF9012008F029F913986E
:107F900008F068F96A46029516AB03CB03C24B465C
:107FA00013995A68A0689B68FAF7E0FB01204042E9
:107FB00008F0D4FCA16850460122FAF74FFC4B466A
:107FC000524643CA43C303CA03C34B4648461D73C4
:107FD00008F068F943466A46029316AB03CB03C226
:107FE0004B4613995A68A0689B68FAF7BFFBA168D3
:107FF00002225046FAF732FC56464B4607CE07C3DC
:1080000006CE06C34B4648461D7308F04BF96A4638
:10801000029716AB03CB03C24B4613995A68A0686C
:108020009B68FAF7A3FB002008F0DAF800210A4861
:1080300007F0D0F9012008F0D3F86068FAF74CFB9C
:108040000021FAF795FA0321002007F0BDFB72E743
:1080500000406F40095200006420000010B5040089
:1080600008006160FAF73AFBA0606068FAF738FB35
:10807000E0602000FFF7DEFE10BDC04610B5040032
:1080800001F05CFF024B20000833236010BDC046A6
:1080900028E50100F0B5CE46474680B50400C3B0E0
:1080A000012006F039FD0021974807F033FB00233B
:1080B0000DAD98466B726B812B732B71934BE068FF
:1080C0000D93FAF7BDFE00210FF058FC43425841D2
:1080D0004346A87168712800EB7107F0AFFBE068B8
:1080E000FAF7A6FE051CE068FAF7A6FEE068FAF7C4
:1080F000A9FEE068FAF7A8FE291CE068FAF728FD57
:1081000098216A46072352180026414600272C93DF
:10811000E0685533D1542A962B97FAF791FE002147
:108120000FF02CFC434258411F2310213A9010209D
:108130000B223C93052326902791802088213E9294
:108140003F93022340004900289029913B93B82196
:108150002D936A4602235218FF3313806C49281C62
:1081600007F07EFD3590E068FAF768FE694910F087
:10817000DFF8FC2189050FF075FD0FF04DFC43463B
:10818000369026A83793389307F0E0FCE068FAF7BA
:1081900057FE00210FF0F2FB16AD002800D178E069
:1081A0004021280006F054FF002601220123082167
:1081B0001EA816921793AE6006F04AFF0223EB60EA
:1081C000013301226B610C2001230121AB77AA83CB
:1081D000AA612E612F32209021910C2123A8AB544B
:1081E00006F036FF280007F043FEE068FAF728FEA5
:1081F00000210FF0C3FB0121002816D0464807F0EC
:1082000089FA8120000606F04DFC0CA90BA806F0A7
:1082100075FC0500002006F07FFC002D09D0280029
:1082200043B00CBC90469946F0BD3C4807F072FA4A
:10823000E7E704AE0022A168300011AFFAF70EFBA9
:108240003B0007CE07C3380006CE06C3142106F054
:10825000FFFEA068FAF7E4FA0C9B984247D9A068A1
:108260001195FAF7DBFA69460B9B78603B610C9B32
:108270000200BB60A06814AB029550CB50C11199AD
:108280000C9BFAF773FA78680C9A0B9907F0F4FFD5
:10829000C5E720231690E06818961997AB83FAF784
:1082A000CFFD1F490FF070FB002827D1E068FAF7D7
:1082B000C7FD1C490FF07CFB00281AD1E068FAF7D3
:1082C000BFFD18490FF0CEFC174910F031F80FF040
:1082D000A3FB00231F226B60002368831A921B9369
:1082E00080235B0028002B8307F0FEFC58E70F4D2E
:1082F00095E70F49E068FAF731FCDFE70D49E068E0
:10830000FAF72CFCD2E7C046E0FF3900010101007A
:108310000024744B8FC22340404E1100404E310068
:10832000008089C4008089442941EE3F0B5200003F
:10833000CF6E8944CF6E89C40023F0B59FB00593FA
:1083400080230322DB011692179302220023189246
:108350001993032201231A921B93FE2306A99B055E
:10836000040016A81D9306F0B7FC012006F0D4FB0C
:10837000042007F0E5FFFA20000106F093FB01223C
:108380000123089209938022902392001B0108A8E0
:108390000A920B9307F0AEFA0121494807F0BAF9A7
:1083A00081200121C00107F0B5F9A02006F07AFB79
:1083B00081200121000207F0ADF907A9002006F095
:1083C0009DFB069B5800800806F06CFB069B58003E
:1083D000800806F067FB00220799A068FAF7DEF92B
:1083E0000021384807F096F91022102308920993CB
:1083F0008022882352005B0008A80A920B9307F0A2
:1084000079FA81200121C00107F084F9A02006F04B
:1084100049FB81200121000207F07CF907A9002017
:1084200006F06CFB069B5800800806F03BFB069BA1
:108430005800800806F036FB01220799A068FAF779
:10844000ADF900211F4807F065F900211C4807F02D
:1084500061F9002007F074FF08F00CFC0022A1680D
:108460000CA8FAF7FBF90022A16811A80D9EFAF7F3
:10847000F5F905A90CA8139F06F040FB05000020A4
:1084800006F04AFB002D18D1A168012211A8FAF7C5
:10849000E5F90C9B6A4615930123A068029314AB7F
:1084A00012CB12C2F61901213200059BFAF75EF9D0
:1084B0003000059A0C9907F0DFFE28001FB0F0BDD0
:1084C000404E110080C10000F0B5CE4647468021E5
:1084D00080B504009BB000200022090608F0D2F904
:1084E0000A2008F077FC0A2800D9A1E080235B0469
:1084F00001270E9300230DA80F930D9707F036FE6A
:108500000020002107F0EEFD0223042210A8C36022
:10851000026143608360077007F0B8FD01204042AC
:1085200008F01CFAA068FAF7D1F9FA2106F0D0FA9F
:108530002000FFF7AFFD051E05D028001BB00CBCC6
:1085400090469946F0BD2000FFF7F6FE051EF4D1D7
:1085500015AB984604AB9946A16818000022FAF7BB
:108560007DF943464A4643CA43C303CA03C343464D
:1085700040461D7307F096FE012007F031FE159866
:1085800007F070FE6A46029518AB03CB03C2434660
:1085900015995A68A0689B68FAF7E8F801204042EC
:1085A00008F0DCF9A16801224846FAF757F94E466F
:1085B000434607CE07C306CE06C3434640461D7357
:1085C00007F070FE6A46029718AB03CB03C243461E
:1085D00015995A68A0689B68FAF7C8F80021A06846
:1085E000FAF74CF901210B90A068FAF747F90C90C3
:1085F000E068A768FAF71EFC6A460BAE039617AB55
:10860000844643CB43C243466146159A5B683800B3
:10861000FAF75EF9012007F0E3FD6068FAF75CF80D
:108620000021F9F7A5FF0321002007F0CDF884E72A
:10863000004D82E70952000010B504000800616097
:10864000FAF74CF8A0606068FAF74AF8E06020009A
:10865000FFF73AFF10BDC04610B5040001F06EFCF4
:10866000024B20000833236010BDC04634E50100F2
:10867000F0B5C64600B50500AEB0012006F04CFAD4
:108680000021784807F046F80023002606A8037367
:10869000754B46810693754B0FAC0793467207F0F6
:1086A000CDF8A8682662FAF7C5F80223FF332063E5
:1086B0002387A868FF3B6362FAF7CAF8A062E868FC
:1086C000FAF796FBE06243425841802340429B0008
:1086D000184034306063E8680F96FAF749FA0021D1
:1086E0000FF066F9002800D1B6E0E868FAF74CFA16
:1086F00011F0D0FF00225E4B11F090FB5D4A5E4B03
:1087000011F020F90FF0A0F986B2E868A683FAF715
:108710002FFA8046B00111F067FF060040460F00B7
:1087200011F0B8FF554A564B11F00CF902000B003E
:108730003000390011F072FB0FF086F91423002687
:108740002361EC332383608320006660A660E660CB
:10875000666107F019FB40211EA806F079FC022390
:108760002122E8681E921F93FAF716FA012420903E
:10877000E8682494FAF718FA431C22D16B46952234
:10878000E8689B181C70FAF70BFA431C26D16A465E
:1087900096210023521813701EA807F069FB812050
:1087A000000606F07FF9002006F0B6F905A904A836
:1087B00006F0A4F9041E22D020002EB004BC90467E
:1087C000F0BD95226B46E8689B181E70FAF7ECF92D
:1087D0002190E868FAF7E4F9431CD8D096216A465C
:1087E00001235218E8681370FAF7D2F994226B4605
:1087F0009B181870E868FAF7D3F92290CCE70322A7
:10880000A9680AA8FAF72AF814210AA806F020FC99
:10881000A868FAF705F8059B984221D90326A868AD
:108820000A96F9F7FBFF049B0B900E93059B020041
:10883000694634200C93012309180B700B0069461C
:10884000A868029660CB60C10A99059BF9F78EFF74
:108850000AA807F027FDAFE7E868FAF797F947E7B6
:10886000084CA9E7E0FF3900010101000001010007
:1088700000006940CA1DA0DC01CA9D3FC853823C6C
:1088800025C8FD3F0B520000F0B5040099B001204F
:1088900006F042F9042007F053FD0121802006F084
:1088A00039FFFA20000106F0FDF880200121400088
:1088B00006F030FF08A907A806F020F905000020FF
:1088C00006F02AF9002D02D0280019B0F0BD0222CE
:1088D000A16809A8F9F7C2FF142109A806F0B8FB9E
:1088E000032213A8A168F9F7B9FF089A159B9446CB
:1088F0000593A06863441E00F9F792FF864226D2D2
:108900000226A1680EA803220996F9F7A7FFA1681D
:1089100013A803220F9FF9F7A1FF079B28200D93AF
:10892000089B02A90B93012309180B706946159A3D
:10893000A068D2190A9202960CAB50CB50C109998B
:10894000089BF9F713FF09A807F0ACFCBCE7014D41
:10895000BAE7C0460B520000F0B5C64600B50400A9
:1089600090B0C068FAF70AF911F094FE7D4A7E4B88
:108970000EF0D0FF002800D1D6E0FE21E068890586
:10898000FAF7BAF8E5682800FAF7F2F8061CE0688A
:10899000FAF7F2F8071CE068FAF71CFA391C80466F
:1089A000301C0FF0DFFD4000400811F073FE6F4AED
:1089B0006F4B10F0C7FF060040460F0011F06AFE33
:1089C00002000B003000390010F0B6FB11F0D6FDAC
:1089D00001002800FAF794F8E068FAF7C9F8051CD6
:1089E000E068FAF7C9F8011C281C0EF0CDFF00283A
:1089F00000D1B0E00121E068FAF784F8E5682800CA
:108A0000FAF7B6F811F046FE594B584A10F09AFFA3
:108A100011F0B4FD01002800FAF778F8E068FAF7E1
:108A2000DDF90500E068FAF7ADF868430FF098FF4C
:108A3000011CE068FAF77AF8A068F9F7F1FE022263
:108A40000500A16806A8F9F709FF0322A1680BA891
:108A5000089EF9F703FF0D9B9C4666440593AD1BEA
:108A6000132D00DC7CE0E0680121FAF761F8A168D1
:108A7000022206A8F9F7F2FE0222A1680BA8089DBF
:108A8000F9F7ECFE0C9BE0689C4665442F0029003A
:108A90000A370593FAF752F8E0683900FAF750F808
:108AA000E0680021FAF748F8E0680021FAF732F8A8
:108AB000E0680021FAF730F8E0680121FAF73AF8A7
:108AC000052300260D93984602A92B33C9180E7072
:108AD000694602960B960C950EAB05CB05C100219D
:108AE0002A000523A068F9F741FE0BA807F0DAFB7E
:108AF000414630220D9102A98A18012316706A4658
:108B0000A0680B9302930C970EAB12CB12C20121FB
:108B10003A000523F9F72AFE0BA807F0C3FB002053
:108B200010B004BC9046F0BDE5682800FAF726F8BE
:108B300011F0B0FD0D4A0E4B10F004FF00220D4B5A
:108B40000FF090FF11F01AFD0FF00AFF011C280032
:108B5000F9F7D2FF16E70021E068F9F7D3FF4DE7F8
:108B60000548DDE7111331111331E13FC853823C51
:108B700025C8FD3F0000E03F0B520000F0B5D6468F
:108B80004F464646C0B5040098B0C068F9F7F4FFF8
:108B9000051CE068F9F7ECFF011C281C0FF0E2FC53
:108BA00000210EF005FF002800D151E1E068F9F73F
:108BB000E3FF051CE068F9F7DBFF011C281C0FF040
:108BC000D1FCBC490EF0FEFE002800D051E1E06867
:108BD000FAF72AF9002800D1F7E0E068F9F7CCFFAE
:108BE000051CE068F9F7C4FF011C281C0EF0CCFE40
:108BF000002800D045E1E068F9F7BEFF11F04AFD1A
:108C00000022AD4B0FF02EFF11F08CFDAB49051C7F
:108C10000EF0D8FE002800D1A84DA949281C0EF05E
:108C2000BDFE002800D1A64DE068291CF9F754FFCD
:108C3000E068291CF9F752FF0A2008F0CBF80A284F
:108C400000D903E180235B040C9302230B930023E0
:108C50000BA80D9307F08AFAE068FAF7C9F8002824
:108C600000D022E1A068F9F7E1FD00231390002273
:108C70001399A0681493F9F76BFD0021002007F009
:108C800031FA012603230EADA068984611932E7089
:108C9000F9F7C2FD0227286128006F60AE6007F077
:108CA000F5F90120404207F059FEA068F9F70EFEE1
:108CB000FA2105F00DFF2000FFF7DAFC051E00D0B9
:108CC000D8E02000FFF7E0FD051E00D0D2E0200034
:108CD000FFF742FE051E00D0CCE013AB994604AB73
:108CE0009A46A16818000322F9F7B8FD4B46524690
:108CF00043CA43C303CA03C34B4648461D7307F028
:108D0000D1FA012007F06CFA139807F0ABFA43464A
:108D10006A46029316AB03CB03C24B4613995A68BB
:108D2000A0689B68F9F722FD0120404207F016FE7B
:108D3000A16850460222F9F791FD4B46524643CABC
:108D400043C303CA03C34B4648461D7307F0AAFA40
:108D50006A46029716AB03CB03C24B4613995A6877
:108D6000A0689B68F9F702FDA16800225046F9F758
:108D700075FD56464B4607CE07C306CE06C34B4687
:108D800048461D7307F08EFA6A46029516AB03CB70
:108D900003C24B4613995A68A0689B68F9F7E6FC32
:108DA000002007F01DFA0021464806F013FB0120C1
:108DB00007F016FA6068F9F78FFC0021F9F7D8FB85
:108DC0000321002006F000FD54E0E068F9F7D4FE2E
:108DD000051CE068F9F7CCFE011C281C0EF0D4FD40
:108DE000002852D1E068F9F7C7FE11F053FC0022C9
:108DF000314B0FF037FE11F095FC061CE068F9F7D7
:108E0000B7FE11F047FC00222B4B0FF02BFE11F0A8
:108E100089FC2B49051C301C0EF0C0FD002800D138
:108E2000274EE068311CF9F757FE2749281C0EF041
:108E3000C9FD002800D1244DE068291CF9F74EFE39
:108E40000A2007F0C7FF0A2800D8FBE61F4D11E0F3
:108E5000E068F9F78DFE051CE068F9F78DFE011C4E
:108E6000281C0FF07FFB13490EF0ACFD002800D149
:108E7000ADE6174D280018B01CBC90469946A24696
:108E8000F0BDE068F9F774FEB8E6E068F9F770FE47
:108E900011F000FC0022084B0FF0E4FD11F042FC41
:108EA000061CE068F9F768FEABE7200001F04CF81B
:108EB000E3E6C046006D884500406F400000E14396
:108EC00000001645642000000000484309520000DD
:108ED0001252000010B5040008006160F9F7FEFBB3
:108EE000A0606068F9F7FCFBE0602000FFF746FE39
:108EF00010BDC04610B5040001F020F8024B200060
:108F00000833236010BDC04640E50100F0B5C646F9
:108F100000B50500D0B0012005F0FEFD002170482D
:108F200006F0F8FB002300260CA803736D4B468166
:108F30000C936D4B15AC46720D9306F07FFCA86840
:108F40002662F9F777FC0223FF3320632387A868A2
:108F5000FA3B6362F9F77CFCA062E868F9F748FF26
:108F6000624AE062434243418820944680005B426B
:108F700003406344E86863631596F9F705FE11F052
:108F800089FB00225A4B10F049FF5A4A5A4B10F005
:108F9000D9FC0EF059FD01210600A083E868F9F71D
:108FA0002FFF80463004800A11F01EFB0600404669
:108FB0000F0011F06FFB514A514B10F0C3FC02003F
:108FC0000B003000390010F029FF0EF03DFDA38B9F
:108FD00082B262839B019A4201DD013A62831623C9
:108FE00000262361EA33238320006660A660E660E2
:108FF000666106F0C9FE402124A806F029F8212266
:109000000223E86824922593F9F7C6FD2690E868C4
:10901000F9F7CAFDAC216A46521816806A46012348
:10902000023152182790E86813702A93F9F7B8FDB7
:10903000289024A806F01CFF0022002334A83492B4
:1090400035933692379306F081FD01212D4806F0C5
:1090500061FB002007F074F98120000605F022FD75
:10906000002005F059FD0BA90AA805F047FD041ED4
:1090700004D0200050B004BC9046F0BD04AE0022E5
:10908000A968300010AFF9F7E9FB3B0007CE07C332
:10909000380006CE06C3142105F0DAFFA868F9F7F8
:1090A000BFFB0B9B984219D9A8681094F9F7B6FB3F
:1090B00069460A9B78603B610B9B0200BB60A86815
:1090C00013AB029460CB60C110990B9BF9F74EFB78
:1090D00078680B9A0A9907F0CFF8CAE70A4CC8E7F4
:1090E000E0FF39000101010101010100142000002D
:1090F00000006940CA1DA0DC01CA9D3FC853823CE4
:1091000025C8FD3FA00001000B520000F0B5DE466F
:109110004E46454657460023E0B5060097B0C06866
:109120000693F9F729FD041CF068F9F721FD011CED
:10913000201C0FF017FA0021041CF068F9F760FEFC
:10914000011C201C0EF02AFF11F0A4FA0022CD4BC6
:109150000FF088FC11F012FA0FF002FC011CF0680D
:10916000F9F7E4FCF068F9F70FFD11F093FA00222B
:10917000C54B10F053FEC54AC54B10F0E3FB0EF093
:1091800063FC012187018046F068F9F739FE8146CA
:10919000380011F059FA040048460D0011F07AFA2F
:1091A000BC4ABD4B10F0CEFB0B0002002900200092
:1091B00010F034FE0EF048FCB842BF4180237F42DD
:1091C000C71B5B019F4200D3B44F4046402800D9E3
:1091D000402003033B43984611F036FA0022B04B7F
:1091E00010F0B0FB040038000D0011F02DFAAD4A6C
:1091F000AD4B10F0A7FB02000B002000290010F07F
:109200000DFE11F08FFA0990F068B468F9F7F6FDD9
:109210000100300000F0D6FE0AAB9B466B465A4672
:10922000029003CA03C32000099B0799089AF9F723
:10923000BBFA0022B1680CA8F9F710FB0022B16854
:1092400011A80D9FF9F70AFB139BF0689C46674431
:1092500039000493F9F772FCFB1D1900F068994678
:10926000F9F76EFC012005F057FC80200121400039
:1092700006F050FAF068F9F783FC8C490FF058F8C3
:109280000EF0CAFB8000800805F00CFC8020002155
:10929000400006F03FFA864805F004FC4146854848
:1092A00006F098F80A2005F0FDFB4B4682481B02A9
:1092B0001B0A184305F0F6FB06A90CA805F01EFCD6
:1092C000002005F029FCB16811A80122F9F7C6FABF
:1092D0000C9B14AA1593012302936B4603CA03C384
:1092E0000121069B3A00B068F9F740FA069A0C99FA
:1092F000380006F0C1FFF4682000F9F77FFD411C3B
:109300002000F9F709FCF068F9F73EFC11F0C2F90A
:1093100000225D4B10F082FD5C4A5D4B10F012FBA9
:109320000EF092FB84010500F068F9F723FC8046FB
:10933000200011F089F904900591404611F0AAF936
:10934000544A554B10F0FEFA0B00020004980599A0
:1093500010F064FD0EF078FBA042A4416442031BB0
:10936000984680235B01984501D34C4B98462800D2
:10937000402D00D94020424603031A43924611F083
:1093800063F90022464B10F0DDFA040040460D0060
:1093900011F05AF9434A444B10F0D4FA02000B0082
:1093A0002000290010F03AFD11F0BCF90990F06896
:1093B000B468F9F723FD0100300000F003FE6B46AE
:1093C0005A46029003CA03C32000099B089A0799D2
:1093D000F9F7EAF9012005F09FFB80200121400008
:1093E00006F098F9F068F9F7CBFB30490EF0A0FFD2
:1093F0000EF012FB8000800805F054FB8020002155
:10940000400006F087F92A4805F04CFB51462948F0
:1094100005F0E0FF0A2005F045FB3F0227483F0A20
:10942000384305F03FFB06A90CA805F067FB0020B8
:1094300005F072FBB16811A80222F9F70FFA0C9B34
:1094400014AA1593022302936B4603CA03C34A4628
:10945000069BB0680221F9F789F9069A48460C99EB
:1094600006F00AFFF0680021F9F766FBF0680021BA
:10947000F9F760FB002017B03CBC90469946A24625
:10948000AB46F0BD0000E03F00006940CA1DA0DC13
:1094900001CA9D3FC853823C25C8FD3FFF0F000015
:1094A00000304140111331111331E13F00007A4681
:1094B000020000A720210000000007F4000007FAC6
:1094C000F0B5D6464F464646C0B5040098B00A20CF
:1094D00007F080FC0A2800D986E080235B040C9307
:1094E00001230B9300230BA80D9306F03FFEE068C9
:1094F000F9F77EFC00286BD0200000F025FD00214C
:10950000002006F0EFFD01230EAD2B709846A068F9
:1095100002331193F9F780F90227286128006F6060
:10952000AF6006F0B3FD0120404207F017FAE5688E
:109530002800F9F721FB0021061CE068F9F760FC20
:10954000011C301C0EF08EFB11F0A4F80022634BBE
:109550000FF088FA11F0E6F8011C2800F9F7BCFAC0
:10956000E5682800F9F708FB0021061CE068F9F718
:1095700047FC011C301C0EF075FB11F08BF800222B
:10958000564B0FF06FFA11F0CDF8011C2800F9F7D7
:10959000A5FAE5682800F9F7EBFA011C2800F9F7AD
:1095A00091FAA068F9F792F9FA2105F091FA2000F2
:1095B000FFF7ACFC051E04D12000FFF7A7FD051E38
:1095C00014D0280018B01CBC90469946A246F0BDA5
:1095D000A068F9F72BF90023139000221399A068D3
:1095E0001493F9F7B5F88AE73D4DEAE713AB9946CE
:1095F00004AB9A46A16818000022F9F72FF94B46F0
:10960000524643CA43C303CA03C34B4648461D736D
:1096100006F048FE012006F0E3FD139806F022FE56
:109620006A46029516AB03CB03C24B4613995A68A0
:10963000A0689B68F9F79AF80120404207F08EF97C
:10964000A16850460122F9F709F94B46524643CA30
:1096500043C303CA03C34B4648461D7306F022FEAC
:1096600043466A46029316AB03CB03C24B4613999B
:109670005A68A0689B68F9F779F8A16802225046F9
:10968000F9F7ECF856464B4607CE07C306CE06C39D
:109690004B4648461D7306F005FE6A46029716AB18
:1096A00003CB03C24B4613995A68A0689B68F9F72D
:1096B0005DF8002006F094FD00210A4805F08AFEBE
:1096C000012006F08DFD6068F9F706F80021F8F733
:1096D0004FFF0321002006F077F872E700406F404B
:1096E000095200006420000010B504000800616009
:1096F000F8F7F4FFA0606068F8F7F2FFE060200080
:10970000FFF7DEFE10BDC04610B5040000F016FCE9
:10971000024B20000833236010BDC0464CE5010019
:10972000F0B5C64600B50500D0B0012005F0F4F94B
:109730000021704805F0EEFF002300260CA80373FB
:109740006D4B46810C936D4B15AC46720D9306F034
:1097500075F8A8682662F9F76DF80223FF332063D5
:109760002387A868FA3B6362F9F772F8A062E86899
:10977000F9F73EFB624AE062434243418820944647
:1097800080005B4203406344E86863631596F9F721
:10979000FBF910F07FFF00225A4B10F03FFB5A4AB2
:1097A0005A4B10F0CFF80EF04FF90600A083E8688E
:1097B000F9F7E0F980463004800A10F015FF060042
:1097C00040460F0010F066FF514A524B10F0BAF8B5
:1097D00002000B003000390010F020FB0EF034F9CD
:1097E000A38B82B262839B019A4201DD013A6283BC
:1097F000162300262361EA33238320006660A660D7
:10980000E660666106F0C0FA402124A805F020FC5D
:1098100021220223E86824922593F9F7BDF92690C6
:10982000E868F9F7C1F9AC216A46521816806A4611
:109830000123023152182790E86813702A93F9F730
:10984000AFF9289024A806F013FB0022002334A8C7
:10985000349235933692379306F078F901212E48E9
:1098600005F058FF002006F06BFD8120000605F092
:1098700019F9002005F050F90BA90AA805F03EF9E6
:10988000041E04D0200050B004BC9046F0BD04AECD
:109890000022A968300010AFF8F7E0FF3B0007CEC8
:1098A00007C3380006CE06C3142105F0D1FBA86813
:1098B000F8F7B6FF0B9B984219D9A8681094F8F7EF
:1098C000ADFF69460A9B78603B610B9B0200BB6061
:1098D000A86813AB029460CB60C110990B9BF8F79A
:1098E00045FF78680B9A0A9906F0C6FCCAE70B4C4C
:1098F000C8E7C046E0FF3900010101010101010094
:109900001420000000006940CA1DA0DC01CA9D3F70
:10991000C853823C25C8FD3FA00001000B52000047
:10992000F0B5DE4657464E4645460023E0B50600F4
:1099300097B0C0680693F9F71FF9041CF068F9F7AF
:1099400017F9011C201C0EF00DFE0021041CF0680C
:10995000F9F756FA011C201C0EF020FB10F09AFEBD
:109960000022D44B0FF07EF810F008FE0EF0F8FF46
:10997000011CF068F9F7DAF8F068F9F705F910F06A
:1099800089FE0022CC4B10F049FACC4ACC4B0FF0A8
:10999000D9FF0EF059F887018246F068F9F7EAF826
:1099A00001218046F068F9F72BFA8146380010F063
:1099B0004BFE04000D00404649460EF053F910F0EE
:1099C00069FEC04AC04B0FF0BDFF0B00020029002A
:1099D000200010F023FA0EF037F8B842BF41802380
:1099E0007F42C71B5B019F4200D3B84F50464028BF
:1099F00000D9402003033B43984610F025FE002287
:109A0000B34B0FF09FFF040038000D0010F01CFE58
:109A1000B04AB14B0FF096FF02000B002000290066
:109A200010F0FCF910F07EFE0990F068B468F9F7C8
:109A3000E5F90100300000F0C5FA6B4602900AAA71
:109A400003CA03C32000099B0799089AF8F7ACFEE4
:109A50000022B1680CA8F8F701FF0022B16811A834
:109A60000D9FF8F7FBFE139BF0689C466744390096
:109A70000593F9F763F8FB1D1900F0689946F9F7AB
:109A80005FF8012005F048F880200121400005F032
:109A900041FEF068F9F774F890490EF049FC0DF0BA
:109AA000BBFF8000800804F0FDFF80200021400003
:109AB00005F030FE8A4804F0F5FF4146894805F07C
:109AC00089FC0A2004F0EEFF4B4687481B021B0A64
:109AD000184304F0E7FF06A90CA805F00FF80020D2
:109AE00005F01AF8B16811A80122F8F7B7FE0C9B2F
:109AF00014AA1593012302936B4603CA03C30121E1
:109B0000069B3A00B068F8F731FE069A0C993800C7
:109B100006F0B2FBF4682000F9F770F9411C200050
:109B2000F8F7FAFFF068F9F72FF810F0B3FD00220C
:109B3000614B10F073F9614A614B0FF003FF0DF0B8
:109B400083FF012183018346F0689A46F9F758F9AB
:109B5000041CF068F9F70EF8011C201C0EF002FD41
:109B600010F098FD574A584B0FF0ECFE0400504699
:109B70000D0010F069FD0B000200290020000EF01E
:109B800071FF0DF061FF50459B415B42C31A98463F
:109B900080235B01984501D34C4B9846584640289A
:109BA00000D94020424603031A43924610F04CFD70
:109BB0000022474B0FF0C6FE040040460D0010F097
:109BC00043FD444A444B0FF0BDFE02000B00200051
:109BD000290010F023F910F0A5FD0990F068B46891
:109BE000F9F70CF90100300000F0ECF96B46029037
:109BF0000AAA03CA03C32000099B089A0799F8F729
:109C0000D3FD012004F088FF80200121400005F0F1
:109C100081FDF068F8F7B4FF30490EF089FB0DF0D4
:109C2000FBFE8000800804F03DFF80200021400002
:109C300005F070FD2A4804F035FF5146294805F02B
:109C4000C9FB0A2004F02EFF3F0228483F0A384390
:109C500004F028FF06A90CA804F050FF002004F02F
:109C60005BFFB16811A80222F8F7F8FD0C9B14AA5B
:109C70001593022302936B4603CA03C34A46069B0D
:109C8000B0680221F8F772FD069A48460C9906F072
:109C9000F3FAF0680021F8F74FFFF0680021F8F7B9
:109CA00049FF002017B03CBC90469946A246AB46FF
:109CB000F0BDC0460000F83F00006940CA1DA0DCAE
:109CC00001CA9D3FC853823C25C8FD3FFF0F0000DD
:109CD00000304140111331111331E13F00007A4649
:109CE000020000A720210000000007F4000007FA8E
:109CF000F0B5D6464F464646C0B5040098B00A2097
:109D000007F068F80A2800D986E080235B040C93EA
:109D100001230B9300230BA80D9306F027FAE068AC
:109D2000F9F766F800286BD0200000F00DF900214B
:109D3000002006F0D7F901230EAD2B709846A068DD
:109D400002331193F8F768FD0227286128006F603D
:109D5000AF6006F09BF90120404206F0FFFDE56888
:109D60002800F8F709FF0121061CE068F9F748F818
:109D7000011C301C0DF076FF10F08CFC0022634BB0
:109D80000EF070FE10F0CEFC011C2800F8F7A4FEC7
:109D9000E5682800F8F7F0FE0121061CE068F9F7F5
:109DA0002FF8011C301C0DF05DFF10F073FC002239
:109DB000564B0EF057FE10F0B5FC011C2800F8F7CA
:109DC0008DFEE5682800F8F7D3FE011C2800F8F79F
:109DD00079FEA068F8F77AFDFA2104F079FE2000F8
:109DE000FFF79EFC051E04D12000FFF799FD051E1C
:109DF00014D0280018B01CBC90469946A246F0BD6D
:109E0000A068F8F713FD0023139000221399A068AF
:109E10001493F8F79DFC8AE73D4DEAE713AB9946AA
:109E200004AB9A46A16818000022F8F717FD4B46CC
:109E3000524643CA43C303CA03C34B4648461D7335
:109E400006F030FA012006F0CBF9139806F00AFA72
:109E50006A46029516AB03CB03C24B4613995A6868
:109E6000A0689B68F8F782FC0120404206F076FD6E
:109E7000A16850460122F8F7F1FC4B46524643CA0E
:109E800043C303CA03C34B4648461D7306F00AFA90
:109E900043466A46029316AB03CB03C24B46139963
:109EA0005A68A0689B68F8F761FCA16802225046D6
:109EB000F8F7D4FC56464B4607CE07C306CE06C37A
:109EC0004B4648461D7306F0EDF96A46029716ABFD
:109ED00003CB03C24B4613995A68A0689B68F8F7F6
:109EE00045FC002006F07CF900210A4805F072FAD2
:109EF000012006F075F96068F8F7EEFB0021F8F72D
:109F000037FB0321002005F05FFC72E700406F4043
:109F1000095200006420000010B5040008006160D0
:109F2000F8F7DCFBA0606068F8F7DAFBE06020007F
:109F3000FFF7DEFE10BDC04600207047014B08331E
:109F40000360704758E5010030B591B00400382136
:109F500002A805F07DF8012000210A900B9109204C
:109F60000021144A0C900D910592134A6946012371
:109F7000049230220025013809188B540F930F4B9F
:109F8000E06802930E4B06950393F8F731FF0890B3
:109F9000A068F8F74FFC6B466946099002A81D7748
:109FA00006F074FFA0680099019AF8F7D1FB002031
:109FB00011B030BD0024744B001B374CE92A854397
:109FC00000401C46080010B50A210DF087FC08006F
:109FD00010BDC04610B50400024918300BF02EFB2E
:109FE000200010BD9CE50100002370B50D000400A9
:109FF000C360074918300BF0B7FB28002560F8F75D
:10A000006DFB60602800F8F76BFBA06070BDC04678
:10A010009CE5010070B515000C000322002B12D046
:10A020000A49200010F0A0FC29000422200011F0B1
:10A0300093FA200011F089FA03220549201810F044
:10A0400093FC002070BD0349EBE7C04664E50100C6
:10A0500068E501006CE50100F0B5C6460C0000B5EE
:10A06000060084B020009E4915000BF0CFFB0028AD
:10A0700058D0AB68002B00D1C8E001235B4200241C
:10A08000984600270AE0210028000BF0DBFB03784C
:10A09000202B0AD0AB6801349C420FD2210028004B
:10A0A0000BF0D0FB03782C2BEDD142460132A242BB
:10A0B00012DBA046AB6801349C42EFD3424601322A
:10A0C0009A421ED3791CB068F8F73EFD00242000A8
:10A0D00004B004BC9046F0BDB3682900984601A8BE
:10A0E00023000BF0E1FB01A80BF01CFC3A00011C63
:10A0F0004046F8F713FD01A80BF0E0FAA04601373F
:10A10000D8E7290001A8B4680BF0CEFB01A80BF03A
:10A1100009FC3A00011C2000F8F700FD01A80BF033
:10A12000CDFACFE720006F490BF070FB00285DD01F
:10A13000AB68002B58D001235B42002498460027CF
:10A140000AE0210028000BF07DFB0378202B0AD0C9
:10A15000AB680134A3420FD9210028000BF072FB39
:10A1600003782C2BEDD142460132A2421ADBA046E5
:10A17000AB680134A342EFD8424601329A4233D24F
:10A18000290001A8B4680BF08FFB01A80BF0CAFBF3
:10A190003A00011C2000F8F7C5FC01A80BF08EFA6C
:10A1A000002494E7B3682900984601A823000BF027
:10A1B0007BFB01A80BF0B6FB3A00011C4046F8F708
:10A1C000B1FC01A80BF07AFAA0460137D0E72000D5
:10A1D00045490BF01BFB00286AD028000BF098FBC8
:10A1E0000100B068F8F780FC002470E720003F49C8
:10A1F0000BF00CFB00280BD028000BF093FB410068
:10A200004908B068F8F764FC002460E701215AE7C8
:10A21000200037490BF0FAFA002814D12000354904
:10A220000BF0F4FA002819D028000BF071FB01287C
:10A2300038D028000BF06CFB041ED5D10021B0688B
:10A24000F8F780FC43E728000BF062FBC317C11846
:10A250005940B068F8F73EFC002438E72000264952
:10A260000BF0D4FA002808D028000BF051FB0100B5
:10A27000B068F8F79DFC002429E720001F490BF087
:10A28000C5FA0028A3D028000BF042FB01281ED0FD
:10A2900028000BF03DFB041EA6D10121B068F8F7A1
:10A2A0001FFC14E70121B068F8F74CFC00240EE70E
:10A2B000200013490BF0AAFA00280ED028000BF05A
:10A2C00027FB0100B068F8F713FC0024FFE600212B
:10A2D000B068F8F705FC0024F9E60A4CF7E6C0463A
:10A2E00070E5010074E5010098E5010078E50100E2
:10A2F00080E5010084E501008CE5010094E50100A2
:10A30000A0E50100DB59000070B50C0006003D49D6
:10A31000200015000BF07AFA00280AD02800B46853
:10A320000BF000FB011C2000F8F7CAFB0024200002
:10A3300070BD200034490BF069FA002804D02800D1
:10A340000BF0F0FA0024F2E7200030490BF05EFA3F
:10A35000002810D120002E490BF058FA002814D004
:10A3600028000BF0D5FAC317C1185940B068F8F7A8
:10A37000B1FB0024DBE728000BF0D4FA41004908C8
:10A38000B068F8F7A5FB0024D1E7200021490BF0C5
:10A390003DFA00280BD028000BF0BAFA012824D08F
:10A3A00028000BF0B5FA041E25D00024BFE72000DA
:10A3B00019490BF02BFA002808D028000BF0A8FA56
:10A3C0000100B068F8F790FB0024B0E720001349C3
:10A3D0000BF01CFA002813D028000BF099FA0100AA
:10A3E000B068F8F785FB0024A1E70021B068F8F712
:10A3F00077FB00249BE70121B068F8F771FB96E733
:10A40000074C94E774E5010078E50100A8E5010038
:10A4100080E5010094E5010098E50100A0E5010058
:10A42000DB59000070B50C000500614920001600E2
:10A430000BF0ECF900280AD03000AC680BF072FA8F
:10A44000011C2000F8F73CFB0024200070BD200018
:10A4500058490BF0DBF9002811D03000AC680BF044
:10A4600061FA011C2000F8F72DFB3000AC680BF0FE
:10A4700059FA011C2000F8F727FB0024E5E720002B
:10A480004D490BF0C3F900280FD120004B490BF0C8
:10A49000BDF9002813D030000BF044FA4100490800
:10A4A000A868F8F715FB0024CFE730000BF03AFA64
:10A4B00041004908A868F8F709FB0024C5E7200017
:10A4C0003F490BF0A3F900280ED120003D490BF0C5
:10A4D0009DF9002813D030000BF01AFA0100A8688B
:10A4E000F8F766FB0024B0E730000BF011FAC31751
:10A4F000C1185940A868F8F7EDFA0024A5E7200034
:10A5000031490BF083F9002810D030000BF000FA2D
:10A5100001282FD030000BF0FBF9041E01D00024DD
:10A5200093E70021A868F8F70DFB8EE72000274984
:10A530000BF06CF900280ED030000BF0E9F901287F
:10A540002DD030000BF0E4F9041EE8D10121A868F9
:10A55000F8F7C6FA79E720001D490BF057F90028F3
:10A560000ED030000BF0D4F90100A868F8F7BCFA5F
:10A5700000246AE70121A868F8F7E4FA002464E7F8
:10A58000200014490BF042F900280ED030000BF0E7
:10A59000BFF90100A868F8F7ABFA002455E70021DD
:10A5A000A868F8F79DFA00244FE70B4C4DE7C0462A
:10A5B000ACE50100B0E50100B8E50100A8E5010047
:10A5C00080E501008CE5010084E5010094E50100CF
:10A5D00098E50100A0E50100DB59000070B50C0012
:10A5E00005006549200016000BF010F900280AD07C
:10A5F0003000AC680BF096F9011C2000F8F760FA07
:10A600000024200070BD20005C490BF0FFF80028FA
:10A6100009D03000AC680BF085F9011C2000F8F778
:10A6200051FA0024EDE7200055490BF0EFF800281F
:10A630000FD1200053490BF0E9F8002813D0300067
:10A640000BF070F941004908A868F8F73FFA0024B8
:10A65000D7E73000AC680BF065F9011C2000F8F773
:10A6600033FA0024CDE7200047490BF0CFF800284B
:10A6700010D1200045490BF0C9F8002814D0300053
:10A680000BF046F9C317C1185940A868F8F722FA29
:10A690000024B6E730000BF045F941004908A868EE
:10A6A000F8F716FA0024ACE7200039490BF0AEF8B1
:10A6B000002808D030000BF02BF90100A868F8F74B
:10A6C00077FA00249DE7200032490BF09FF800281C
:10A6D00010D030000BF01CF901282FD030000BF007
:10A6E00017F9041E01D000248BE70021A868F8F7B1
:10A6F00029FA86E7200028490BF088F800280ED0B8
:10A7000030000BF005F901282DD030000BF000F9D6
:10A71000041EE8D10121A868F8F7E2F971E72000EA
:10A720001E490BF073F800280ED030000BF0F0F843
:10A730000100A868F8F7D8F9002462E70121A868A9
:10A74000F8F700FA00245CE7200015490BF05EF8EA
:10A7500000280ED030000BF0DBF80100A868F8F7F5
:10A76000C7F900244DE70021A868F8F7B9F90024DB
:10A7700047E70C4C45E7C046ACE50100BCE50100ED
:10A78000C0E50100B8E50100A8E5010080E5010091
:10A790008CE5010084E5010094E5010098E50100E5
:10A7A000A0E50100DB590000F0B54F46D64646460D
:10A7B0000C00C0B5050084B020008F4917000BF0D5
:10A7C00025F8002810D03800AC680BF0ABF8012257
:10A7D000011C2000F8F7A2F90026300004B01CBCD0
:10A7E00090469946A246F0BD200084490BF00EF831
:10A7F000002809D03800AC680BF094F8011C200048
:10A80000F8F75EF90026E8E720007D490AF0FEFF30
:10A81000002810D120007B490AF0F8FF002814D04E
:10A820003800AC680BF07EF80022011C2000F8F71D
:10A8300075F90026D1E73800AC680BF073F8011CFD
:10A840002000F8F741F90026C7E720006E490AF01A
:10A85000DDFF002826D0BB68002B70D0002399466E
:10A86000013B0024984601AE210038000AF0EAFFBF
:10A8700003782C2B26D0BB680134A342F4D842467F
:10A8800039003000AC680BF00FF830000BF04AF8DC
:10A890004A46011C2000F8F745F930000AF00EFF87
:10A8A00000269AE7200059490AF0B0FF002826D078
:10A8B00038000BF037F841004908A868F8F708F9A4
:10A8C00000268AE74246AB68390001329A463000DA
:10A8D00023000AF0E9FF30000BF024F84A46011C7F
:10A8E0005046F8F71FF930000AF0E8FE01239C46B5
:10A8F000BB680134A046E1449C42B5D3BFE72000C9
:10A9000043490AF083FF00280AD038000BF000F812
:10A91000C317C1185940A868F8F7DCF800265CE7AF
:10A9200020003C490AF072FF00280ED038000AF0DF
:10A93000EFFF0100A868F8F73BF900264DE7012278
:10A9400000215242894601AE9AE7200032490AF0BE
:10A950005DFF002810D038000AF0DAFF01282FD060
:10A9600038000AF0D5FF061E01D0002635E70100A9
:10A97000A868F8F7E7F830E7200028490AF046FF12
:10A9800000280ED038000AF0C3FF01282CD0380070
:10A990000AF0BEFF061EE8D10121A868F8F7A0F86A
:10A9A0001BE720001E490AF031FF061E0ED03800BA
:10A9B0000AF0AEFF0100A868F8F796F800260CE749
:10A9C0000121A868F8F7BEF8002606E7200015491F
:10A9D0000AF01CFF00280DD038000AF099FF010092
:10A9E000A868F8F785F8F8E60021A868F8F778F87D
:10A9F0000026F2E60C4EF0E6C4E50100ACE50100ED
:10AA0000B0E50100C8E5010074E50100D0E50100F2
:10AA100080E501008CE5010084E5010094E501007A
:10AA200098E50100A0E50100DB590000F0B54F46B4
:10AA3000D64646460C00C0B5050084B020008F49BC
:10AA400017000AF0E3FE00280FD03800AC680AF0C7
:10AA500069FF011C2000F8F733F80026300004B02D
:10AA60001CBC90469946A246F0BD200084490AF0DD
:10AA7000CDFE002809D03800AC680AF053FF011C55
:10AA80002000F8F721F80026E8E720007D490AF0C9
:10AA9000BDFE002810D120007B490AF0B7FE002837
:10AAA00015D03800AC680AF03DFF0122011C2000DF
:10AAB000F8F734F80026D1E73800AC680AF032FF26
:10AAC0000022011C2000F8F729F80026C6E7200024
:10AAD0006E490AF09BFE002826D0BB68002B70D080
:10AAE00000239946013B0024984601AE210038001E
:10AAF0000AF0A8FE03782C2B26D0BB680134A342B1
:10AB0000F4D8424639003000AC680AF0CDFE30007F
:10AB10000AF008FF4A46011C2000F8F703F830004D
:10AB20000AF0CCFD002699E7200059490AF06EFE94
:10AB3000002826D038000AF0F5FE41004908A86830
:10AB4000F7F7C6FF002689E74246AB6839000132B5
:10AB50009A46300023000AF0A7FE30000AF0E2FE19
:10AB60004A46011C5046F7F7DDFF30000AF0A6FD0B
:10AB700001239C46BB680134A046E1449C42B5D306
:10AB8000BFE7200043490AF041FE00280AD0380000
:10AB90000AF0BEFEC317C1185940A868F7F79AFF1C
:10ABA00000265BE720003C490AF030FE00280ED06A
:10ABB00038000AF0ADFE0100A868F7F7F9FF00269B
:10ABC0004CE7012200215242894601AE9AE720005B
:10ABD00032490AF01BFE002810D038000AF098FE17
:10ABE00001282FD038000AF093FE061E01D000265F
:10ABF00034E70100A868F7F7A5FF2FE720002849F0
:10AC00000AF004FE00280ED038000AF081FE012868
:10AC10002CD038000AF07CFE061EE8D10121A8687D
:10AC2000F7F75EFF1AE720001E490AF0EFFD061E47
:10AC30000ED038000AF06CFE0100A868F7F754FF48
:10AC400000260BE70121A868F7F77CFF002605E73F
:10AC5000200015490AF0DAFD00280DD038000AF06E
:10AC600057FE0100A868F7F743FFF7E60021A86840
:10AC7000F7F736FF0026F1E60C4EEFE6ACE50100F3
:10AC8000B0E50100C8E50100D8E5010074E5010068
:10AC9000D0E5010080E501008CE5010084E50100BC
:10ACA00094E5010098E50100A0E50100DB590000F2
:10ACB00070B50C0005005649200016000AF0A6FDEC
:10ACC00000280AD03000AC680AF02CFE011C2000DD
:10ACD000F7F73CFF0024200070BD20004D490AF02A
:10ACE00095FD002809D03000AC680AF01BFE011C5D
:10ACF0002000F7F72FFF0024EDE7200046490AF077
:10AD000085FD002811D1200044490AF07FFD00286C
:10AD100015D03000AC680AF005FE80231B06C11870
:10AD20002000F7F71BFF0024D5E73000AC680AF0DD
:10AD3000F9FD011C2000F7F70FFF0024CBE72000EE
:10AD400037490AF063FD002811D1200035490AF087
:10AD50005DFD00281AD030000AF0DAFD012839D054
:10AD600030000AF0D5FD041E0BD00024B3E73000FC
:10AD7000AC680AF0CDFD411C2000F7F7F1FE00247D
:10AD8000A9E70021A868F7F7EDFEA4E7200026490F
:10AD90000AF03CFD00280ED030000AF0B9FD012871
:10ADA0002DD030000AF0B4FD041EDED10121A868C8
:10ADB000F7F796FE8FE720001C490AF027FD0028D0
:10ADC0000ED030000AF0A4FD0100A868F7F78CFE51
:10ADD000002480E70121A868F7F7C4FE00247AE781
:10ADE000200013490AF012FD00280ED030000AF0AE
:10ADF0008FFD0100A868F7F77BFE00246BE70021B8
:10AE0000A868F7F76DFE002465E70A4C63E7C046C3
:10AE1000E0E50100E4E50100ECE50100F0E50100FA
:10AE2000F4E50100FCE5010094E5010098E501006E
:10AE3000A0E50100DB590000F8B54746CE460D00FD
:10AE400080B519002800984617000AF0FBFC03782B
:10AE5000222B3FD1B8453DDA002344464646994669
:10AE60000AE00136310028000AF0ECFC0378222BBE
:10AE70002DD00134A7422AD0210028000AF0E2FC9C
:10AE800001785C29EDD1210028000AF0DBFC037871
:10AE9000222B14D0210028000AF0D4FC03785C2B6C
:10AEA0000DD0210028000AF0CDFC03782F2B06D00E
:10AEB000210028000AF0C6FC0378622B10D102366C
:10AEC000310028000AF0BEFC0378222BD1D14B467A
:10AED000002B00D0464630000CBC90469946F8BD89
:10AEE000210028000AF0AEFC0378662BE7D0210091
:10AEF00028000AF0A7FC03786E2BE0D02100280080
:10AF00000AF0A0FC0378722BD9D0210028000AF0A7
:10AF100099FC0378742BD2D0210028000AF092FC0F
:10AF20000378752BCBD0012301369946A1E7C046A3
:10AF3000F0B50E0014001D00070087B01E496846DA
:10AF40000AF07CFB310003A80AF092FB22002B00E0
:10AF5000380003A9FFF770FF040003A80AF0AEFB56
:10AF6000A54205DB68460AF0A9FB200007B0F0BD4A
:10AF700023006A1C310003A80AF096FC03A9684666
:10AF80000AF0CEFB03A80AF099FB68460B4901348E
:10AF90000AF03CFC002806D001233B612100300070
:10AFA0000AF050FCDEE7684605490AF02FFC00284D
:10AFB000F4D002233B61F1E79CE5010004E60100C7
:10AFC00008E60100F0B50E0014001D00070087B070
:10AFD000234968460AF032FB310003A80AF048FB17
:10AFE00022002B00380003A9FFF726FF040003A866
:10AFF0000AF064FBA54205DB68460AF05FFB20000F
:10B0000007B0F0BD23006A1C310003A80AF04CFC15
:10B0100003A968460AF084FB03A80AF04FFB6846C0
:10B02000104901340AF0F2FB002806D000233B61EE
:10B03000210030000AF006FCDEE768460A490AF003
:10B04000E5FB002802D001233B61F1E76846074990
:10B050000AF0DCFB0028EBD002233B61E8E7C046A6
:10B060009CE501000CE6010014E6010060E401002B
:10B07000F0B50F0014001D00060087B0194968469E
:10B080000AF0DCFA390003A80AF0F2FA22002B00D9
:10B09000300003A9FFF7D0FE040003A80AF00EFB5E
:10B0A000A54218DA23006A1C390003A80AF0FCFB49
:10B0B00003A968460AF034FB03A80AF0FFFA31003E
:10B0C000684614310023042201340AF0C9FB210030
:10B0D00038000AF0B7FB68460AF0F0FA200007B023
:10B0E000F0BDC0469CE50100F0B5C6460E00170055
:10B0F0001D0000B593422BDA1C00531E9846210018
:10B1000030000AF09FFB0378312B1BD02100300068
:10B110000AF098FB0378322B14D0210030000AF09B
:10B1200091FB0378332B0DD0210030000AF08AFB0D
:10B130000378342B06D0210030000AF083FB03781B
:10B14000352B09D1A84500DD01350134A742D6D100
:10B15000280004BC9046F0BD210030000AF072FBCC
:10B160000378362BEED0210030000AF06BFB037819
:10B17000372BE7D0210030000AF064FB0378382B2E
:10B18000E0D0210030000AF05DFB0378392BD9D0E4
:10B19000210030000AF056FB0378302BD2D021007A
:10B1A00030000AF04FFB03782E2BD1D02100300065
:10B1B0000AF048FB0378452BCAD0210030000AF082
:10B1C00041FB0378652BC3D0210030000AF03AFB25
:10B1D00003782C2BBCD0210030000AF033FB03781D
:10B1E0007D2BB5D0210030000AF02CFBB0E7C04623
:10B1F000F0B5CE4647460D0080B51900804685B0B3
:10B2000028001C0016000AF01DFB03782D2B60D1CE
:10B21000002399460134210028000AF013FB03782B
:10B22000312B00D0A9E0731EA34200DDEFE04B46B6
:10B23000002B2BD1210028000AF004FB0378270003
:10B240002E2B15D1731EA34221DD2900013401A844
:10B250000AF00EFA2300320001A94046FFF744FF2E
:10B26000070001A80AF02AFA4B46002B0FD13C0038
:10B27000390028000AF0E6FA0378452B0DD0390092
:10B2800028000AF0DFFA0378652B06D02700380083
:10B2900005B00CBC90469946F0BD671C39002800EB
:10B2A0000AF0D0FA03782B2B00D0C0E0731EBB420B
:10B2B000EDDD2900023401A80AF0DAF9230032009A
:10B2C000404601A9FFF710FF070001A80AF0F6F9B0
:10B2D000DDE7210028000AF0B5FA00220378914644
:10B2E000312B98D0210028000AF0ACFA0378322BD9
:10B2F00000D190E7210028000AF0A4FA0378332B4C
:10B3000000D188E7210028000AF09CFA0378342B4A
:10B3100000D180E7210028000AF094FA0378352B49
:10B3200000D178E7210028000AF08CFA0378362B48
:10B3300000D170E7210028000AF084FA0378372B47
:10B3400000D168E7210028000AF07CFA0378382B46
:10B3500000D160E7210028000AF074FA0378392B45
:10B3600000D158E7210028000AF06CFA0378303B3E
:10B370005A1E9341DBB299464DE7210028000AF09E
:10B3800061FA0378322B00D14DE7210028000AF042
:10B3900059FA0378332B00D145E7210028000AF041
:10B3A00051FA0378342B00D13DE7210028000AF040
:10B3B00049FA0378352B00D135E7210028000AF03F
:10B3C00041FA0378362B00D12DE7210028000AF03E
:10B3D00039FA0378372B00D125E7210028000AF03D
:10B3E00031FA0378382B00D11DE7210028000AF03C
:10B3F00029FA0378392B00D115E7210028000AF03B
:10B4000021FA0378302B00D040E7013412E72900FD
:10B41000013401A80AF02CF923003200404601A9AA
:10B42000FFF762FE040001A80AF048F9FFE63900C0
:10B4300028000AF007FA03782D2B00D136E73900EF
:10B4400028000AF0FFF90378312B00D12EE73900EC
:10B4500028000AF0F7F90378322B00D126E73900EB
:10B4600028000AF0EFF90378332B00D11EE73900EA
:10B4700028000AF0E7F90378342B00D116E73900E9
:10B4800028000AF0DFF90378352B00D10EE73900E8
:10B4900028000AF0D7F90378362B00D106E73900E7
:10B4A00028000AF0CFF90378372B00D1FEE63900E7
:10B4B00028000AF0C7F90378382B00D1F6E63900E6
:10B4C00028000AF0BFF90378392B00D1EEE63900E5
:10B4D00028000AF0B7F90378302B00D1E6E6D6E66B
:10B4E000F0B5DE464E46574645468146E0B5C84E65
:10B4F00091B00F0001A8310015001C000AF09EF861
:10B50000310004A80AF09AF84B469868F7F72EFB2A
:10B51000010007A80AF092F8210038000AF092F919
:10B5200003787B2B00D0ADE00134AC4200DBA9E016
:10B53000A34639000DA80AF09BF823002A004846CC
:10B540000DA9FFF779FC06000DA80AF0B7F8A6428E
:10B5500000DCBBE13300621C39000DA80AF0A4F93D
:10B560000DA901A80AF0DCF8741C0DA80AF0A6F8D1
:10B57000210038000AF066F903783A2B00D081E008
:10B58000023639000DA80AF073F8B54204DC9BE1DD
:10B590000136B54200D19BE031000DA80AF052F906
:10B5A0000378202BF4D0B0460DA80AF087F8414666
:10B5B00038000AF047F903785B2B00D195E0390099
:10B5C0000DA80AF055F833002A0048460DA9FFF7E8
:10B5D0000FFE04000DA80AF071F8B44252DD2300FA
:10B5E000424639000DA80AF05FF90DA904A80AF037
:10B5F00097F80DA80AF062F8864907A80AF006F93C
:10B60000002850D001A90AA80AF032F804A90DA810
:10B610000AF02EF848460DAA0AA9FEF775FE0600A4
:10B620000DA80AF04BF80AA80AF048F8002E29D114
:10B63000210038000AF006F903787D2B00D147E19C
:10B64000210038000AF0FEF803782C2B1AD10134BF
:10B6500039000DA80AF00CF8A54203DC09E001341A
:10B66000A54237D021000DA80AF0ECF80378202B72
:10B67000F5D00DA80AF022F801239C46E3445D456D
:10B6800000D056E707A80AF019F804A80AF016F83F
:10B6900001A80AF013F8200011B03CBC904699466E
:10B6A000A246AB46F0BD5C4907A80AF0AFF80028F7
:10B6B00000D1B3E001A90AA809F0DAFF04A90DA896
:10B6C00009F0D6FF48460DAA0AA9FEF7C5FCA6E771
:10B6D000A84669E70DA809F0F1FF01239C46E34461
:10B6E0002C005D4500D024E7CCE701363400B0469D
:10B6F00039000DA809F0BCFFA54203DC09E00134C4
:10B70000A54274D021000DA80AF09CF80378202BE4
:10B71000F5D026000DA809F0D1FF39000DA809F0D9
:10B72000A7FF33002A000DA94846FFF761FD04007A
:10B730000DA809F0C3FFA246A0455ADB39000DA8A9
:10B7400009F096FFA54203DC34E00134A54230D075
:10B7500021000DA80AF076F80378202BF5D00DA86B
:10B7600009F0ACFF210038000AF06CF803782C2BAC
:10B770002AD039000DA809F07BFFAC4203DB09E0B9
:10B780000134A5422CD021000DA80AF05BF8037803
:10B79000202BF5D00DA809F091FFA642A8D12100D9
:10B7A00038000AF04FF803785D2B00D06AE70134C7
:10B7B00022E7AA460DA809F081FF514638000AF099
:10B7C00041F803782C2B01D10134D2E739000DA8C0
:10B7D00009F04EFF0DA809F071FFA64288D1DEE7FF
:10B7E0000DA82C0009F06AFFA64281D1D7E72E00F0
:10B7F00090E72300424639000DA80AF055F80DA93C
:10B8000004A809F08DFF0DA809F058FF96E7C0467F
:10B810009CE50100F4E401006CE40100594907A82B
:10B8200009F0F4FF00280DD001A90AA809F020FFB3
:10B8300004A90DA809F01CFF48460DAA0AA9FEF7A5
:10B84000F1FDECE6504907A809F0E0FF00280DD013
:10B8500001A90AA809F00CFF04A90DA809F008FF26
:10B8600048460DAA0AA9FEF7B9FED8E6474907A837
:10B8700009F0CCFF002819D1454907A809F0C6FFF7
:10B88000002805D1434907A809F0C0FF002821D0AE
:10B8900001A90AA809F0ECFE04A90DA809F0E8FE28
:10B8A00048460DAA0AA9FFF7C1F8B8E601A90AA8F7
:10B8B00009F0DEFE04A90DA809F0DAFE48460DAA3B
:10B8C0000AA9FEF771FFAAE6B0466DE63400D9E694
:10B8D0000134D7E6304907A809F098FF00280DD0B9
:10B8E00001A90AA809F0C4FE04A90DA809F0C0FE28
:10B8F00048460DAA0AA9FFF7DBF990E6274907A8F1
:10B9000009F084FF002800D192E601A90AA809F0F5
:10B91000AFFE04A90DA809F0ABFE21490AA809F061
:10B9200075FF002810D00DA809F0F2FFC317C11849
:10B9300059404B465868F6F707FF0DA809F0BEFEC0
:10B940000AA809F0BBFE73E616490AA809F05EFFD3
:10B95000002810D00DA809F0DBFFC317C11859400B
:10B960004B465868F6F7F2FE0DA809F0A7FE0AA8A4
:10B9700009F0A4FE5CE60DA809F0A0FE0AA809F0F3
:10B980009DFE7FE670E4010074E4010078E40100AC
:10B990007CE4010080E4010084E40100F0E40100A3
:10B9A00000E6010080E50100F0B5CE4647460E00F6
:10B9B00080B587B0C3490700684615001C0009F030
:10B9C0003DFE310003A809F053FEA54203DC43E02D
:10B9D0000134A5423FD0210003A809F033FF0378CA
:10B9E000202BF5D003A809F069FE2100300009F0F2
:10B9F00029FF03783A2B25D1310003A809F038FE3E
:10BA0000A54203DC09E00134A54206D0210003A8C9
:10BA100009F018FF0378202BF5D003A809F04EFE9B
:10BA2000631C9846310003A809F022FE43462A0011
:10BA3000380003A9FFF7DCFB040003A809F03EFE71
:10BA4000A04518DB684609F039FE200007B00CBCA1
:10BA500090469946F0BD2C0003A809F02FFE210066
:10BA6000300009F0EFFE03783A2BEBD1310003A848
:10BA700009F0FEFDD1E723004246310003A809F09A
:10BA800013FF03A9684609F04BFE03A809F016FE50
:10BA9000684609F03DFF3100F86003A8A14609F0AF
:10BAA000E7FDA54204DCA9E00134A54200D1A4E0F1
:10BAB000210003A809F0C6FE0278202AF4D003A8CA
:10BAC00009F0FCFD2100300009F0BCFE03782C2BAE
:10BAD000B8D1310003A809F0CBFDA54204DC0AE08F
:10BAE0000134A54200D19AE0210003A809F0AAFE82
:10BAF0000378202BF4D0A14603A809F0DFFD4B46C4
:10BB000031005C1C03A809F0B3FD23002A003800B3
:10BB100003A9FFF791F9A046040003A809F0CEFDA0
:10BB2000A04500DB8EE74A4623000232310003A81D
:10BB300009F0BAFE03A9684609F0F2FD03A809F06E
:10BB4000BDFD38006946183009F0C0FD01343100F0
:10BB500003A809F08DFDA54203DC89E00134A5426C
:10BB60005FD0210003A809F06DFE0378A046202BCA
:10BB7000F4D003A809F0A2FD4146300009F062FEAE
:10BB800003783A2B00D05DE70134310003A809F0B7
:10BB90006FFDA54203DC09E00134A54206D0210077
:10BBA00003A809F04FFE0378202BF5D003A809F075
:10BBB00085FDFB68032B5DD035DC012B00D187E0D0
:10BBC000022B17D1B868F6F7D1FF3F4B83420DD057
:10BBD000310003A809F04CFD23002A00380003A916
:10BBE000FFF77EFC040003A809F068FD013DA542B3
:10BBF00000D18FE00124644224E7A94603A809F09C
:10BC00005DFD4946300009F01DFE03782C2B00D065
:10BC100018E7310003A809F02BFDA1466CE7A946FF
:10BC20006AE7A846A5E7042BE4D1310003A809F090
:10BC30001FFD23002A0003A93800FFF779F9013D11
:10BC4000040003A809F03AFDA542D3D1F968786849
:10BC5000F6F778FD39693868F6F73AFD3B69012B4C
:10BC6000C8D101241949B868F6F724FF6442E9E60F
:10BC7000A0467EE7310003A809F0FAFC23002A0061
:10BC800003A93800FFF79EF9013D040003A809F05D
:10BC900015FDA542AED1F9687868F6F753FD39690C
:10BCA0003868F6F717FD3B69002BA3D0012B3AD07B
:10BCB000022B9FD1012401213868F6F707FD644269
:10BCC000C0E6C0469CE5010068E40100F0E4010024
:10BCD000310003A809F0CCFC23002A0003A9380096
:10BCE000FFF7C6F9013D040003A809F0E7FCA542EF
:10BCF00000D07FE7F9687868F6F724FD3900012461
:10BD0000B8681431F6F7D6FE02213868F6F7DEFC83
:10BD1000644297E6F9687868F6F714FD03213868FD
:10BD2000F6F7D4FC66E7012404213868F6F7CEFC68
:10BD3000644287E6F0B5050087B00C008F6868465E
:10BD4000274909F07BFC2868F6F7CAFC0021A860A7
:10BD5000200009F077FD03787B2B06D0214E684642
:10BD600009F0ACFC300007B0F0BD210003A809F0D9
:10BD70007FFC01233A00280003A9FFF75DF80600C5
:10BD800003A809F09BFC012E27DD330002222100CD
:10BD900003A809F089FD03A9684609F0C1FC03A8BE
:10BDA00009F08CFC68461049013609F02FFD002887
:10BDB0000ED0210003A809F05BFC33003A002800F4
:10BDC00003A9FFF7F1FD060003A809F077FCC6E719
:10BDD0006846064909F01AFDC1E7054EBFE7C046AF
:10BDE0009CE50100D95900001CE6010020E6010095
:10BDF000DA59000010B50400583000F03FFFBE23B0
:10BE0000DB00E01806F0FEFC200010BD10B50400B9
:10BE1000100021606265F6F765FC21682065024824
:10BE200007F0F2F810BDC0463011002070B50E7852
:10BE300004000D00432E03D14B78412B00D17AE052
:10BE4000280055490FF06FFB00282AD10123534ADF
:10BE5000211D206DFEF7DEF821000023504A0E312F
:10BE6000206DFEF7D7F8210001234E4A1831206DCE
:10BE7000FEF7D0F8210000234B4A2231206DFEF757
:10BE8000C9F821000023494A2C31206DFEF7C2F881
:10BE900021000023206D464A3631FEF7BBF8002012
:10BEA00070BD432E4CD0280042490FF03CFB0028C7
:10BEB000CCD0280040490FF036FB0028C6D028001F
:10BEC0003E490FF030FB0028C0D028003C490FF05D
:10BED0002AFB00283CD028003A490FF024FB002818
:10BEE000DDD1211D01232D4A206DFEF793F821009D
:10BEF00000232B4A206D0E31FEF78CF82100012320
:10BF0000284A206D1831FEF785F8210000232E4ABB
:10BF1000206D2231FEF77EF8210000232B4A206D90
:10BF20002C31FEF777F821000023206D284A3631A6
:10BF3000FEF770F8B3E78B78002B00D186E77FE738
:10BF40006B78562BAFD1AB78002B00D17EE7AAE7F8
:10BF5000211D0123114A206DFEF75CF8210000230A
:10BF60000F4A206D0E31FEF755F8210001230D4ACE
:10BF7000206D1831FEF74EF8210000230A4A206D8B
:10BF80002231FEF747F821000023206D084A2C31AA
:10BF9000FEF740F883E7C04670E4010024E60100A4
:10BFA00028E601002CE6010030E601001CE6010055
:10BFB00034E6010078E401007CE4010080E4010043
:10BFC000F4E4010084E4010038E6010020E6010009
:10BFD0003CE60100F0B5802585B00700164901A8B0
:10BFE00009F02CFB0024154EAD000CE00B007B3B50
:10BFF0005A42534101A8E41809F0E0FB002C11D08B
:10C00000013D002D0ED069460122300006F0FEFFF2
:10C010006B4619787D29E9D1013C01A809F0CEFBD6
:10C02000002CEDD101A9380009F03CFB01A809F072
:10C0300045FB380005B0F0BD9CE501003011002043
:10C04000002300B583B0002200210093024806F0CF
:10C05000E1FB03B000BDC0466003002010B50348FB
:10C0600006F012FFC317181AC00F10BD30110020C0
:10C0700030B50C00A5B004AD012329000F4A006DB6
:10C08000FDF7C8FF0A226946200009F0ADFD040053
:10C0900028000FF05AFA210028180FF03BFA04008C
:10C0A000022207490EF060FC621B2900013205489C
:10C0B00006F0F6FE002025B030BDC04640E6010087
:10C0C00044E601003011002030B585B06D46040013
:10C0D00001232900114A006DFDF79CFF606DF6F702
:10C0E000FDFAF6F793FB0A2202A909F07DFD040090
:10C0F00028000FF02AFA210028180FF00BFA04008C
:10C10000022207490EF030FC621B2900013205486B
:10C1100006F0C6FE002005B030BDC04620E6010096
:10C1200044E601003011002030B504008DB00D0050
:10C13000012304A91C4A006DFDF76CFF002302A92E
:10C14000206D1A4AFDF766FF01A90A22032009F0B3
:10C150004BFD0422010004A80FF0FEF902A90722FA
:10C1600004A80FF0F9F904A80FF0EFF904AB9C460E
:10C17000022260440E490EF0F7FB2900042204A8B5
:10C180000FF0EAF904A80FF0E0F9040004AB181866
:10C19000032208490EF0E8FBA21C04A9064806F099
:10C1A0007FFE00200DB030BD1CE6010048E6010016
:10C1B0004CE6010050E601003011002084B010B5BB
:10C1C000B2B037933A9B040035913692092B0DD0CB
:10C1D00012A80FF0BAF912A902003B4806F060FE5F
:10C1E000002032B010BC08BC04B01847011D0A2260
:10C1F00012A80FF0D8F905A90A22359809F0F4FC25
:10C200001022010012A80FF0A7F921000A220E3116
:10C2100012A80FF0A1F921000A22183112A80FF07C
:10C220009BF9369B05A918000A22039309F0DCFC50
:10C230001022010012A80FF08FF921000A222231EA
:10C2400012A80FF089F937980EF024FA09AB009381
:10C250000722052309F072FB09A9212212A80FF079
:10C260007BF921000A222C3112A80FF075F93898B9
:10C270000EF010FA09AB00930722052309F05EFBCC
:10C2800009A9212212A80FF067F921000A223631EC
:10C2900012A80FF061F939980EF0FCF909AB009380
:10C2A0000722052309F04AFB09A9212212A80FF051
:10C2B00053F912A80FF049F912AB9C460322034927
:10C2C00060440EF051FB83E73011002054E601007A
:10C2D00084B0F0B54746CE4680B5B1B03B9316006A
:10C2E0003A923B9A3E9B91463D9A05000F0090463C
:10C2F0003991022B00D17CE0033B10AC052B67D8B1
:10C3000010AC011D0A2220000FF04DF90A2203A9EA
:10C31000380009F069FC1022010020000FF01CF920
:10C3200029000A220E3120000FF016F929000A22F6
:10C33000183120000FF010F90A2203A9300009F08B
:10C3400053FC1022010020000FF006F929000A22F8
:10C35000223120000FF000F948460EF09BF907ABA0
:10C3600007220093052309F0E9FA212207A92000FA
:10C370000FF0F2F829000A222C3120000FF0ECF81F
:10C380003C980EF087F907AB07220093052309F0CC
:10C39000D5FA07A9212220000FF0DEF82900363156
:10C3A0000A2220000FF0D8F840460CF0B9FA0A2211
:10C3B00003A909F019FC1022010020000FF0CCF8AD
:10C3C00020000FF0C2F80322284920180EF0CCFA02
:10C3D00020000FF0BAF821000200254806F060FDA9
:10C3E000002031B00CBC90469946F0BC08BC04B0AB
:10C3F000184710AC011D0A2220000FF0D4F80A22C1
:10C4000003A9380009F0F0FB1022010020000FF012
:10C41000A3F829000A220E3120000FF09DF8290010
:10C420000A22183120000FF097F80A22300003A9E1
:10C4300009F0DAFB1022010020000FF08DF829002E
:10C440000A22223120000FF087F807AE48460EF08E
:10C4500021F905230722009609F070FA3100212204
:10C4600020000FF079F829002C3199E754E60100FB
:10C4700030110020F0B5C646040000B510000D00D4
:10C48000170006F0DFF90123061E984603D0404648
:10C4900004BC9046F0BD0021052000F069FF00219A
:10C4A000022000F065FF2800266201F073FF0028DB
:10C4B00027DB09F0AFFA236A0500002B0CD1164EDA
:10C4C00005E0002000F07EFF236A002B04D109F074
:10C4D000A1FA401BB042F4D90121052000F048FF29
:10C4E0000121022000F044FF0023216A9846002920
:10C4F000CDD0380006F0D0F9434623620133984688
:10C50000C5E70121052000F033FF0121022000F0E2
:10C510002FFF00239846BAE71F4E000010B50024F5
:10C5200082B00023002200210094054806F072F931
:10C53000044B054A1C601A85044A1A6702B010BDF4
:10C54000DC0300206803002000FFFFFF60EA00001A
:10C5500000207047002300B583B000220021009323
:10C56000024806F057F903B000BDC046E4030020BE
:10C57000002300B583B0002200210093024806F09A
:10C5800049F903B000BDC046EC030020002300B50C
:10C5900083B0002200210093024806F03BF903B06B
:10C5A00000BDC046F4030020002300B583B0002284
:10C5B00000210093024806F02DF903B000BDC046EB
:10C5C000FC0300204968044BC150044BC2520022B6
:10C5D000023BC25201207047940500009205000002
:10C5E0007047C046102110B5415604004B1C04D0C2
:10C5F000024802F0B1F9FF23237410BD2804002083
:10C60000B222002330B5D20089B0835204004361C6
:10C61000684649BA022241821021028261561D4DAC
:10C62000039305934B1C1FD10221002302222800F3
:10C6300001F090FF010020740020002912DB03AB01
:10C640000122019000932800002301F0CDFF10216A
:10C6500010232800615604AA01F08EFF0300012078
:10C66000002B0ED009B030BD280001F0CBFF002810
:10C67000DAD010212800615602F06EF9FF232374EE
:10C68000D2E710212800615602F066F9FF2300204E
:10C690002374E7E728040020102110B541564B1CF5
:10C6A00007D043690020002B02DD034801F0BAFFE8
:10C6B00010BD0020FCE7C04628040020022310B56E
:10C6C00088B004AC23800D4B1021C35A02005BBA22
:10C6D00063800B4B1832C3580593B223DB00C35A57
:10C6E000415610200290002001940090054802F06D
:10C6F000F1F8C043C00F08B010BDC046920500005D
:10C700009405000028040020B22370B5DB00C35A52
:10C71000050014009818AF22D200904200D9D41A14
:10C72000280018302200C0180EF01EF9B222D200E4
:10C73000AB5A20001B19AB5270BDC046102210B579
:10C740008A56040082B0531C05D0064902F0B0F8A6
:10C75000200002B010BD002300220021009306F04B
:10C7600059F8F5E728040020102170B5415605005E
:10C770004B1C0ED0084E300002F0A6F81021040029
:10C780006956300002F0A0F824020012204380B263
:10C7900070BD0020FCE7C0462804002070B50D00E5
:10C7A00086B0040002A8160006F02CF829001048F4
:10C7B00002AAFFF75FFE002812D00E4A23680492F7
:10C7C000039A9B6A019205920B4A93420AD10B4B42
:10C7D000059A0120E2500022094BE652023BE25248
:10C7E00006B070BD3200200004A99847F8E7C046A3
:10C7F0006803002094EE0100C5C500009405000008
:10C800009205000070B582B06B4602680733556828
:10C81000124A0400197095421BD1B222AF25D200F2
:10C82000825AED00511CA94210D801260125200092
:10C830001830190080182A000EF096F8B223DB0099
:10C84000E25AB618E652280002B070BDAD1AAEB278
:10C85000EDE701221900A8470500F4E709C7000029
:10C8600003680E4A1B6910B50400934214D11021CD
:10C8700041564B1C0DD04369002B0ADD084801F0DE
:10C88000D1FE002805D010210548615601F0E0FED8
:10C8900010BD01204042FBE79847F2E799C600002F
:10C8A00028040020036870B51B691600114A0400B3
:10C8B0000D0093421CD1102141564B1C15D04369E9
:10C8C000002B12DD0C4801F0ADFE80B200280CD028
:10C8D000102133002A006156074801F029FF002883
:10C8E00002DD63691B1A636170BD01204042FBE7F2
:10C8F0009847EAE799C6000028040020F0B5CE4624
:10C900004746102180B54156040083B04B1C5DD0D2
:10C910004369002B40DD304A036890461B692F4D68
:10C920002F4E304FAB4234D1102161564B1C34D0C6
:10C930006369002B31DD300001F074FE002847D020
:10C9400023685A69BA4239D19A6B914642452DD132
:10C950001B69AB4237D1102161564A1CE2D0626993
:10C96000002ADFDD300001F05DFE80B2002822D019
:10C9700010216A46012330006156073201F0D8FECB
:10C98000002818DD6369181A236860611B69AB42CF
:10C99000CAD020009847D1E7114E300001F042FE86
:10C9A000606103B00CBC90469946F0BD6B46012215
:10C9B0002000D91DC84723681B69B3E720009047B2
:10C9C00023681B69AEE720009847CEE70020E8E720
:10C9D00010216156E1E7C046A5C8000099C60000D5
:10C9E0002804002055CA0000F8B5036816009F6BA4
:10C9F000154A04000D00974220D11B69134A934247
:10CA00001FD1102141564B1C15D04369002B12DD5C
:10CA10000F4801F007FE80B200280CD0102133002F
:10CA20002A0061560A4801F083FE002802DD63698E
:10CA30001B1A6361F8BD01204042FBE73200B84792
:10CA4000F8E79847E7E7C046A5C8000099C6000088
:10CA50002804002070B503681A4A9E6B040082B057
:10CA6000964226D11B69184A934228D1102141567B
:10CA70004B1C1AD04369002B17DD144801F0D2FD7E
:10CA800080B2002811D06B461021DD1D2A00012341
:10CA900061560E4801F04CFE002806DD63691B1A42
:10CAA0006361012801D1287801E00120404202B0F1
:10CAB00070BD6B46DD1D01222900B047F1E79847A4
:10CAC000DEE7C046A5C8000099C600002804002083
:10CAD00030B54B6889B0029303682C49DB690400C8
:10CAE0008B424DD1B2210023C90043520221436140
:10CAF00068460182102152BA42826156244D039346
:10CB000005934B1C26D1022100230222280001F0AC
:10CB100021FD011E207431DB0023019303AB0122B0
:10CB200000932800002301F05FFD1021102328004E
:10CB3000615604AA01F020FD002818D0042310201B
:10CB4000009301220121205602AB01F03DFC01209F
:10CB500009B030BD280001F055FD0028D3D01021C8
:10CB60002800615601F0F8FEFF232374CBE7102163
:10CB70002800615601F0F0FEFF2323740020E7E750
:10CB8000110098470028D9D1E2E7C04601C600004D
:10CB90002804002030B5036849688DB00400039173
:10CBA000324807911D6A324906908D4253D1079948
:10CBB000DB6904912F498B4251D1B2210023C90076
:10CBC0006352022102A80183102152BA6361428399
:10CBD0006156294D059309934B1C26D10221002350
:10CBE0000222280001F0B6FC011E207431DB002374
:10CBF000019305AB012200932800002301F0F4FC0F
:10CC0000102110232800615608AA01F0B5FC002865
:10CC100018D004231020009301220121205604ABD8
:10CC200001F0D2FB01200DB030BD280001F0EAFC7C
:10CC30000028D3D010212800615601F08DFEFF237B
:10CC40002374CBE710212800615601F085FEFF23F5
:10CC500023740020E7E7200006A9A847E3E71100B6
:10CC6000200098470028D4D1DDE7C04694EE0100AB
:10CC7000D1CA000001C6000028040020FA22920058
:10CC80008260064A002308320260FF220274B22248
:10CC9000D2004360835243617047C04658E60100AA
:10CCA000002300B583B0002200210093024805F064
:10CCB000B1FD03B000BDC04604040020034B10B515
:10CCC0001B68002B00D0984710BDC0460C04002004
:10CCD00010B508F0E7F910BD10B508F089FB10BDDC
:10CCE00010B5441E002804D0012008F099FE013C34
:10CCF000FAD210BD10B5074B002806D00020032241
:10CD000018560549FFF7E4FF10BD00201856FFF73D
:10CD1000E3FFF9E705000020BDCC0000F0B5CE46EA
:10CD2000474680B583B0032853D10B680D899946D7
:10CD30006B46DE1D002333704B464C68002B2DD014
:10CD40000938002C18D1244B244F06CB380004F0AE
:10CD500099FE0020224B00211856984609F02CF924
:10CD6000002D0ED1434600200121185609F024F968
:10CD7000380004F0B7FE002003B00CBC9046994682
:10CD8000F0BD4C466519ADB22178380004F0BCFE08
:10CD90000134A3B230709D42F6D1E3E70E4B0F4F42
:10CDA00006CB380004F06EFE00200D4B0021185613
:10CDB000984609F001F9002DD4D06519ADB23800BC
:10CDC000317804F0A1FE20700134A3B2AB42F6D159
:10CDD000C8E701204042CFE710040020A006002051
:10CDE0000400002010B50223012202490248F5F791
:10CDF000CDFB10BD001BB7001004002030B5002A89
:10CE00002BD0040003230C4323405C4263410624DF
:10CE1000C51C6D1AAC42A44164421C421ED0531E74
:10CE2000082B1BD900239408A400CD58C550043307
:10CE3000A342FAD1032314009C43230000190919CB
:10CE4000141B9A4209D00B780370012C05D04B7843
:10CE50004370022C01D08B78837030BD0023CC5CF2
:10CE6000C45401339A42FAD1F7E7C04610B5002AFC
:10CE700001D00DF095FD10BD0278002A09D00121E6
:10CE80000300091A58185A78013380B2002AF9D1E0
:10CE900070470020FCE7C04610B50B4CA378002B70
:10CEA00010D16378002B05D0002063780133DBB20A
:10CEB000637010BD2378002BF6D000F0B7FA00287D
:10CEC000F2D0F6E70020F4E7C017002010B5094BB8
:10CED0005A78002A03D05A78013AD2B25A705A7856
:10CEE0000020002A02D11B78002B00D110BD00F0D9
:10CEF0006DFAFBE7C0170020F0B557464546DE4601
:10CF00004E46E0B58BB0019314AB029204CB06AD54
:10CF10001B8892469B4616AB1A887F230B406B708A
:10CF2000082328706B80534680460F000392002B25
:10CF300000D173E094466B885B4463449BB26B8082
:10CF4000734EB378002B06D17378002B5ED07378C4
:10CF50000133DBB27370002304AA941D089323806D
:10CF60000793434607983F0203430793079969488D
:10CF70000F4307976B88079A1B041343079307997E
:10CF800000F0BAFA00280DD07378002B03D0737824
:10CF9000013BDBB273700BB03CBC90469946A24695
:10CFA000AB46F0BD02220790079B5B4813430793F3
:10CFB000079900F0A1FA0028E6D1FA230890208012
:10CFC00022889B009A4236D2F53BFF3B98460227C7
:10CFD0000EE03A00079B1A4091461F4225D0238855
:10CFE00001339BB22380FA2322889B009A4222D2EB
:10CFF000494807A900F07CFA00281CD12388434542
:10D00000E7D301302388FFF76BFEE2E73378002B8C
:10D010009DD000F00BFA002899D0BCE7019A6B88EC
:10D02000944663449BB26B808AE73C4808A900F0B1
:10D030005FFA002854D1089B002B54D0089B08228B
:10D0400009936B8829009BB26B80099800F084FAE1
:10D05000002899D1099B02990833099300290BD024
:10D06000019C0998220000F077FA002800D08BE795
:10D07000A446099B634409935346002B10D00199A1
:10D08000039B099A5B1A9B1809935A4651460998C3
:10D0900000F062FA002800D076E7099B5B44099310
:10D0A0000222089B1E489B000793079B134307938C
:10D0B000079900F021FA002800D065E77378002B6B
:10D0C00003D07378013BDBB273707378002B00D010
:10D0D00061E73378002B00D15DE700F077F95AE77C
:10D0E0004B46089350E77378002B03D07378013BCD
:10D0F000DBB273707378002B02D13378002B02D12E
:10D100000320404247E700F061F90320404242E734
:10D11000C01700208C1000007810000000041500DB
:10D120006C100000F0B54746CE4680B5684B85B020
:10D1300098461B78002B00D071E0664EF378002BE8
:10D1400000D16CE001239946F378013BDBB2F37028
:10D150006946614800F0CCF9041E4ED14A46009B56
:10D160001A4254D00020FFF7C5FD4A46009B5A489A
:10D1700093430093009900F0BFF9041E3DD14B4644
:10D18000B370009DAD042D0D00D198E0029002A96E
:10D19000524800F0ADF9041E2CD1029B01AF1800DB
:10D1A000042239007360B56000F0AAF97B8804009E
:10D1B0009BB27B8000281DD17B889D4203D07B8859
:10D1C000ED1A042D66DC3B78012B2FD03B78022B27
:10D1D00027D03B78042B68D03B78062B55D03B7882
:10D1E000072B67D03B78052B57D1736A002B29D0CA
:10D1F000736A1FE00120FFF77DFD43461B78002B7B
:10D20000A6D0200005B00CBC90469946F0BD434620
:10D210001B78002B03D1F378002B00D094E7002477
:10D22000EFE73369002B0DD0336903E0F368002B7F
:10D2300008D0F36878787988029A0839C0B2083241
:10D2400089B2984743461B78DAB2002BDFD1B37816
:10D25000002BDCD0434601201A70B270FFF74AFD64
:10D260001D4803A900F044F9041EC6D10221039B06
:10D2700019481943039100F03FF9041EBDD14346FC
:10D280001B78002BC7D00024BBE7336A002BD9D012
:10D29000336ACFE70120FFF72DFD43461B78002BB3
:10D2A00000D155E706246442ABE77369002BC9D06F
:10D2B0007369BFE7B369002BC4D0B369BAE74346CB
:10D2C0001B78002B00D143E70224644299E7C04653
:10D2D00018040020C0170020701000008410000007
:10D2E000F0B51C0083B0002820D000291ED0002AF1
:10D2F0001CD01C4DAB689A421AD86B68834217D871
:10D300006B68AF681618DB199E4211D800F0F8F868
:10D3100000280FD16B68AA689B189E4201D0002C90
:10D3200008D00023104A1370AB700AE0002C03D120
:10D330000C20404203B0F0BD00230B4A1370094A91
:10D3400093700120FFF7D6FC084801A900F0D0F83F
:10D350000028EFD10221019B04481943019100F0FC
:10D36000CBF8E7E7C0170020180400207010000079
:10D3700070B504000D00FFF78FFD002815D1062CB5
:10D3800011D8042C16D0052C16D0062C0ED0002C4B
:10D390000ED0012C12D0022C12D0032C03D1063057
:10D3A000290000F083F8FFF791FD70BD1220F7E728
:10D3B0000320F5E70F20F3E71020F1E70420EFE763
:10D3C0000520EDE710B5FFF7ADFE10BD10B5012447
:10D3D00082B002E0019B234207D0102001A900F097
:10D3E00087F80028F6D002B010BD01A9013000F086
:10D3F0007FF80028F7D1022301990B4206D0994308
:10D400000120019100F078F80028ECD10B2001A94F
:10D4100000F06EF80028E6D1012301990B42E2D01A
:10D4200099430B20019100F067F8DCE7002370B509
:10D4300082B069460B200093019300F059F8041E56
:10D4400026D1012300990B4205D10B20194300F08E
:10D4500053F8041E1CD16946012000F049F8041E4F
:10D4600016D1022300990B4215D0052504260F2062
:10D4700001A900F03DF8041E0AD1019B334211D1ED
:10D480000220013DFFF72CFC002DF0D10424644262
:10D49000200002B070BD0120194300F02DF8041ED9
:10D4A000E3D0F5E700F020F8F2E7C04630B583B0EE
:10D4B00004000D000B4801A900F01AF8002809D15A
:10D4C000002D09D10123A3400199994305480191F9
:10D4D00000F012F803B030BD0121A140019B1943B7
:10D4E000F4E7C0460001020010B500F05BFA10BD81
:10D4F00010B500F085FA10BD10B500F08DFA10BD22
:10D50000F8B54746CE46134B80B51D888946083D81
:10D51000ADB22B1A1600040098460F1A954206D396
:10D5200011E04346761B1B196419B5420AD22A0042
:10D530002000391900F0CAFA0028F2D00CBC90463D
:10D540009946F8BD994449462000B2B200F0BEFAAF
:10D55000F4E7C04608000020F8B54746CE46134B16
:10D5600080B51D888946083DADB22B1A160004000F
:10D5700098460F1A954206D311E04346761B1B19B5
:10D580006419B5420AD22A002000391900F074FB50
:10D590000028F2D00CBC90469946F8BD9944494603
:10D5A0002000B2B200F068FBF4E7C046080000209B
:10D5B00070B586B00AAC25786C4620703D30C0B29C
:10D5C0000C282FD8444C80002058874600236A46F8
:10D5D0000525042603205370538004333F4A1278F4
:10D5E000002A11D101236B449C466A467F233C4CA0
:10D5F000604411785B004B400132E35C9042F8D10B
:10D600006A465B0093552B006A460392002203A9E9
:10D6100003200B814A60FFF781FB4342584140B22F
:10D6200006B070BD0020FBE768460A0C427000227D
:10D6300049BA02711A0A8371418042710825072391
:10D6400007260620CAE76A460B0C49BA537005251F
:10D650000423042603205180C0E70B0ADBB2002D0F
:10D6600002D08022524213436A46537091700023C5
:10D670006A460525D370042603200433AEE76846C6
:10D680000B0C12BA49BA43704180092508230826B9
:10D6900007200192A2E7FF236A465370013BFF3B3C
:10D6A0005380052504260320053397E70B0ADBB2D8
:10D6B000002D02D080204042034368464370130E81
:10D6C000C370130C0371130A4371817082710825B2
:10D6D00007230726062081E7ACE60100200400208E
:10D6E000E0E60100F0B54746CE4680B585B00700BC
:10D6F00001ACCF2834D003003B33DBB2012B2FD950
:10D700006B46DE1C0023994601330B2598464B4699
:10D71000236043462100032066602381FFF7FEFA61
:10D7200000282AD13378BB4203D0013DEDB2002D51
:10D73000EDD100230B259846012743462100032005
:10D74000236066602781FFF7E9FA002815D1337856
:10D75000002B03D0013DEDB2002DEED101200DE0F4
:10D76000002301936B46DE1C012321000320666029
:10D770002381FFF7D3FA0028C4D0002005B00CBCE9
:10D7800090469946F0BDC046F0B5DE4657464E4637
:10D79000454600238946E0B589B09B4602AB009020
:10D7A000019205ADDF1D80224B469201914500D9C3
:10D7B000131C9BB29A4600230A249846012643462E
:10D7C000290003202B606F602E81FFF7A7FA002845
:10D7D00007D13B781B090F2B0BD0013C24B2631CF3
:10D7E000EDD1002009B03CBC90469946A246AB461C
:10D7F000F0BD002CF5D0009B28605B446B60534665
:10D80000290003202B81FFF789FA0028E9D10F4B6B
:10D81000019A1B7813430CD05B4653441BB29B46C2
:10D8200052464B469B1A9BB29946002BBBD1012016
:10D83000D8E72B6004AB6B600223290003202B8107
:10D84000FFF76CFA0028E7D0CBE7C04620040020A1
:10D85000F0B5C646002300B584B001936B46DE1CCC
:10D86000012301AC2100032023816660FFF756FAF3
:10D8700000282BD100230B25984601274346210081
:10D880000320236066602781FFF748FA00281DD136
:10D890003378CF2B03D0013DEDB2002DEED1002324
:10D8A0000B2598460127434621000320236066602C
:10D8B0002781FFF733FA002808D13378002B03D0F3
:10D8C000013DEDB2002DEED1012000E0002004B0BA
:10D8D00004BC9046F0BDC046F0B5DE46454657460E
:10D8E0004E46E0B580468B468BB0FF2855D8C42302
:10D8F0001F1CFF230026424693427641313BFF3BEB
:10D900009A46274B0A259946FFB213E0AA2104AA9A
:10D9100011710893052307A907920320013D0B818C
:10D92000EDB2FFF7FBF9FFF793FF0120FFF7D8F9FE
:10D93000002D2AD004230022414638000096FFF72C
:10D9400037FE040001280FD00120FFF7C9F9534624
:10D9500004934B461B78002BD8D004AB07930023CD
:10D9600007A94B600433D8E73800FFF7BBFE04007B
:10D970000128E9D13200042103A8FFF705FF0400C4
:10D980000128E1D15B46039A1A6020000BB03CBC31
:10D9900090469946A246AB46F0BDCA231F1CA8E795
:10D9A00020040020312300B55B4287B00093124B66
:10D9B0001B78002B1DD16B4644205A780F494240FA
:10D9C0008A5C9878520042408A5CD8785200424083
:10D9D0008A5C52001A7105220393002303A90320D5
:10D9E0000A814B60FFF79AF9FFF732FF002007B07A
:10D9F00000BD04226B46EFE720040020E0E60100B2
:10DA000010B5FFF769FF01384342584106234042F1
:10DA10001840063810BDC046F0B54646D6464F46BB
:10DA2000C0B58846060088B030284AD8C3231F1CDA
:10DA300000233022B2425B411D0031235B429A46F3
:10DA4000214B0A249946FFB214E0AA21069305232C
:10DA500002AA117105926A4605A90320013C93832D
:10DA6000E4B2FFF75BF9FFF7F3FE0120FFF738F9A7
:10DA7000002C1ED004234246310038000095FFF7E9
:10DA800097FD01280ED00120FFF72AF95346029393
:10DA90004B461B78002BD8D002AB0593002306938E
:10DAA0000433D8E73800FFF71DFE0128EBD1002032
:10DAB00001E00620404208B01CBC90469946A246B0
:10DAC000F0BDC9231F1CB3E720040020F0B54E466B
:10DAD0004546DE465746E0B5030C91B01700DAB272
:10DAE0000392FF2202913A2113404B400593030A0F
:10DAF0001A40002304926A46019343BAD383002359
:10DB00009B465B4B0A269846B94606900AAD0DAC7B
:10DB10004B46012B00D198E049461B0A1A00C8B2B7
:10DB2000C821297003996A7169706946C98B514A85
:10DB30006980594629711178A871072200291AD1E4
:10DB400042460599069F525C049952004A4041465C
:10DB5000895CFF2249003A4051404246525C4146AE
:10DB600052008A5C52005A408B5C08225B004340A2
:10DB7000CB5C5B00EB715B4621000320256063609A
:10DB80002281FFF7CBF8002836D101230B279A46D4
:10DB90005B46236053462100032065602381FFF725
:10DBA000BDF8002828D12B78C82B03D0013FFFB245
:10DBB000002FEDD10B275B462360012321000320BA
:10DBC00065602381FFF7AAF8002815D12B78002B78
:10DBD00003D0013FFFB2002FEDD1019B8246002B05
:10DBE00040D009AF002249463800FFF7CDFD3B7811
:10DBF000029A1370012820D00120FFF771F8312319
:10DC00005B420A931B4B1B78002B26D1AA22636030
:10DC10002A712560053321000320013E2381F6B2DD
:10DC2000FFF77CF8FFF714FE0120FFF759F8002EEC
:10DC300000D06DE706235B429A46504611B03CBCCB
:10DC400090469946A246AB46F0BD012101910131B3
:10DC5000022000220023894662E75B46256063605C
:10DC60000423D8E7002249460298FFF78DFDC1E75B
:10DC7000E0E6010020040020F0B54546DE465746A8
:10DC80004E46E0B5030C91B09046DAB20292FF2204
:10DC90000691D42113404B400493030A1A400A23EF
:10DCA00003926A469A4643BAD38300239946834B2C
:10DCB00005909B464346D0469A460AAD0DAC534666
:10DCC000012B00D1D7E051461B0A1A00C8B2C72168
:10DCD000297002996A7169706946C98B784A6980AE
:10DCE000494629711178A871072200291AD15A468C
:10DCF0000499059E525C039952004A405946895C3A
:10DD0000FF224900324051405A46525C5946520067
:10DD10008A5C52005A408B5C08225B004340CB5C1B
:10DD20005B00EB714B46210003202560636022817C
:10DD3000FEF7F4FF002870D10B2601274B46210087
:10DD40000320236065602781FEF7E8FF002864D187
:10DD50002B78C72B03D0013EF6B2002EEED10B2656
:10DD600001274B4621000320236065602781FEF7D1
:10DD7000D5FF002851D12B78002B03D0013EF6B2FD
:10DD8000002EEED14B46564600272B802AE0022279
:10DD90005B421340F13308AAD371130007332360A9
:10DDA0004B4663600123210003202381FEF7B6FF69
:10DDB000002832D1069B6060DB192360019B2100A3
:10DDC00003302381FEF7AAFF002826D13C4B1B78A5
:10DDD000002B18D0019B9C46F61A6744B6B23FB29E
:10DDE000002E4ED08022331C9201964200D9131C83
:10DDF0009BB2802101934B468901B1425B41002FC8
:10DE0000C5D0F233C7E763600223210003202560F9
:10DE10002381FEF783FF0028DCD00120FEF760FF9E
:10DE200031235B420A93264B1B78002B1ED1AA227A
:10DE300063602A7125600533210003202381FEF7EA
:10DE40006DFFFFF705FD0120FEF74AFF4346013B4A
:10DE5000DBB29846002B00D031E70620404211B0DB
:10DE60003CBC90469946A246AB46F0BD4B46256069
:10DE700063600423E0E702210220002200238A4697
:10DE800025E70F4B1B78002B13D001270226032315
:10DE90004A4621000320226065602381FEF73EFF91
:10DEA0000028BAD1AB5D002BB7D1EB5DC32BD6D028
:10DEB000B3E7002701260223EAE7C046E0E60100B7
:10DEC00020040020F0B5C64600B5170086B0022831
:10DED0003AD101293FD0022936D10322724B73482F
:10DEE0001D781C781978240101311140241819700B
:10DEF000A17AEDB2002900D1AAE01D781C7819782A
:10DF000024010131114024181970A17AEDB20029C1
:10DF100000D19DE01D781C78197824010131114051
:10DF200024181970A17AEDB2002900D190E01D7873
:10DF30001C781978240101310A4024181A70A37A38
:10DF4000EDB2002B00D183E001256D42280006B020
:10DF500004BC9046F0BD564E0631357834783078A2
:10DF6000E4B2013009F0BAFC524BC9B22401984620
:10DF700031701B199B7AEDB2002B66D0357834785E
:10DF800030780721013009F0A9FC4346E4B2C9B258
:10DF9000240131701B199B7AEDB2002B55D03578D6
:10DFA000347830780721013009F098FC4346E4B218
:10DFB000C9B2240131701B199B7AEDB2002B44D0F9
:10DFC0003578347830780721013009F087FC4346F2
:10DFD000E4B2C9B2240131701B199B7AEDB2002B57
:10DFE00033D03578347830780721013009F076FC69
:10DFF0004346E4B2C9B2240131701B199B7AEDB2D9
:10E00000002B22D03578347830780721013009F0A0
:10E0100065FC4346E4B2C9B2240131701B199B7AF6
:10E02000EDB2002B11D035783478307807210130EB
:10E0300009F054FC4346E4B2C9B2240131701B1903
:10E040009B7AEDB2002B00D07EE744446DB201E034
:10E0500007356DB2002D00DA78E71022002120008C
:10E06000FEF704FF0123144AA372138801339BB205
:10E0700013801388002B03D1138801339BB21380C4
:10E0800013889BB2E380FB0700D45FE72123E37290
:10E09000002305AA157050210293019300930220DA
:10E0A0000433FEF729FF51E7250400205C18002007
:10E0B00024040020EC1700202204002030B589B091
:10E0C00000292BD0002829DB164D0301ED18AB7A6F
:10E0D000DCB2012B22D1002A20D0EB7A08221C408E
:10E0E00063425C41122364429C436B46187705A847
:10E0F000FEF784FE6A46EB885434D3830023210064
:10E1000002930193009302200C3305AAFEF7F4FE5C
:10E11000002801D00920404209B030BD062040420D
:10E12000FAE7C046EC170020F0B513000F0089B0E5
:10E13000002831DB00292FD0AF22D20093422BD808
:10E14000174C0601A519AA7A012A25D1E98804AA43
:10E150005025107053809181062800DD0C3DA419D4
:10E16000E07AC521C00709D59A200E4925890C6897
:10E17000ADB2CC214001844200D25525019302204A
:10E18000102302950097FEF7B7FE431E98410D231A
:10E190004042984309B0F0BD06204042FAE7C0462D
:10E1A000EC1700201C040020F0B5CE46474680B591
:10E1B00089B0109B0500884616009946002835DB7B
:10E1C000002933D0AF23DB009A422FD8194F030127
:10E1D000FF18BB7A012B29D1BB7A002B26D004ACC7
:10E1E000102200212000FEF741FEFB882570A3814C
:10E1F0004B466680002B04D01B6805934B465B683A
:10E20000A36044230293434622000093C7211023B6
:10E2100002200196FEF770FE431E98410D234042F6
:10E22000984309B00CBC90469946F0BD0620404288
:10E23000F7E7C046EC170020F0B5050087B00028CE
:10E2400031DB1A4F00013E188446B07AC4B201286F
:10E2500029D160463950B280327B0020002A20D17B
:10E260003473F17A06320C40614261414942914374
:10E270004D31002B00D1013B04936B466A46674445
:10E280001D75FB880220D382002304AA0293019308
:10E2900000930833FEF730FE431E98410D234042A1
:10E2A000984307B0F0BD06204042FAE7EC17002083
:10E2B00070B586B000282ADB164C050163199A7ADE
:10E2C000D1B2012A23D16A4610756846DA88C28223
:10E2D00000229A72DA80DB7A022019404B425941BF
:10E2E0000423494299430292019200924E3105AAB9
:10E2F000FEF702FE061E07D1102200216019FEF76C
:10E30000B5FD300006B070BD09267642F4E706265A
:10E310007642F6E7EC170020F0B5C64600B5904609
:10E3200086B0002831DB1A4D0701EC19A67AF2B24B
:10E330009446012E29D1A67A002E21D04246E951D9
:10E34000A280227B002A1BD162462273002B00D1BF
:10E35000013B04936B466A46ED191875EB8848211A
:10E36000D3820023022002930193009304AA08336E
:10E37000FEF7C2FD431E98410D234042984300E042
:10E38000002006B004BC9046F0BD06204042F8E7ED
:10E39000EC17002010B584B00400FEF76DFDC3B289
:10E3A000402B0DD8FF2300220340029201920092DD
:10E3B0004A21220002200133FEF79EFD04B010BD69
:10E3C00006204042FAE7C046F0B54746CE4680B543
:10E3D00097B014001EAA12889046002863DB002B19
:10E3E00061D0464A0701D5199146AA7AD6B2012AC8
:10E3F00059D1022918D01B6804AA0493EB88107124
:10E40000D380002354714F21029301930093022083
:10E410000833FEF771FD002801D00920404217B0F3
:10E420000CBC90469946F0BD06283CDCEA7A1642C0
:10E4300039D0012C2ED0032C23D0042C4CD0022C0C
:10E4400031D142463F2A2ED83E004E44F28804ACD9
:10E4500062800222627042460025190020700592F7
:10E4600006A84022FEF7CAFC4823220051210220C0
:10E47000029501950095FEF73FFDC31C21D00020B9
:10E48000CDE71B68002B16D01022EB7A0020134337
:10E49000EB72C4E71B68002B08D00222EB7A002045
:10E4A0001343EB72BBE706204042B8E7EB7A00204B
:10E4B0008B43EB72B3E71022EB7A00209343EB72AD
:10E4C000ADE748232200D121029501950095053042
:10E4D000FEF712FD0020A2E73E001B684E44002B11
:10E4E00005D04022F37A00201343F37297E74022CD
:10E4F000F37A00209343F37291E7C046EC170020B3
:10E500007047C04610B50400F3F792FF200010BD1D
:10E51000F0B59B27C646040080460025FF260C4B1D
:10E52000BF00083300B5474408C42000257066705A
:10E530002581E5612562656210220021283038348A
:10E540000CF02EFABC42F0D1404604BC9046F0BD1F
:10E55000E0E7010010B50400080011001A00FFF701
:10E56000B1FC002807DBC3001B1ADB00E418012301
:10E570002371FE33637110BDF8B50F000500110063
:10E5800038001A00FFF79AFD002400281FDB04233F
:10E59000FC00E41BE4002C19237107F03BFA2379FB
:10E5A0000500042B0ED1FA26F60005E00020FEF748
:10E5B00009FF2379042B05D107F02CFA401BB04248
:10E5C000F4D32379052B04D00123237100242000E8
:10E5D000F8BD0023A3810124062FF8DD00220021CD
:10E5E0003800FFF799FEF2E710B582B004AC0800DE
:10E5F00011001A0008CC24880094FFF7E5FE02B051
:10E6000010BDC04670B50D0004000020FEF7DAFE14
:10E61000E800401BC00024182079053843425841C7
:10E62000C0B270BD70B50D0004000020FEF7CAFE38
:10E63000FD22E900491BC90061180B790020033B4A
:10E64000134203D10C23C85E8B6AC01870BDC0464C
:10E65000F8B54546DE4657464E46E0B50D00060085
:10E660000020FEF7AFFE0222EF007C1BE40034190D
:10E6700023799046033B9343DBB2002B07D0012064
:10E6800040423CBC90469946A246AB46F8BD0020AD
:10E69000FEF798FE42462379033B9343DBB2002BFF
:10E6A000EDD10C21625EA36A92469A18002AE6D048
:10E6B000002B02D15346002B02D1636A1878E0E7A1
:10E6C000236A9B46002B28D0B823D046DB009A450E
:10E6D00000DD984643469BB29946B8225346002136
:10E6E0005046D200DB0F82424B414A465946A06851
:10E6F000DBB2FEF7F5FD0028C1D1424649467D1B3D
:10E70000ED007619336AB2627362A2684244A26075
:10E71000A289521AA2811878B3E7B820C0000CF081
:10E7200001F95B46206283466062A362CCE7C04683
:10E73000F0B5DE464E46454657468B460400E0B5EA
:10E7400085B0029000201E000192FEF73BFE5B4662
:10E750005A46A046DB0003939B1ADB0098444346CD
:10E7600002241B79033BA343DBB2002B09D0002317
:10E770009946484605B03CBC90469946A246AB46F1
:10E78000F0BD0020FEF71EFE43461B79033BA3436A
:10E79000DBB2002BEBD143469C6A0C229B5E1B191B
:10E7A000002BE4DD9E4265DC002E7ED000235A461D
:10E7B0009946039B9D1A029BED009C466544002CE4
:10E7C00004D143460C27DF5F002F2CD1696A370044
:10E7D000A64200DD2700019B3A009A4618000CF083
:10E7E000C3F8D4466B6ABC44DB196B62AB6AF61B98
:10E7F000DC1B6346AC620193B944002EDFD1002CD0
:10E80000B7D143460C229B5E002BB2D15B46062B50
:10E8100044DD0023002200215846FFF77DFD002043
:10E82000FEF7D0FDA5E7296A00292ED0B8233C00C9
:10E83000DB009F4200DD1C00B8220020A3B29A46F4
:10E84000D200FB0FBA424341404652468068DBB2D9
:10E85000FEF746FD00280FD143464246296AAC62C6
:10E8600069629B681B199360938952469B1A4246C2
:10E870009381ACE71E0099E75A46039B981A029BC6
:10E88000C0009C466044846AB9E7B820C0000CF020
:10E8900049F8AC62010028626862C7E700230022E1
:10E8A00000215846FFF7C8FCB9E700239946A6E7C0
:10E8B00010B50400D3009B1ADB00CB18596903F094
:10E8C000B9FF200010BDC046CB005B1ADB00C318A7
:10E8D000588A7047F0B5D6464F464646C0B50E003A
:10E8E000050082B098460AAB1B88F40099460CAB31
:10E8F0001B78A41B0020E4009A461700FEF762FD77
:10E900002B191B79052B24D12C342D19102228000A
:10E910000B990CF01BF800280BD10023424639005C
:10E920003000FFF701FC02B01CBC90469946A2469D
:10E93000F0BD0B99102228000CF016F853460193F5
:10E940000B9B4246009339004B463000FFF72CFCEE
:10E95000E9E701204042E6E7F8B50F000600FC00B9
:10E96000E51BED0000207519FEF72CFD2B79FD222B
:10E97000033B1900114013421ED000232B71FF33BB
:10E980006B71E31BDB00F318186A002801D00BF051
:10E99000D3FFE41BE4002000002332192C30136263
:10E9A000536293620021AB81102230180BF0F8FF04
:10E9B0003800FFF77DFCF8BD0C22AB5E002BDCDDE0
:10E9C000A9810123002200210020FEF789FCD4E761
:10E9D000002310B582B0009300220021064803F006
:10E9E00019FF064C2000FFF793FD2000044A05495B
:10E9F00007F056FC02B010BD940600202804002049
:10EA00000000002001E5000070B582B00400F3F7BB
:10EA1000E1FD20236A4601AD1370290001226846FA
:10EA2000F3F716FE6A4663BA13802900022268468D
:10EA3000F3F70EFEF3F7C8FDF3F7CCFD6D236A463E
:10EA40002900137068460122F3F702FE00266B4688
:10EA50000122290068461E70F3F7FAFD0F4B9C4611
:10EA60000F4B6444A4B29C420CD80422290068468F
:10EA70000096F3F7EDFD019B1CBAF3F7A5FD20000E
:10EA800002B070BD6B4602221E8029006846F3F773
:10EA9000DFFD2B786C781B021C43EEE700F0FFFFD4
:10EAA00014200000094B10B5D9685A695C688A18AF
:10EAB000944206D99A6889008850DA680132DA608F
:10EAC00010BD042252429A61FAE7C046A8180020FD
:10EAD00001290DD9074A084B944600225960614428
:10EAE0008900411898601961DA605A619A611A7058
:10EAF0007047C046FFFFFF3FA8180020054B0028C5
:10EB000001D09A680260002901D0DA680A60986929
:10EB10007047C046A8180020044B002803D00022EC
:10EB20000120DA609A6118707047C046A81800206A
:10EB300030B5C36885B0012B29D0002B22D10368E2
:10EB4000022B50D06C46334B1A6800921B79D2B21C
:10EB50002371314B02AC1D6802951B792371037937
:10EB60009A424BD06A4652789A424BD06A46927883
:10EB70009A4249D06A46D2789A4247D06A46127978
:10EB80009A4239D0002300200B7005B030BD0368D5
:10EB9000022BD7D06C46214B1A6800929B88D2B2C8
:10EBA000A3801F4B02AC1D6802959B88A38003794C
:10EBB0009A4223D06A4652789A4223D06A46927883
:10EBC0009A4221D06A46D2789A421FD06A46127978
:10EBD0009A4211D06A4652799A42D3D10523E35C16
:10EBE00001200B70D1E70379092B11D00A2B07D034
:10EBF0000B2BC7D10C23F3E70423F0E70023EEE748
:10EC00000F23EDE70123EAE70223E8E70323E6E722
:10EC10001223E5E7F0E70100F8E7010000E8010052
:10EC200008E8010010B5C36884B0012B0ED0002B9A
:10EC300007D10368022B2DD00379072B2FD00B2B84
:10EC40002FD0002300200B7004B010BD0368022BEE
:10EC5000F2D06C461E4B1A6800929B88D2B2A380F9
:10EC60001C4B1C6802946C469B88A38103799A42D2
:10EC70001BD062789A4222D0A2789A4221D0E278C0
:10EC80009A4222D022799A421DD062799A42D8D1F2
:10EC900005230BE00379092B0FD00B2BD1D10A23CD
:10ECA00000E0052301200B70CEE7002308206A4610
:10ECB0001218D35C07380B70C6E70F23F2E7012365
:10ECC000F4E70223F2E70423F0E70323EEE7C0466C
:10ECD00010E8010018E80100F0B5C646002300B5B1
:10ECE0005F4C98B00E003422210005000BA8984616
:10ECF00001930BF039FE02AA1100343489CC89C18A
:10ED000023680B6043463360002D24D0EB680B2B47
:10ED100021D8A96802291ED82C69032C1BD8286881
:10ED2000042800D998E04F4F8000385887466B6917
:10ED3000022B00D184E000D977E0002B00D182E0E3
:10ED400001232B60280001A9FFF7C6FF01981930A5
:10ED500003232B60306018B004BC9046F0BD0793CD
:10ED60006B462A7E069106A8991C0992FFF7E0FEE1
:10ED7000041E03D06B469C78013CE4B26B4606A8A7
:10ED8000D91CFFF74FFF002804D06B46D878013814
:10ED90002418E4B202232B606B6828001B196B60F7
:10EDA00001A9FFF799FF04232B606B6801981C1BD6
:10EDB0006C603060CFE76B689800C018800009F085
:10EDC00015FEE96909F0B4FA08F026FE3060C2E7E2
:10EDD0006B6889009800C018800053582830584349
:10EDE000143009F003FEE96909F0A2FAFC21890553
:10EDF00008F038FF08F010FE3060ACE72C206946C0
:10EE00006A6809189B00CB58013253430122013331
:10EE100028006B602A6001A90193FFF75DFF0223C0
:10EE200001982B600F30306095E71920032B00D03C
:10EE30008EE701232B606B680134A3406B6081E790
:10EE400000232B607EE76B7E5A1E934101225B42BA
:10EE5000934304332B6075E7002030607BE7C046A6
:10EE600034E8010020E80100F0B54646D6464F469A
:10EE7000C0B5057C04000E004368002D42D09946C1
:10EE800083684846191C984608F07EFD636900288F
:10EE900000D197E0E768581C6061B84200D1C9E032
:10EEA0000BF0D2FB04000D004946404609F076F80D
:10EEB0000BF0F0FB07F084FA22002B000AF042FD71
:10EEC0000400781E0D000BF0BFFB02000B002000B9
:10EED00029000AF031F95C4A5C4B0AF033FD07F077
:10EEE000EBF904000D0048460BF0D4FB22002B0088
:10EEF0000AF028FD0BF016FC30601CBC90469946C9
:10EF0000A246F0BD8768181C391C984608F03CFDE5
:10EF10006369002830D0581CE368606199469842C4
:10EF200000D18CE00BF090FB04000D00381C414632
:10EF300009F018FB0BF0AEFB02000B0020002900CB
:10EF40000AF000FD04000D00484601380BF07CFB80
:10EF500002000B00200029000AF0EEF804000D006A
:10EF600040460BF097FB02000B002000290009F03F
:10EF700079FD0BF0D7FBBFE7581EE368606198424C
:10EF800053D2013B99460BF05FFB04000D00404655
:10EF9000391C09F0E7FA0BF07DFB02000B002000A2
:10EFA00029000AF0CFFC040048460D000BF04CFB92
:10EFB00002000B00200029000AF0BEF804000D003A
:10EFC000381CCEE75F1EE36867619F4229D2013B90
:10EFD0009A464146484608F0E1FF0BF05BFB07F01C
:10EFE000EFF9040050460D000BF02EFB02000B0061
:10EFF000200029000AF0A0F8040038000D000BF0F2
:10F0000023FB02000B00200029000AF09BFC0E4AA3
:10F010000E4B0AF097FC07F04FF904000D00404634
:10F0200062E75F1EBA466761D3E7013B9946180065
:10F030006361A8E7002300256361002434E765616C
:10F040000024002580E7C0461655B5BBB16B0240D1
:10F0500010B50A0000210BF0A3FC10BD174B70B5D2
:10F060009C4660440C00161C09F07AFC051C032C1D
:10F0700018D010D8012C1BD0022C04D1FC218905FA
:10F0800009F056F9051C301C0D4909F051F9291CED
:10F0900009F04EF970BD042CF5D10A4909F048F980
:10F0A000051CF0E7FA21890509F042F9051CEAE799
:10F0B000054909F03DF9051CE5E7C0460080FFFF62
:10F0C000110E0138398EE33DABAA2A3FF0B5DE467A
:10F0D00057464E4645460023E0B50D1C67498FB0A4
:10F0E00034224431040001A89A460BF03DFC6449E7
:10F0F000281C08F067FC061E5ED1281C0BF0CAFA1B
:10F10000604A614B08F006FC002823D15F49281CA7
:10F1100009F00EF90027834601AE336898469B003C
:10F120001800994609F062FC011C594808F036FFA6
:10F13000594608F029FC00281DD0013704360D2F50
:10F14000EBD15346237000236360A360E360236127
:10F15000636108E001230B222370E36005336260E2
:10F16000A6602361666120000FB03CBC90469946C2
:10F17000A246AB46F0BD4346180309F037FC291CF4
:10F1800009F0D6F808F048FC09F030FC414909F0D4
:10F19000CFF808F041FC072819D908224B46042B68
:10F1A0002BD00021013F0023626001222370A16067
:10F1B000E26027616361D6E701232370A360013316
:10F1C0000B22E3605346626023616361CBE74346F1
:10F1D000580309F00BFC291C09F0AAF808F01CFCE4
:10F1E00009F004FC2B4909F0A3F808F015FC0728E6
:10F1F00006D94B460922042BD3D100270121D2E79F
:10F200004346980309F0F2FB291C09F091F808F035
:10F2100003FC09F0EBFB1F4909F08AF808F0FCFB3E
:10F22000072801D90A22B9E74346D80309F0DEFBD3
:10F23000291C09F07DF808F0EFFB09F0D7FB154910
:10F2400009F076F808F0E8FB072801D90B22A5E7BA
:10F250004346180409F0CAFB291C09F069F808F0B4
:10F26000DBFB09F0C3FB0B4909F062F808F0D4FBA3
:10F27000072800D861E70C2290E7C04634E8010077
:10F2800000409C4652B81E85EB51E03F00002041F3
:10F2900000504349ACC5A735F0B54F464646D64663
:10F2A000C0B58846070082B002293ED86C46F3F705
:10F2B00091F9202301AD0122290020002370F3F7EA
:10F2C000C7F9424B0222290020002380F3F7C0F93E
:10F2D000F3F77AF94346002B21D099006D23884635
:10F2E00099460026B844F3F775F94B4601222900E8
:10F2F00020002370F3F7ACF90122290020002670CA
:10F30000F3F7A6F90422290020000096F3F7A0F9EC
:10F31000019B1BBA08C7F3F757F9B845E3D102B010
:10F320001CBC90469946A246F0BD6C46F3F752F9D4
:10F330005F2301AD0122290020002370F3F788F933
:10F340000023062699464B46012229002000013E53
:10F350002370F3F77DF9002EF5D102235B4243447D
:10F360009946434699003B00083B984600233E00DF
:10F370009A46884453460422290020000093F3F75C
:10F3800067F9019B1BBA08C64645F3D14B469E0060
:10F39000BB1999460E4B2900200004229846009381
:10F3A000F3F756F94A46019B29001BBA13604346FE
:10F3B000042220000093F3F74BF9019B0436BF1998
:10F3C0001BBA3B60F3F700F9A9E7C046206C0000C8
:10F3D00044444444F0B5C64600B5524B04001A7884
:10F3E0000D0082B0012A3AD0F3F7F4F820236A46E0
:10F3F0006846137001A90122F3F72AF96A4663BA35
:10F4000013806846022201A9F3F722F9F3F7DCF82A
:10F41000F3F7E0F82D236A466846137001A901222C
:10F42000F3F716F9404B9C46404B6444A4B29C420F
:10F430000DD96B466DBA022268461D8001A9F3F70B
:10F4400007F9F3F7C1F802B004BC9046F0BD2DBA3D
:10F450000422684601A90095F3F7FAF8F1E788223B
:10F460009201904228D28408FF205E692040002E3D
:10F4700056D000211A6903E001310432B14223D091
:10F480001778B842F8D110782D0228431060DA6856
:10F49000596896198E4213D2FE212406C9050C40E4
:10F4A0002D0A25438024996824069200254355504F
:10F4B000DA680132DA60C6E7052252429A61C2E791
:10F4C000042252429A61BEE73700DA685868D119BF
:10F4D00081421FD21969A4B2A0462E02E4B20439B7
:10F4E000264319610E607E1C5E619619B042E7D911
:10F4F00041460C06FE212D02C9050C402D0A2C4365
:10F50000802599682D0692002C435450DA68013208
:10F51000DA6098E7042149429961A1B28846E4E79C
:10F520000027D2E7A818002000F0FFFF14200000F9
:10F5300070B5224D04002B78012B14D0802080015F
:10F54000FFF762FA01002023234201D099439C4334
:10F55000230302D51A4B19401C408020214380010F
:10F56000FFF738FF70BD686900280CD000222B69B6
:10F5700003E001320433904205D019780029F8D114
:10F580001968090ADFE780208001FFF73DFA6A6900
:10F59000EB6801006868D31883420AD200202B6907
:10F5A0000E02C0B2043B304301322B6118606A6125
:10F5B000C9E704235B42AB61C5E7C046A818002039
:10F5C000FFFFF7FFF8B5184C2378012B02D0FFF7A7
:10F5D0001BFAF8BDFF21676985082940002F0CD070
:10F5E0000022236903E001320433BA4205D01E78B9
:10F5F000B142F8D11868000AEBE7FFF705FA626933
:10F60000E3686168D3188B420AD223690132043B54
:10F6100023611D7019780502294319606261D8E7DA
:10F6200004235B42A361D4E7A818002070B504212D
:10F6300006001848FFF7CEFE80208001FFF7C2FFCA
:10F6400015490425014380208001FFF7C3FE0120F6
:10F65000F2F7D2FF1148FFF7B5FF2C000440054236
:10F6600010D082208001FFF7ADFF040080208001D0
:10F67000FFF7A8FF0A49014080208001FFF7AAFE9A
:10F68000200070BD33685A1CE1D0013B3360002B71
:10F69000DDD1EBE704300000000101001430000070
:10F6A000FFFEFEFF30B516499DB0702278316846E6
:10F6B0000BF05AF90022134B6C46DA605A619A61DA
:10F6C0001A70F2F781FF1CAD208861680834FFF7DB
:10F6D00081FEAC42F8D10C48FFF774FF0B4BC31806
:10F6E000012B05D9AA23DB01984205D01DB030BDFE
:10F6F0000122074B1A70F9E70022054B1A70F5E753
:10F7000034E80100A818002004040000FFAAFFFF4D
:10F710009C060020F8B52A4E040033780D00012B1A
:10F7200025D080208001FFF76FF92023012D12D012
:10F73000234201D018439C4380231B031C4206D163
:10F740000100A14380208001FFF744FEF8BD18436B
:10F750001C4B1C40F4E7234201D098439C432303F5
:10F7600002D5184B18401C4021000143EAE770699C
:10F7700000280CD00022336903E0013204339042A8
:10F7800005D019780029F8D11868000ACDE7802043
:10F790008001FFF739F97269F3687168D3188B42F9
:10F7A0000AD2002133690702C9B2043B394301324E
:10F7B000336119607261B8E704235B42B361B4E757
:10F7C000A8180020FFFFF7FF10B51A4B82B01A7877
:10F7D000012A2BD0890001430C00F2F7FBFE202305
:10F7E0006A466846137001A90122F2F731FF6A46A2
:10F7F000114B6846138001A90222F2F729FFF2F7A4
:10F80000E3FEF2F7E7FE2D236A466846137001A96E
:10F810000122F2F71DFF24BA0422684601A90094D0
:10F82000F2F716FFF2F7D0FE02B010BD063A9A6169
:10F83000FAE7C046A818002022F0FFFF70B50400C8
:10F8400080208001FFF7BEFE20230100227899432B
:10F85000002A00D1194380208001FFF7BBFD8620DC
:10F860008001FFF7AFFE63780100012B00D119433F
:10F87000A378012B01D10F331943E378012B01D178
:10F88000033319432379012B01D11F331943637AC1
:10F89000012B01D1FF331943A37A012B01D101338D
:10F8A0001943E37A012B01D107331943237B012B41
:10F8B00001D13F33194386208001FFF78BFDA379E7
:10F8C000002B10D107250622032002216379002B8B
:10F8D00001D12A000100E379012B00D11100044875
:10F8E000FFF778FD70BD0525042201200021EDE71A
:10F8F0005020000010B5040001680A48FFF76AFDB7
:10F9000061680948FFF766FDA1680848FFF762FDD6
:10F91000E1680748FFF75EFD802106484902FFF7CE
:10F9200059FD10BD50210000582100005421000055
:10F930005C2100000C200000036810B5012B0FD0E3
:10F94000012200234168012900D11300FF228168B0
:10F9500052004900114004481943FFF73BFD10BD18
:10F960008023024A5B01EDE7102000000110000037
:10F97000F0B5040085B000283DD00369033B082B97
:10F9800036D84369052B33D801681C48FFF722FDA0
:10F99000A368590163681943237B012B01D10F33FD
:10F9A00019431748FFF716FD2269F82361690A2AEF
:10F9B00006D914481943FFF70DFD002005B0F0BD2E
:10F9C000022A03D913000833DB00F2E7EC46654650
:10F9D0000D486830D0C8D0C506882E808078A870C1
:10F9E0000429E6D893009B1863445B5CDB00E0E7E6
:10F9F00002204042E2E703204042DFE7FC20000013
:10FA0000F0200000F8200000B4E8010070B51D4DA2
:10FA100004002B78012B0BD01B48FEF7F5FF0100EB
:10FA20000F239943234018481943FFF7D3FC70BDB7
:10FA3000686900280CD000222B6903E001320433EE
:10FA4000904205D019783C29F8D11968090AE7E7EE
:10FA50000D48FEF7D9FF6A69EB6801006868D318A2
:10FA600083420AD23C202B690E02C0B2043B3043D1
:10FA700001322B6118606A61D2E704235B42AB61FB
:10FA8000CEE7C046A8180020F0200000036810B59B
:10FA90000400022B31D0032B16D0016B1F48FFF757
:10FAA00099FC2379012B0CD0102100236279012AC3
:10FAB00000D10B0021681A4849001943FFF78AFC5E
:10FAC00010BD30211F33F1E781681648FFF782FC33
:10FAD000E1681548FFF77EFC21691448FFF77AFCBE
:10FAE00061691348FFF776FCA1691248FFF772FCC1
:10FAF000E1691148FFF76EFCD3E7016A0F48FFF791
:10FB000069FC616A0E48FFF765FCA16A0D48FFF7C2
:10FB100061FCE16A0C48FFF75DFCC2E74820000089
:10FB200014200000182000001C20000020200000ED
:10FB300028200000242000002C200000302000009D
:10FB40003C2000003820000034200000036910B57C
:10FB50000400012B2CD0012200236169012900D16E
:10FB60001300A26914485100FF22520011401943AA
:10FB7000FFF730FC20005030FFF7FAFE21680F48F5
:10FB8000FFF728FC61680E48FFF724FCA1680D48C8
:10FB9000FFF720FCE1680C48FFF71CFC80210B48B4
:10FBA0004902FFF717FC20001C30FFF76FFF10BD64
:10FBB0008023074A5B01D0E710200000502100009D
:10FBC00058210000542100005C2100000C2000009E
:10FBD0000110000070B51E4B051C1B780C1C012B7E
:10FBE0001DD00021201C07F0C9FE0021002803D0F1
:10FBF0001848FFF7EFFB70BD9921281CC90508F0D4
:10FC000097FB211C08F0CAF9FC21890508F02AF8A5
:10FC100007F002FF10498142EAD90100E8E700211C
:10FC2000201C07F0ABFE00280FD19D21281CC90520
:10FC300008F07EFB211C08F0B1F9FC21890508F0D1
:10FC400011F807F0E9FE0549E5E70021D0E7C046D5
:10FC50009C06002030200000FFFF0F00FFFFFF0088
:10FC600070B51E4B051C1B780C1C012B1CD00021F1
:10FC7000201C07F083FE03000020002B00D070BD85
:10FC80009921281CC90508F053FB211C08F086F9AE
:10FC9000FC21890507F0E6FF07F0BEFE03001048CF
:10FCA0009842ECD91800EAE70021201C07F066FE14
:10FCB000002810D19D21281CC90508F039FB211C02
:10FCC00008F06CF9FC21890507F0CCFF07F0A4FED1
:10FCD00003000448E4E70020D1E7C0469C0600206A
:10FCE000FFFF0F00FFFFFF00436810B59901836815
:10FCF000C2681B010B43D10042690B4391001943B9
:10FD0000037E0400002B01D101331943637E002BD5
:10FD100001D1023319432368002B14D11448FFF793
:10FD200059FB3F21A38B13481940638B09031B0523
:10FD30001B0D1943FFF74EFB202123690E48194381
:10FD4000FFF748FB10BD0D48FFF744FB3F21A38B95
:10FD50000B481940638B09031B051B0D1943FFF763
:10FD600039FB2021236907481943FFF733FBE9E7F3
:10FD7000282100002021000024210000342100005F
:10FD80002C2100003021000010B50400FFF7ACFF6B
:10FD9000230020331A7E002A1ED1022103325B7E0B
:10FDA000002B00D11100236B042B00D0DB00E26A92
:10FDB0000B435101A26A92021143626A520311433A
:10FDC0001943236A002B0AD10948FFF703FB616B33
:10FDD0000848FFF7FFFA10BD01220021DFE70648BF
:10FDE000FFF7F8FA616B0548FFF7F4FAF3E7C0464E
:10FDF000EC200000E4200000E8200000E0200000EB
:10FE000010B5037E0400002B1ED103220221637E65
:10FE1000002B00D111002369042B00D0DB00E26825
:10FE20000B435101A26892021143626852031143CD
:10FE300019432368002B0AD10948FFF7CBFA6169FF
:10FE40000848FFF7C7FA10BD01220021DFE7064886
:10FE5000FFF7C0FA61690548FFF7BCFAF3E7C0464F
:10FE6000EC200000E4200000E8200000E02000007A
:10FE7000436810B51902836804001B041943036822
:10FE800037481943FFF7A6FA3648FFF79BFB802156
:10FE9000A36908401843237F012B01D10F33184376
:10FEA000637F012B01D13F33184323691902E368B3
:10FEB0001B03194363699B03194301432948FFF757
:10FEC00089FAA37F002B3FD1218C2748FFF782FAC4
:10FED000618C2648FFF77EFAA18C2548FFF77AFA55
:10FEE000E18C2448FFF776FA1E48FFF76BFBE36AC4
:10FEF000032B22D0802301001A489943FFF76AFAA6
:10FF0000E36A1B05A26A11011943230028331B7AF7
:10FF1000012B00D119431848FFF75CFAA36B343466
:10FF2000190123681548DB011943237A013B5A4222
:10FF300053411943FFF74EFA10BD80210143094890
:10FF4000FFF748FA0023DDE780208001FFF73AFB46
:10FF500080214902014380208001FFF73BFAB3E78B
:10FF6000A821000044200000A8200000AC200000D0
:10FF7000B0200000B4200000D0200000C421000008
:10FF800010B504001648FFF71DFB8021E368084008
:10FF90001843237C012B01D10F331843637C012BC1
:10FFA00001D13F3318436368190223681B031943C7
:10FFB000A3689B03194301430948FFF70BFAA37C8D
:10FFC000002B00D110BD80208001FFF7FBFA8021BB
:10FFD0004902014380208001FFF7FCF9F2E7C046A7
:10FFE0004420000070B5264D04002B78012B1FD053
:10FFF0002448FEF709FD6368032B12D0802301001B
:020000021000EC
:1000000020489943FFF7E6F963681B052268110150
:100010001943237A012B00D119431B48FFF7DAF962
:1000200070BD802101431748FFF7D4F90023EDE7A5
:10003000686900280CD000222B6903E001320433E8
:10004000904205D019781129F8D11868000AD2E732
:100050000C48FEF7D9FC6A69EB686968D3188B42D3
:100060000AD211212B690602C9B2043B3143013285
:100070002B6119606A61BEE704235B42AB61BAE79A
:10008000A818002044200000D020000010B5002156
:1000900004001148FFF79EF91048FFF793FA3F213B
:1000A000636808405902A3689B01194301430B4848
:1000B000FFF790F923690A481904FFF78BF92178B3
:1000C000054801394B425941E368C9025B031943B2
:1000D000FFF780F910BDC04608200000D8210000BD
:1000E000E021000001394B42594110B54003C902DB
:1000F00001430248FFF76EF910BDC046082000001A
:1001000070B5194C2378012B05D088208001FEF7AB
:100110007BFC000C70BD606900280CD000222369B4
:1001200003E001320433904205D019788029F8D1D8
:100130001868000AEDE788208001FEF765FC626917
:10014000E3686168D3188B420AD2802123690502D3
:10015000C9B2043B29430132236119606261D8E7C7
:1001600004235B42A361D4E7A818002070B5040003
:100170001748FFF727FA002105001548FFF72AF96D
:100180001448FFF71FFA3F23010008209943236812
:10019000194301430F48FFF71DF9E379002B0ED1F6
:1001A000A3680D4819022379013B5A425341194370
:1001B000FFF710F929000648FFF70CF970BD002180
:1001C0000548FFF707F900210448FFF703F9E7E7BF
:1001D00008200000D8210000042000006420000056
:1001E00070B51E4D04002B78012B0BD01C48FEF778
:1001F0000BFC0100012C16D0012399431848FFF78E
:10020000E9F870BD686900280FD000222B6903E06F
:1002100001320433904208D019780129F8D11968C5
:10022000090A012CE8D12143E8E70D48FEF7ECFB71
:100230006A69EB6801006868D31883420AD201201A
:100240002B690E02C0B2043B304301322B611860AF
:100250006A61CFE704235B42AB61CBE7A8180020BB
:100260000420000010B5032805D801218140862014
:10027000C000FFF7AFF810BD70B50400002A0CD025
:100280000D00861821000548FFF7A4F8013402CDBF
:100290000348FFF79FF8B442F4D170BDD4210000A9
:1002A00070200000036870B50400022B2CD00CD81D
:1002B000002B31D08368190443681B481943FFF7AA
:1002C00089F8237B012B0CD070BD032BF9D18368F7
:1002D0001904436815481943FFF77CF8237B012B69
:1002E000F2D1A66865682369002EEDD01C00AE1916
:1002F00029000F48FFF76EF8013502CC0D48FFF7D3
:1003000069F8B542F4D1DFE78368190443680A4805
:100310001943FFF75FF8D4E7836819044368074877
:100320001943FFF757F8CCE7E8210000E42100006B
:10033000D421000070200000D0210000CC2100005A
:10034000F0B5394B05001A7883B0012A28D0F2F7AE
:1003500041F920236A466846137001A90122F2F789
:1003600077F96A46314B6846138001A90222F2F7F9
:100370006FF9F2F729F9F2F72DF92D236A4668464D
:10038000137001A90122F2F763F92DBA042268461D
:1003900001A90095F2F75CF9F2F716F903B0F0BD88
:1003A0005C69002C3ED000211A6903E0013104325F
:1003B000A1421AD010781528F8D111782D022943BE
:1003C0001160DA68596814198C420AD2280A9525F6
:1003D00092002D06996828435050DA680132DA609D
:1003E000DCE7042252429A61D8E72600DA685868AE
:1003F0009119814212D2152419692F02E4B20439ED
:100400003C4319610C60741C5C611419A042E8D96A
:1004100095202D0292002D0A0006DBE704214942B7
:100420009961F2E70026E1E7A818002020540000B7
:1004300070B504000F25818E4448FEF7CBFFE18E96
:1004400043482940FEF7C6FF8120A18C0001FEF73A
:10045000C1FFE18C3F482940FEF7BCFF218F3E4899
:10046000FEF7B8FF618F3D482940FEF7B3FF8220B9
:10047000218D0001FEF7AEFF618D39482940FEF75E
:10048000A9FFA18F3748FEF7A5FFE18F3648294025
:10049000FEF7A0FF8320A18D0001FEF79BFFE18DF9
:1004A00032482940FEF796FF236C31481904090CA5
:1004B000FEF790FF236C2F48190C2940FEF78AFFA6
:1004C0008420218E0001FEF785FF618E2A48294095
:1004D000FEF780FF01212948FEF77CFF0C22A3686C
:1004E000274899000A403021E3681B0119400A435C
:1004F0000321636819400A43FF2123699B011940C6
:100500001143C022636992001B021340C0221943A9
:10051000A36912019B021340E2690B431103C0223D
:1005200092011140226A0B439107090C1943FEF70F
:1005300051FF2368802059004423E35C0001013B04
:100540005A4253411943FEF745FF70BD08080000A9
:100550000C08000014080000180800001C08000027
:1005600024080000280800002C08000034080000BF
:10057000380800003C080000440800001C0A000085
:100580000408000070B51F4D04002B78012B0FD01C
:1005900080200001FEF738FA01001B480140012CC1
:1005A00001D10123194380200001FEF713FF70BD24
:1005B000686900280CD000222B6903E00132043363
:1005C000904205D019780029F8D11968090AE4E7A2
:1005D00080200001FEF718FA6A69EB68010068687C
:1005E000D31883420AD200202B690E02C0B2043B0A
:1005F000304301322B6118606A61CEE704235B420D
:10060000AB61CAE7A8180020FEFF0000F0B5C6469F
:100610000400822000B5C000FEF7D4FF8026FF2131
:10062000802301405B004508B60040001D4030407B
:1006300005430D4382202021C0002943FEF7CAFE56
:100640002C48FEF7BFFF0100012C46D004200143D7
:100650002848FEF7BFFE04278423274C98467F4294
:1006600005E0A1200001FEF7CFF9830513D423781C
:10067000012BF6D16069002817D00022236903E01E
:1006800001320433904210D019788429F8D11868C7
:10069000000A8305EBD52023290082209943C0005E
:1006A000FEF798FE04BC9046F0BDA1200001FEF7C5
:1006B000ABF96269E3686168D3188B420BD241469B
:1006C00023690132043B236119701E780102314312
:1006D00019606261C9E7A761C7E704230548994328
:1006E000FEF778FEA1200001FEF76CFF3042F9D042
:1006F000D1E7C046BC200000A818002070B5040057
:10070000A1200001FEF75EFFE37C0500012B35D040
:10071000237C012B48D0A37C012B61D03F23A2680E
:1007200081201340E268C0009101F0229200114044
:100730001943FEF74FFE0A20F1F75EFF6368344865
:10074000990023681943FEF745FEE37C002B01D195
:1007500004339D43237C002B01D102339D43A37CB2
:10076000002B01D101339D432A492B48FEF732FE6D
:10077000A12029000001FEF72DFE70BD033325499D
:1007800025481D43FEF726FEA120290080260001F2
:10079000FEF720FEF600A1200001FEF713FF304215
:1007A000F9D0237C012BB6D101331A491A481D43D5
:1007B000FEF710FEA120290080260001FEF70AFEA8
:1007C000B600A1200001FEF7FDFE3042F9D0637CA7
:1007D000012B18D00020FFF719FFA37C012B9DD11E
:1007E0000C490D481D43FEF7F5FDA1202900802688
:1007F0000001FEF7EFFD7600A1200001FEF7E2FE0A
:100800003042F9D08AE70120FFF700FF83E7C046B6
:100810001404000014CB00000C0A000070B50600A0
:1008200086B01648FEF7CEFE03248308234004401A
:1008300001AD01946B60012E17D00123AB60002342
:1008400008210F486B74FEF7C5FD013C220001230F
:10085000511E8A41604244412800EB602A74EC74C6
:10086000AB74FFF74BFF06B070BD02230D210448A7
:10087000AB606E74FEF7AEFDE7E7C04614040000FF
:10088000F0220000F8B5CE4647460C00150080B5B2
:10089000012815D002232B4E984632782A4B2B4F35
:1008A000012A15D03800FEF7AFF8012D28D001003D
:1008B000A1433800FEF78EFD0CBC90469946F8BD6A
:1008C0000323204E98463278214B224F012AE9D14A
:1008D000214A944663445A1E9341726902339446F6
:1008E000002A10D00021326903E001310432614551
:1008F00009D010788342F8D11068000A012DD6D1B2
:1009000021000143D5E73800FEF77EF87269F368ED
:100910007168D3188B4211D233694146043B994622
:10092000336119704946097803028C461900634601
:1009300019434B46013219607261B6E704235B42EA
:10094000B361B2E7A8180020020C000008300000D4
:10095000030C00000C300000FEF3FFFF10B5194B34
:1009600004001A7882B0012A29D0F1F733FE20233F
:100970006A466846137001A90122F1F769FE8623D1
:100980006A46DB0013806846022201A9F1F760FE87
:10099000F1F71AFEF1F71EFE2D236A466846137022
:1009A00001A90122F1F754FE24BA0422684601A9E4
:1009B0000094F1F74DFEF1F707FE02B010BD063AC4
:1009C0009A61FAE7A8180020F8B5002809D01F4C52
:1009D000052522781E4B1F48012A09D0FEF714F87E
:1009E000F8BD1A4C042522781B4B1C48012AF5D16E
:1009F0001B4A6769944663445A1E93410433002F8F
:100A00000CD00021226903E001310432B94205D043
:100A10001678B342F8D11068000AE1E7FDF7F4FF59
:100A20006269E3686168D3188B420AD22369013294
:100A3000043B23611D701978050229431960626126
:100A4000CEE704235B42A361CAE7C046A818002092
:100A5000050C000014300000040C000010300000F1
:100A6000FCF3FFFF10B5040001680020FEF7B2FCA4
:100A700061680420FEF7AEFCA1680C20FEF7AAFC1A
:100A8000E1680820FEF7A6FC14202169FEF7A2FC0D
:100A900010BDC046F0B53A4B05001A7883B0012A64
:100AA0002AD0F1F797FD20236A466846137001A902
:100AB0000122F1F7CDFDE0236A465B011380684611
:100AC000022201A9F1F7C4FDF1F77EFDF1F782FDE5
:100AD0002D236A466846137001A90122F1F7B8FD7B
:100AE0006B466DBA022268461D8001A9F1F7B0FD80
:100AF000F1F76AFD03B0F0BD5C69002C3ED0002127
:100B00001A6903E001310432A1421AD01078072893
:100B1000F8D111782D0229431160DA685968141947
:100B20008C420AD2280A872592002D06996828430C
:100B30005050DA680132DA60DCE7042252429A61EE
:100B4000D8E72600DA6858689119814212D2072442
:100B500019692F02E4B204393C4319610C60741C1A
:100B60005C611419A042E8D987202D0292002D0A59
:100B70000006DBE7042149429961F2E70026E1E73C
:100B8000A8180020F0B5394B05001A7883B0012A67
:100B900028D0F1F71FFD20236A466846137001A98B
:100BA0000122F1F755FD6A46314B6846138001A9D1
:100BB0000222F1F74DFDF1F707FDF1F70BFD2D23B3
:100BC0006A466846137001A90122F1F741FD2DBA6A
:100BD0000422684601A90095F1F73AFDF1F7F4FC0B
:100BE00003B0F0BD5C69002C3ED000211A6903E01F
:100BF00001310432A1421AD010784628F8D1117878
:100C00002D0229431160DA68596814198C420AD2FE
:100C1000280AC62592002D06996828435050DA68A4
:100C20000132DA60DCE7042252429A61D8E72600FA
:100C3000DA6858689119814212D2462419692F0244
:100C4000E4B204393C4319610C60741C5C611419F2
:100C5000A042E8D9C6202D0292002D0A0006DBE74B
:100C6000042149429961F2E70026E1E7A818002033
:100C70002118000030B5354B83B01A78012A2CD0EA
:100C8000F1F7A8FC20236A466846137001A90122E7
:100C9000F1F7DEFC6A462E4B6846138001A902225A
:100CA000F1F7D6FCF1F790FCF1F794FC2D236A469E
:100CB0006846137001A90122F1F7CAFC002304223F
:100CC000684601A90093F1F7C3FCF1F77DFC01210F
:100CD0002048FEF77FFB03B030BD5869002832D0B2
:100CE00000211A6903E00131043281420DD01478E9
:100CF000472CF8D111781160DA68596810188842C9
:100D000014D3042252429A61E1E70500DA685C6874
:100D10005119A14213D247201969C0B2043919618F
:100D20000860681C586110188442EAD9C721986885
:100D3000920009061150DA680132DA60C7E704212F
:100D400049429961EFE70025E0E7C046A818002076
:100D5000211C00001C21000010B584B00D220021D0
:100D6000684609F01DFE6846FEF768FD032111483C
:100D7000FEF730FB00211048FEF72CFB20210F4826
:100D8000FEF728FB03210E48FEF724FB0D4C002143
:100D90000D48FEF71FFB0D490D48FEF71BFB200019
:100DA0000021FEF717FB01212000FEF713FB04B022
:100DB00010BDC04628210000202100002421000091
:100DC000EC2000001C210000E4200000E5470A00A0
:100DD00018210000F8B504235B42474698460023DB
:100DE000CE4606000024994680B51F4D2B7801346D
:100DF000012B0FD08020C000FDF706FE1B4B984250
:100E000003D0002EF2DDA642F0D220000CBC9046AA
:100E10009946F8BD686900280CD000222B6903E0D0
:100E200001320433904205D019780029F8D11868AE
:100E3000000AE3E78020C000FDF7E6FD6A69EB6881
:100E40006968D3188B420BD249462B690132043BA7
:100E50002B6119701F780102394319606A61CDE76F
:100E60004346AB61CAE7C046A818002044410000D1
:100E700010B5F1F7BBFBC820F1F7BEFBF1F7B0FBF3
:100E8000FA204000F1F7B8FB10BDC046F0B54E4661
:100E9000DE4657464546E0B5E7B0049189465949D4
:100EA0006C2205001C312FA80AAC09F05DFD220060
:100EB000554B0833C1CBC1C241CB41C2002D01D13A
:100EC00000F053FC6B680021181C984606F056FD94
:100ED000002801D000F046FCAB695A1E192A01D93E
:100EE00000F040FC4A46002A01D100F03EFC9C2163
:100EF000EA689B0091462A684046934608AA521821
:100F0000D3589A4609F0C6FB0022404B08F01AFD60
:100F1000060050460F0009F097FB0B000200390055
:100F2000300008F009F909F0FDFB394907F000FA33
:100F300006F072FD374B461C76089E425FD850463D
:100F400007F054FD8246300007F050FD324907F0AB
:100F5000EFF93249071C404606F084FE011C381C9C
:100F600007F01CF8514607F0E3F95146071C07F05B
:100F700015F8414607F0DCF9011C294807F00EF886
:100F80002849804606F01EFD002823D0264B9A46AD
:100F900004230193391C224807F000F82149071C5B
:100FA00006F010FD002843D18121381CC90506F048
:100FB00009FD002800D098E38021381CC90506F0FF
:100FC00001FD002800D1BDE380239B02039302238F
:100FD000009332E081214046C90506F0F3FC002869
:100FE00000D07DE380214046C90506F0EBFC0028D7
:100FF00000D199E30D4B9A4602230193CAE71E00E4
:101000009DE7C04634E90100B4E9010000009940C1
:101010004532EE3F16050000441F7A3F0000C842EB
:1010200000803B45000010412414040024140200F9
:101030008023DB0203930423009380209B00E3586A
:1010400080010593019B01279B00E3584AAC06935E
:10105000FEF7B8FA0790F448FEF7B4FA0290F248A7
:10106000FEF7B0FA06210143EF48FEF7B3F901217C
:10107000EE484942FEF7AEF980208001FEF7A2FA61
:10108000EB490840EB49014380208001FEF7A2F9BB
:10109000002323739846E84B20004A93E74B4C9774
:1010A0004B93FEF7CBFB402200211EA809F078FCF1
:1010B00003234846E249239306F070FC742276210C
:1010C000431E98416B6A249022932B6A28A821938F
:1010D00008AB9B1808AA52181F8029000123283149
:1010E00013700C2209F040FC1EA8FEF7C1FE20235D
:1010F0000021202216A8994609F052FC2B6910976E
:101100001A00511E8A410F921122139242461793E0
:10111000EB6949461B9302231492CA4AFF33159286
:1011200008AA1187343152181380FD3B1993AB691B
:10113000119712971A932B7D0FA8013B5A425341E6
:101140004A465B4213404133FF331C93FEF7CCFD0C
:1011500017A8FEF755FE4422002151A809F020FCF3
:101160005C234246E2542B69002B00D092E11F23FE
:101170000B22A36505236292639364926593012217
:1011800000235E925F93002300224E924F93FF2331
:10119000A361BE3B4A930123802763609023BF0075
:1011A0001B0100215846A760E36006F0E7FB00281A
:1011B00000D0D5E1A44B26641B78AE6800212F68CF
:1011C000301C012B00D196E206F0D8FB002800D09D
:1011D00095E29921381CC90507F0AAF8311C06F0E0
:1011E000DDFEFC21890506F03DFD06F015FC974B60
:1011F000834200D903000222E363002320006364DA
:10120000A364E364E2612384FEF7A0FC0221874823
:10121000FEF7E0F8C0200001FEF78AF96420F1F73C
:10122000EBF9242214231E921F93019B51468848F8
:101230002093FEF7CFF88120C001FEF779F919203D
:10124000F1F7DAF981200002FEF772F902268148EF
:10125000FEF7B8F90642FAD080208001FEF7B2F915
:101260007D49014080208001FEF7B4F802216F48DB
:10127000FEF7B0F87948FEF7A5F9834606007848EE
:10128000FEF7A0F92B6982460190002B00D162E1A4
:10129000C023222103229B001E911943039B1F920E
:1012A000009A19436A482092FEF794F88120C00101
:1012B000FEF73EF91920F1F79FF981200002FEF7B1
:1012C00037F902276348FEF77DF90742FAD08020FC
:1012D0008001FEF777F96049014080208001FEF728
:1012E00079F802215148FEF775F85C48FEF76AF973
:1012F000814607005A48FEF765F95B4680469B0326
:1013000002D55B46574E1E4353469B0303D55346B7
:101310005448034301934B469B0302D54B46514F20
:101320001F4343469B0300D507E1019B584207F04A
:1013300017FB011C814606F0FBFF434683465842DB
:1013400007F00EFB011C8246484606F0F1FF80467E
:10135000300007F005FB061C380007F001FB311CCC
:10136000071C504606F0E4FF391C8246484606F04A
:10137000DFFF011C504607F0F5F88246311C301C97
:1013800006F0D6FF594606F06DFC011CFE208005D4
:1013900006F004FE05998146686806F0FFFD06998F
:1013A00006F0C6FF8346391C301C06F0C1FF4146DB
:1013B00006F058FC594606F0BBFF494606F0B8FF58
:1013C0005146061C584606F0B3FF494606F0B0FFEA
:1013D0006B6B8046002B00D070E00225049B1E60E2
:1013E0005860029B1D4200D191E00425029B1D42E2
:1013F00000D199E0802007998001FDF7EBFF0022E2
:101400000023002118484A924B934C924D93FDF7CC
:10141000E1FF61681548FDF7DDFFA1681448FDF79D
:10142000D9FFE16826E0C0460C300000043000001F
:101430003F00CEFF20000800010101000001010073
:101440000050C34B000100089C060020FFFF0F0066
:10145000A8210000143000007F3EFFFF782000002C
:101460007C2000000000FCFF5021000058210000FB
:1014700054210000BE48FDF7ADFF8021BD48490260
:10148000FDF7A8FF002067B03CBC90469946A246F5
:10149000AB46F0BD1F230B22A36505236292639325
:1014A00064926593022200235E925F9300230022E0
:1014B0004E924F93FF23A3617E3B6BE6311C301CA1
:1014C00006F036FF4146051C404606F031FF011C80
:1014D000281C06F0C7FB09F0DDF805F001F809F05B
:1014E00021F9049D2860301C09F0D4F806000F0093
:1014F000404609F0CFF83B00320004F0D9FE09F075
:1015000011F968600225029B1D4200D06DE79A48E0
:10151000FEF758F80100A94304259748FDF75AFF44
:10152000029B1D4200D065E79348FEF74BF801008F
:101530009148A943FDF74EFF5CE7019B584207F035
:101540000FFA011C814606F0F3FE434683468B48A2
:1015500018434042F4E68023212102229B009BE6AF
:1015600001235B42099300232000E3612384E664A6
:10157000FEF7ECFA80231B01F1188148FDF72AFFE2
:101580009920C001FDF7D4FF012201234A924B9319
:101590008022902392001B0101217A484C924D93A6
:1015A000FDF718FF61687848FDF714FFA1687748D8
:1015B000FDF710FFE1686E48FDF70CFF80216D48D4
:1015C0004902FDF707FFFA208000F1F715F8242201
:1015D00014231E921F93019B51466D482093FDF7E3
:1015E000F9FE3220F1F708F809A8FEF71FF82B6979
:1015F0008046002B00D184E0222103230137FF37EE
:101600001F93009B1E912093039B3943194360480D
:10161000FDF7E0FE3220F0F7EFFF09A8FEF706F82D
:10162000296980264B4259413F23494299438131E0
:101630003E3B4A916360902307001B015148B6006E
:10164000E360A660FDF7C6FE61684F48FDF7C2FE85
:10165000A1684E48FDF7BEFEE1684548FDF7BAFEB9
:10166000802144484902FDF7B5FEFA208000F0F7DA
:10167000C3FF242214231E921F93019B514644480A
:101680002093FDF7A7FE3220F0F7B6FF09A8FDF77B
:10169000CDFF4346C31A98462B69002B5FD0222109
:1016A00003230136FF361F93009B1E912093039B5B
:1016B000314319433648FDF78DFE3220F0F79CFF89
:1016C00009A8FDF7B3FF8146404607F049F94B46AC
:1016D000061CD81B07F044F9DA46D846071C4DE62D
:1016E0002C4B9A460323019354E4C0239B0203939B
:1016F00003230093A1E406F041F9002804D000235D
:1017000079E5212102237BE79D21381CC90506F0DC
:101710000FFE311C06F042FCFC21890506F0A2FAFE
:1017200006F07AF91C4B63E5FF214046890506F077
:1017300049F90300581E8341184A01931B041A43B8
:10174000924627E4FF21381C890506F03BF9030087
:10175000581E834100931B040393009B6DE42121D9
:101760000223A0E7022040428DE6032040428AE6A1
:101770005C2100000C2000000C3000000000FCFF89
:101780004820000050210000582100005421000092
:10179000A821000024140300FFFFFF002414000010
:1017A000F0B55746DE464E464546E0B504008A464B
:1017B0009BB0002800D135E1002900D132E1FE21A3
:1017C0004068890506F0E0F8051E00D027E197483B
:1017D000FDF7F8FE0723012603400593944802AB6A
:1017E000DD74FDF7EFFE330003400004000E02AA93
:1017F000079090481374FDF7E5FE01908D48FDF7C2
:10180000E1FE802701003F028A483943FDF7E2FDEF
:1018100001235B42190088489B46FDF7DBFD02A8C7
:10182000049502960396FEF7A1FC23688348984628
:10183000802341465B0299461943FDF7CBFD4146A3
:101840007F48FDF7C7FD7F497F48FDF7C3FD23684B
:1018500049460133984619437C48FDF7BBFD414694
:101860007748FDF7B7FD812177480906FDF7B2FDFE
:1018700008AB984644234246D55496600023012283
:101880008421089209930423424660685363C90582
:1018900006F04EFDFC21890506F0E4F906F0BCF8DF
:1018A0004246431F53620323936343465A4605004F
:1018B00040469A62FEF7BCFD39005F48FDF78AFD9D
:1018C00080200001FDF77EFE81B20120B14301437B
:1018D00080200001FDF77EFD5D48FDF773FE384274
:1018E000FAD05C48FDF76EFE804680200001FDF7CF
:1018F00069FE012781B28020B9430001FDF76AFD2E
:1019000004215548FDF766FD00215448FDF762FDAE
:10191000812004210001FDF75DFD00215048FDF705
:1019200059FD26688021731C99468902194347484E
:10193000FDF750FD49464248FDF74CFD41494248FC
:10194000FDF748FD3E48B11CFDF744FD81213E48AE
:101950000906FDF73FFD3648FDF734FE0100344827
:101960003943FDF737FD802133480902FDF732FD89
:1019700080200001FDF726FE81B20120B94301431A
:10198000802080270001FDF725FD3F023048FDF74C
:1019900019FE3842FAD02F48FDF714FE06003148F0
:1019A000FDF710FE80200001FDF70CFE012381B23F
:1019B0008020994699430001FDF70CFD05A8FEF72C
:1019C000D5FB1C48FDF7FEFD4A46019BDB0B1A4286
:1019D00022D1254901401748FDF7FCFC802116481B
:1019E0000902FDF7F7FC280007F000F8A16806F0EF
:1019F0009FFC4346041CF01A06F0F8FF011C201C53
:101A000006F0CCFA5346186000201BB03CBC904650
:101A10009946A246AB46F0BD39000143DBE7022000
:101A20004042F2E703204042EFE7C046D8210000E1
:101A3000042000000C30000004300000CC21000025
:101A4000D4210000FFFFFF7F70200000E82100008C
:101A50001430000068200000080800000C08000096
:101A60001408000010300000FF7FFFFF10B500F0E9
:101A7000E3FB034B8000C25800214923D15410BD21
:101A8000F4060020F0B585B002910392827A02AB91
:101A90000400002A07D091071CD5EFF310825142B1
:101AA0004A41C27272B65F791D79029E206801F0C8
:101AB00021F80023227AE1792068009701F0A4F947
:101AC00032002900206800F0EFFF206801F008F8DC
:101AD00005B0F0BDD207E6D58189014A9160E2E701
:101AE00000180040837A002B05D09A0704D5C37AEA
:101AF000002B00D062B67047DB07FCD58289014B12
:101B0000DA60F8E70018004010B5006800F0FCFF4C
:101B100010BDC046F0B5C646050000B5103504003E
:101B200086B0280000F09CF9002803D006B004BC61
:101B30009046F0BD24239846A044404600F090F91A
:101B4000002800D085E0206801F068F8002800DA5D
:101B500089E043001818454B80001818017A2800C6
:101B600000F0E2FA0221280000F022FB0122280006
:101B70003F4900F0D5FA280000F05EFB3D4E8000A2
:101B80003450206801F04AF800286ADB4300181836
:101B9000364B800018180179404600F0C5FA022142
:101BA000404600F005FB404600F046FB8000345004
:101BB000206801F033F800284FDB430018182B4B46
:101BC0008000C158002301222800029204930022C1
:101BD00003930193009300F031FBA063206801F0B0
:101BE0001DF800283BDB43001818204B8000C2582A
:101BF000002301260021049303930293009340469F
:101C0000019600F01BFBE0630700402008F08AFE0D
:101C10002064002815D04823E65400266064102272
:101C200080193900103608F09FFE402E09D0606CF4
:101C3000E76B801910223900103608F095FE402E0F
:101C4000F5D14823E35C002B00D06FE7404600F05D
:101C5000FFF9280000F0FCF968E70021B2E7002254
:101C6000C6E7FF2198E7FF2179E7C046D0E90100E8
:101C70006D1A0100F4060020F0B5437A040083B029
:101C8000002B03D1012243814272C3604823E35CED
:101C9000002B33D0082120791A4D43001B18DB009C
:101CA000EB18595604F0B6F90821A07943001B1827
:101CB000DB00EB18595604F0ADF9082160794300B8
:101CC0001B18DB00ED18695604F0A4F90E4B2068D0
:101CD0005F791E681D7900F00DFF0023227AE179FB
:101CE0002068009701F090F832002900206800F089
:101CF000DBFE206800F0F4FE03B0F0BD2000FFF72B
:101D000009FFC7E73CEA0100EC06002070B50F4C64
:101D1000002520000E4B0F4A9D801A60103000F005
:101D20001FF82000243000F01BF8002200230026BA
:101D3000A263E363226463644823E6540133E654F8
:101D4000054B25812360054B636070BDA006002014
:101D5000EC06002000093D0028110020161718018C
:101D6000FF2310B50370002343704380C023040099
:101D70009B0083800C220021083008F011FE200017
:101D800010BDC04601231A0010B50A400B4209D00D
:101D90004E2210498B54033343708368002B00D0CC
:101DA000984710BD02230B4207D04E21094C6354C3
:101DB000C3684270002BF3D1F3E704230B42F0D049
:101DC0004E2204498B54033343700369002BE7D13F
:101DD000E7E7C0460048004170B51D4C2368002B62
:101DE00009D1EFF31082002A2FD172B6BFF35F8FB3
:101DF000184B01321A702368174A01332360138C81
:101E00001B071B0F0B2B0FD81449980040580028B4
:101E10000AD03F250F26515DB1430B4353554E2346
:101E2000D15CC9B2FFF7AEFF2368002B0CD023684A
:101E3000013B23602368002B06D1064B1B78002B47
:101E400002D0BFF35F8F62B670BD024A1370D2E753
:101E5000B8080020B408002000480041BC08002059
:101E6000F0B5C6460378040000B50B2B00D895E00A
:101E700000236A4D03702A680133134239D02A685F
:101E800003700133134234D02A68037002331342C3
:101E90002FD003222968027005320A4229D003702C
:101EA0002B68DB0625D5052303702B689B0620D500
:101EB000062303702B685B061BD5072303702B6872
:101EC0001B0616D52B680270DB0512D5092303709B
:101ED0002B689B050DD50A2303702B685B0508D57D
:101EE0000B2303702B681B0503D50C230370012003
:101EF00055E04B4E3368002B05D1EFF31082002ADA
:101F000050D0484A13703368013333602B68002B7C
:101F100054D001273B0020782A68834013432B606C
:101F2000414B8200D4503F220F25404B2840995C02
:101F3000A943014399544021585C0D3DA843012514
:101F40005854585C284358542078196987406020B9
:101F5000B9431961596C814359642079596C024025
:101F60003348120201400A4303215A6460795A6CD3
:101F700001403048890502400A435A643368002B07
:101F80000CD03368013B33603368002B06D1254BFE
:101F90001B78002B02D0BFF35F8F62B6002004BC19
:101FA0009046F0BD72B6BFF35F8F1E4B01321A70C0
:101FB0003368013333602B68002BAAD120211E4BDC
:101FC0001A4F5A691D480A435A61DA6910390A439F
:101FD000DA6102223B880021934301223B803B8847
:101FE00013433B80164BC02298467863BB6308F0CE
:101FF000D7FCC0220021404608F0D2FC4022C1207C
:10200000104B80003B80104B10491A601A58114049
:10201000C02212040A431A507BE7C046B0080020D1
:10202000B8080020B4080020BC0800200048004187
:10203000FFC0FFFFFFFF3FFF00040040F00700204C
:1020400030070020020F000000E100E0FFFF00FF6A
:102050002C4B0200196830B5002909D1EFF310802C
:1020600000284AD172B6BFF35F8F2749013008704C
:10207000196801311960517848B206292CD01178BD
:102080000B293DD801208840204C2568054237D0D7
:102090002568854325602068002816D180214024CA
:1020A0001B484450BFF34F8FBFF36F8F19483E3C1E
:1020B0000188A143018018490E34C869A043C86152
:1020C00048691034A04348611178002413488900FE
:1020D0000C50FF21002011701A68002A0CD01A68D9
:1020E000013A1A601B68002B06D1074B1B78002BA6
:1020F00002D0BFF35F8F62B630BD03480170B7E70F
:102100000220E9E7B8080020B4080020B008002049
:1021100000E100E00048004100040040BC0800204D
:102120000232920011507047027870B501710B2A8B
:1021300030D81B4C2368002B0AD1EFF31082002A01
:1021400029D172B6BFF35F8F164B01321A70027835
:1021500023680F26013323603F23134D3240E85C90
:102160001940B0430243EA546A6C104B0902134011
:10217000194369642368002B0CD02368013B23605A
:102180002368002B06D1074B1B78002B02D0BFF32E
:102190005F8F62B670BD034A13700278D8E7C046FD
:1021A000B8080020B408002000480041FFC0FFFF2D
:1021B000037870B541710B2B31D81B4A1468002C81
:1021C0000AD1EFF31083002B2AD172B6BFF35F8FD1
:1021D000164B01341C7003783F250F261068144CF1
:1021E00001301060605D3340B0430343032063550A
:1021F000636C08400F49800519400143616413680E
:10220000002B0CD01368013B13601368002B06D120
:10221000064B1B78002B02D0BFF35F8F62B670BDF8
:10222000024B1C700378D7E7B8080020B4080020E0
:1022300000480041FFFF3FFF00787047F0B5574668
:1022400045464E46DE46E0B583B01D000CAB1F7818
:102250000DAB1B78040098460EAB1B7800789946AE
:1022600010AB1B7800919A4601920B2800D9A3E08D
:102270006378062B00D19FE0A378002B00D06CE0A0
:10228000534B00019C4601236044A370012F00D1F1
:1022900082E0BB1E5A42534103225B42134001338A
:1022A000012102884B4E0A430621028002888A439C
:1022B0000280028812318A4302801539028839402F
:1022C000454F090217400F43078001224746018806
:1022D00017403140BF020F4307804F4601883F4EF1
:1022E000174031405646FF020F43078001883C4F9C
:1022F0003240394012030A43072102800F9A1140ED
:1023000002884903D204D20C0A430280AAB2428056
:10231000009A42604246002A40D0002E4ED05D43D3
:102320002B000F9942688B409B184360019B836090
:102330004B46002B02D083685D198560E27800234C
:10234000002A02D023781B016344C36003B03CBC65
:1023500090469946A246AB46F0BD1021102008F0E9
:10236000D7FA002828D01A4A237894461B016344E0
:10237000DA68002A0AD01900009E03E0DB68DA68F8
:10238000002A02D0DA688A42F8D10096D860012388
:10239000A370012F00D07CE7022381E7019A8260BD
:1023A0004A46002ACAD05D43002EC4D10F9A8368E2
:1023B0009540ED188560C1E70020C7E75D4342689E
:1023C000019B5219426083604B46002BEED1B5E76A
:1023D000F0070020FFFBFFFFFFFCFFFFFFF7FFFF01
:1023E000FFEFFFFF8C238E225B005200C358805802
:1023F000181A01D50130FF307047C0468E238C2259
:102400005B005200C158825810B5914209D0FF219B
:10241000C258C4588218127E01342140C1501000A5
:1024200010BD01204042FBE78E238C225B0052004E
:10243000C1588258914203D0C358C018007E7047DB
:1024400001204042FBE7C0467047C04670B5837D1F
:10245000002B1BD0882389229B009200C41823687C
:1024600085182E68263A0133FF3A1340B3420DD047
:10247000236801331A402B689A4209D02368C01898
:1024800090235B00C1540120226070BD0020FCE756
:102490000120FAE7F8B545465746DE464E468846DF
:1024A000E0B500240500171E2BD01C4B9946902345
:1024B0005B009B460133FF33C61804339A468244BF
:1024C00016E05246FF2033681268013303409342FE
:1024D00017D033680133184053461B68984204D024
:1024E0005A463368EB18995430600134A74208D03B
:1024F00042462B68115D1B684B4509D1AB7D002B13
:10250000DFD120003CBC90469946A246AB46F8BDC0
:10251000280098470028E8D1F3E7C0464D24010081
:10252000F8B51E00FA23CE4647469B0080B583606F
:10253000164B002508330360802304005B008846A7
:10254000170045601A0000211830994608F028FA53
:102550008C2320005B00E55021300433E5504A46CF
:102560000021FF3008F01CFA88239B00E3181D604F
:1025700089239B00E3181D6043462000277566757C
:10258000A57523610CBC90469946F8BD18EA010078
:10259000F8B5544C206900F007FB002800D1F8BDC5
:1025A000206900F011FB00282ED1206900F018FBF3
:1025B000002804D0206900F00DFB00281FD12069FD
:1025C00000F00EFB00283DD0206900F0B3FA20692E
:1025D000032100F0B9FA206900F008FB0028DED0E2
:1025E000882200239200A3500432A3500133A37524
:1025F0008B239B00E358002BD1D09847CFE720696D
:1026000000F0F4FA0028DAD1206900F093FA0321EF
:10261000206900F099FA8C239B00E358002B07D027
:102620008C225200A0580432A258801A07D498472E
:102630008C2200235200A3500432A350AFE7013094
:10264000FF30F4E7206900F0B9FA0028A7D020692C
:1026500000F0CCFA002822D0882389229B00920027
:10266000E358A2589B1A01D50133FF33FF21002BF9
:1026700010D0892388229B009200E058A2589042F3
:1026800008D0E2582131A218515CFF22E0580130F5
:102690000240E250206900F077FAA0757FE78C26AF
:1026A0008E27FF257600A3597F00E2590133206968
:1026B0002B40934213D000F09FFAA35901331D40E1
:1026C000E3599D4203D0A359A551E3181876206918
:1026D00000F030FA0321206900F036FA5FE700F0DD
:1026E00021FAF7E7EC08002010B51523142202495F
:1026F0000248FFF715FF10BD24110020EC08002050
:1027000010B5024802F0C6FB10BDC046200B0020E9
:1027100010B5024802F0BEFB10BDC0461C0E0020E2
:10272000F0B501260325164F83B03800154900F097
:1027300029F91549154800F025F91549154800F003
:1027400021F91549154800F01DF91549154800F003
:1027500019F9154C1549200000F014F9390001232E
:10276000002201960095124802F044FB1E231F220E
:102770002100019600950F4802F03CFB03B0F0BD2C
:102780001811002000080042000C00421C1100201B
:1027900000100042201100200014004224110020EB
:1027A00000180042281100202C110020001C0042BB
:1027B000200B00201C0E0020F8B54746072380465A
:1027C000CE46434480B599460F000026051D297862
:1027D0000A22380000F0CAF82E210400380000F068
:1027E00071F80135241836194D45F0D143463800AB
:1027F0000A22D97900F0BAF830180CBC90469946F4
:10280000F8BDC046024B08330360002343607047A5
:102810008CEE010030B503AC24781202044D1B0489
:10282000114324061943083521430560416030BD3A
:102830008CEE0100024B0833036041607047C046D4
:102840008CEE01000A7830B5002A23D00024002342
:102850000AE09D005B195B009B18303B9BB2FF2B8D
:1028600018D80A78002A10D01500303D0131092D02
:10287000EFD92E2A0ED1032C0CD0621C041923711F
:10288000D4B20A780023002AEED1032C02D1C371FE
:10289000012000E0002030BD41607047F8B5050020
:1028A0000F0016000024002A03D109E00134A642DB
:1028B00006D02B682800395D1B6898470028F5D1A1
:1028C0002000F8BD10B503681B68984710BDC046CE
:1028D000F0B54746CE460D002023002180B58BB0D1
:1028E000160001AA0700D154012E35D909AC05E024
:1028F0003033DBB2013C237096420ED82800310001
:1029000004F002FF2A00CBB205000929F0D93733C1
:10291000DBB2013C23709642F0D9200008F015FE8E
:102920003E68114B7568804681469D4216D100284D
:102930000CD0002503E00135A94507D03E683800DA
:10294000615D336898470028F5D1A84640460BB032
:102950000CBC90469946F0BD0A26C7E7020021004C
:102960003800A8478046F1E79D28010010B5002AED
:1029700003D103681B68984710BDD2B2FFF7A8FFC8
:10298000FAE7C046016070479446F0B505009C1E0A
:10299000621E9441624605A8067828689207076877
:1029A00024063A431443046007202C680840B6010B
:1029B00062683043022B04D05B030243134363601D
:1029C000F0BD0023F9E7C04630B5C0250468AD036B
:1029D000236812052A401A43C02309049B021940A8
:1029E0000A432260026851680B43536030BDC04601
:1029F0000121026813680B43136002681368DB0748
:102A0000FCD4D369DB07F9D47047C04602210268C1
:102A100013680B4313600268D3699B07FCD47047AB
:102A20000268137EDB0702D4137E9B07FCD5704738
:102A3000002203685A8370470368187E4007C00F5E
:102A40007047C0460368187EC0097047802302683B
:102A50005B42117E0B4313767047C0460368588B68
:102A60008007C00F7047C04602210268538B0B439A
:102A7000538370470368187EC007C00F7047C04675
:102A80000368188DC0B270470268137EDB07FCD55F
:102A900089B2012011857047012203689A75704739
:102AA000012203681A75704770B5012405684B0848
:102AB00023400C402E6824075B07234333432B60DD
:102AC00004685100054804F099FD80B200230028F5
:102AD00001D00138C3B2237370BDC046006CDC0264
:102AE0000221026813680B4313600268D3699B07D5
:102AF000FCD470470268D3699B07FCD40221136899
:102B00008B4313607047C0460268936A5B0A5B029E
:102B10000B4393620268137E5B07FCD5906AC0B2D8
:102B20007047C0460268136880235168DB020B437C
:102B30005360704702680349136853680B40536041
:102B40007047C046FFFFFBFF10B502681368DB0645
:102B50005B0F052B08D00320536808400949000487
:102B600019400143516010BD032453680C400549CE
:102B700024041940214351600268D3695B07FCD4E7
:102B8000F1E7C046FFFFFCFF28230268D15402682A
:102B9000137E5B07D80F002B04DA0123508B40070C
:102BA000C00F58407047C04603681868C006400F01
:102BB000043843425841C0B27047C0460368187E8B
:102BC0004007C00F7047C0460368187EC007C00F9B
:102BD0007047C0460368588BC006C00F7047C04698
:102BE0000368187E8007C00F7047C0460368588B83
:102BF0000007C00F7047C04602681368DB065B0F12
:102C0000052B03D02823D05CC0B27047137E9B07EE
:102C1000F8D4137E9B07F9D5F4E7C0460368124A3F
:102C2000934215D0114A934215D0114A934215D0C0
:102C3000104A934215D0104A934206D00F4A0520FD
:102C4000934203D0012040427047042040B2FBE78A
:102C5000002040B2F8E7012040B2F5E7022040B280
:102C6000F2E7032040B2EFE700080042000C004208
:102C7000001000420014004200180042001C0042F4
:102C80000368324AF0B593420FD0314A934253D091
:102C9000304A934252D0304A934251D02F4A934205
:102CA00050D02F4A93424FD0F0BD00222D4BD2007E
:102CB0009B1805229A561879002A27DB1F23012525
:102CC00013409D40C0230321274E5B00B446C0271C
:102CD000F55093080A40D200FC3191409B006344B8
:102CE000BF00DC598C432100C024944022000A43D9
:102CF000DA5135603F23184080231C4ADB0103432F
:102D0000538053785BB2002BFBDBCDE718490F23D0
:102D10008C46032113400A40D200FC319140083B0D
:102D20009B089B006344DC698C432100C0249440D1
:102D300022000A43DA61DDE70122B7E70222B5E7A4
:102D40000322B3E70422B1E70522AFE700080042FF
:102D5000000C004200100042001400420018004223
:102D6000001C004298EE010000E100E0000C004071
:102D700000ED00E0F8B5CE464746060080B588462F
:102D800017009946FFF77CFF0121326813680B4357
:102D9000136035682C68E307FCD4EC69E307F9D4C9
:102DA00043461C229B001A407B071B0C1A438423BA
:102DB0002A60326893754346012B1ED1013F794248
:102DC00079410733494219400E4B083118684B4688
:102DD000C000594304F012FC0722316802408B897D
:102DE0005203DB04DB0C13438B81326800049389AC
:102DF000C00C5B0B5B03184390810CBC904699465A
:102E0000F8BDC04688000020F0B54F464646D6467D
:102E1000C0B50E0001210700984608AB1B7891460B
:102E200002689A4613680B43136005682C68E30731
:102E3000FCD4EC69E307F9D43800FFF721FF320432
:102E4000C0265146B6023240C0208E074946800354
:102E50000905014032430A430C213B680A431A60CA
:102E6000434607221A40802339689B0213434B6074
:102E70003A68D3695B07FCD41CBC90469946A246CD
:102E8000F0BDC0463F20704710B50221006900F038
:102E9000B5FE10BD10B50321006900F0F9FD10BDAD
:102EA00010B5094B0400DB79002B03D1012300206E
:102EB000636010BD130000690A00032101F07AF974
:102EC0000028F3D0F5E7C04610000020074A0300B1
:102ED000106810B5411C03D001235B42136010BD84
:102EE0000221186901F03EF8F9E7C0465C000020B5
:102EF00010B50A4C03002068421C09D11A68084921
:102F000052698A4205D10221186901F02BF820602C
:102F100010BD180090472060FAE7C0465C00002012
:102F2000CD2E010010B582B004006B46D81D236879
:102F30000D4A5B680170934211D10C4BDB79002B79
:102F400004D101230020636002B010BD0200012300
:102F50000321206901F02EF90028F5D1F1E70100E5
:102F6000012220009847EFE7A12E01001000002069
:102F700010B503784222023303700249024801F07F
:102F8000B7F910BD180000204C11002010B50278D0
:102F9000030041780020A12A0CD0212A00D010BDC6
:102FA00020291FD022290ED02329F8D15A88134B6B
:102FB0001A60F4E72129F2D1114912489A3A01F036
:102FC00097F90120EBE79B780D4CE371962322687B
:102FD000DB009A4202D1E379DB070AD503F082F8DD
:102FE0000020DCE7064C1A3A2100064800F0A4FD58
:102FF000ECE7FA2003F070F80020D0E70C00002086
:10300000100000204C1100207047C046F0B5C646A5
:1030100000B507008846160002F0FCFC0024F860AA
:10302000002E03D112E06419A6420FD942460221B4
:103030003869331B121900F025FE051EF3D102F08A
:10304000E9FCFB68C01ABB689842ECD3200004BCC2
:103050009046F0BDFA220021054B92009A60054A85
:1030600008321A60044A59601A6119767047C046DE
:1030700030110020C8EE01004C1100207047C046FE
:1030800003000069F0B500280CD1EFF3108472B68C
:1030900024255D5D002D11D1002C0DD162B6BFF34A
:1030A0006F8FF0BDEFF31084200072B634255D5DA4
:1030B000002D27D1002CF1D00020F2E7002C74D095
:1030C000002A0AD181E0651CDD619D69AC4664443B
:1030D00024780C540130824271D0DC691D6AAC4204
:1030E000F1D31A6AA242DCD100220121DA6119610E
:1030F000EFF3108C72B623315A5411315C5C002C02
:1031000023D146E0002C4CD00020002A0AD150E008
:10311000651CDD629D6AAC46644424780C54013021
:10312000824246D0DC6A1D6BAC42F1D31A6BA242DC
:10313000B7D10022DA621A61EFF3108C72B6342133
:103140005A5401315C5C002C23D001255A54596833
:103150001A7A0C685201A6180936FF3677788A1851
:103160002F43DD6877709668AF04194D3F092E40F4
:103170003E4396601A7A520189188A68920B92032C
:103180008A6040211B7A08335B01E3181A790A43ED
:103190001A716346002B00D083E762B6BFF36F8FCE
:1031A0007FE762B6BFF36F8FAEE762B6BFF36F8F94
:1031B00086E7DC6A1A6BA24200D072E7B9E7DC69E5
:1031C0001A6AA24200D06CE78EE70020DC6988E72B
:1031D000FF3F00F010B50400806907F0ADFBA06A66
:1031E00007F0AAFB200010BD10B50400806907F0AD
:1031F000A3FBA06A07F0A0FB2000EFF719F920005D
:1032000010BDC0460369002B0ED1EFF3108272B6D9
:103210002433C35CDBB2002A02D162B6BFF36F8FE6
:10322000002B12D100207047EFF3108272B63423C6
:10323000C35CDBB2002A02D162B6BFF36F8F002BF2
:10324000F0D0036BC06A181AEDE7036AC069181A58
:10325000E9E7C046027AF0B51300416808330C680C
:103260005B01E318DD79FF26ED0721D50125DD712E
:10327000436952018F18002B1BD1BB689B049B0C28
:103280000362036A002B35D0836A45617B60EFF3EC
:10329000108272B62423C5541033C35CD9B2002BFC
:1032A0001CD03523C554002A02D162B6BFF36F8FFC
:1032B000F0BDBB689B049B0C0363036B002B19D010
:1032C0000023436183697B60EFF3108272B634237D
:1032D000C554103BC35CD9B2002BE2D13523C15495
:1032E000002A02D162B6BFF36F8F416882680C6812
:1032F000324052010126A3180933FF335D788A1842
:1033000035435D70C56893680A4EAD042D0933409E
:103310002B439360037A5B01CB1840219A68920B90
:1033200092039A60037A08335B01E3181A790A431F
:103330001A71BDE7FF3F00F0F0B5C646060000B5C4
:1033400008000F0007F0EEFA0500300008F0FDF865
:1033500003230130400028706B70022F53D90222E2
:10336000022400200CE0631CDBB2A95401361A00D1
:103370009F420AD00234E2B21400E854974218D9AE
:1033800031780029EFD1220023002649097800294D
:1033900005D125490978002924D1002B0BD1531ED2
:1033A0009A41D6B2280007F0C7FA300004BC904614
:1033B000F0BD1300E9E716009B049C0C731E9E41B0
:1033C000F6B21A4F2900380007F0CEFA184A194908
:1033D000576193690B40936193699B0B9B031C435B
:1033E0009461DFE716009CB2731E9E41F6B2124B49
:1033F000124898461F882900381807F0B5FA434646
:103400003C191C80CEE7074B1E78002ECAD1064B14
:103410001E78002E03D1022402220136D1E70224B5
:103420000222E4E7F8140020FC15002078110020A7
:1034300008160020FF3F00F0FE150020FC140020BD
:103440004D4BF0B5474698460123CE469946002697
:1034500043464A4680B585B001AC20001A700F0083
:103460002670FFF785FD050002F0BCFE210002F08A
:103470007BFE42462D1809352378A671ADB2167031
:10348000092F44D04A4623714B463C4F65803A7021
:103490003B4D3C4A6371A02322802A00E3716E3BBE
:1034A000237203CC03C21370374B994609234A4653
:1034B00013806B46DC1C2000DE70FFF759FD02F024
:1034C00091FE210002F050FE43461B783E70002B17
:1034D00003D14B461C88002C05D1012005B00CBC43
:1034E00090469946F0BD294E22002900300007F091
:1034F0003BFA274A274956619369A4040B4093611C
:103500009369A40C9B0B9B031C439461E5E71B4A46
:103510001278002A1AD123714B461A4A637122800D
:103520001A4AA0231100E37165806E3B237221CCFF
:1035300021C10B70164B17495A619A690A409A616A
:103540009969890B89030F439F61C6E723714B4635
:103550000D4F0C4A3E880A4863719F33E3716E3BFE
:10356000228030180922210065802372093607F075
:10357000FBF93E80B1E7C046F8140020FC1500209E
:10358000FC14002009020000FE1500207811002024
:1035900008160020FF3F00F0F0B5CE780C0093B085
:1035A000022E1DD002F01EFE210002F0F3FD0028C5
:1035B00010D1012E1CD00025032E0ED1A378002B94
:1035C00041D1E488032C00D98FE104220423C949A6
:1035D000E4B214E0C5172D1AED0F280013B0F0BDAA
:1035E000C988C548FFF72CFF451EA841C5B2F4E7BE
:1035F000E488112C23D812221223C049E4B2002CF3
:1036000000D1AAE12200BE4B1D78002DE5D1BD4BB3
:103610001D78002D00D08EE1BB4DA404280007F0DA
:10362000A3F9BA4ABA4955619369A40C0B40936156
:10363000936901259B0B9B031C439461CDE71222E8
:103640001224AE49DFE7022B00D16BE1012B00D140
:103650007AE10500032BC0D10F22AE4B1B681A4044
:1036600015001E093735092A01DC303215000F21FB
:1036700001A83140C5710D001E0A3735092901DC4A
:1036800030310D000F223240857115001E0B373589
:10369000092A01DC303215000F21314045710D003F
:1036A0001E0C3735092901DC30310D000F22324064
:1036B000057115001E0D3735092A01DC3032150061
:1036C0000F213140C5700D001E0E3735092901DC70
:1036D00030310D000F223240110085701B0F373141
:1036E000092A01DC303211001A0041703032092BF6
:1036F00001DD37331A0002700F22874B1B681A4016
:1037000015001E093735092A01DC303215000F215A
:103710003140C5730D001E0A3735092901DC3031EF
:103720000D000F223240857315001E0B3735092A14
:1037300001DC303215000F21314045730D001E0CA5
:103740003735092901DC30310D000F223240057375
:1037500015001E0D3735092A01DC303215000F2106
:103760003140C5720D001E0E3735092901DC30319C
:103770000D000F223240110085721B0F3731092ACC
:1037800001DC303211001A0041723032092B01DDA8
:1037900037331A0002720F22604B1B681A40150063
:1037A0001E093735092A01DC303215000F2131405E
:1037B000C5750D001E0A3735092901DC30310D00B1
:1037C0000F223240857515001E0B3735092A01DCA2
:1037D000303215000F21314045750D001E0C373574
:1037E000092901DC30310D000F223240057515002A
:1037F0001E0D3735092A01DC303215000F2131400A
:10380000C5740D001E0E3735092901DC30310D005D
:103810000F223240110085741B0F3731092A01DC59
:10382000303211001A0041743032092B01DD373378
:103830001A0002740F223A4B1B681A4015001E0929
:103840003735092A01DC303215000F213140C577A8
:103850000D001E0A3735092901DC30310D000F2219
:103860003240857715001E0B3735092A01DC3032CE
:1038700015000F21314045770D001E0C3735092901
:1038800001DC30310D000F223240057715001E0D8E
:103890003735092A01DC303215000F213140C57659
:1038A0000D001E0E3735092901DC30310D000F22C5
:1038B0003240110085761B0F3731092A01DC303286
:1038C00011001A0041763032092B01DD37331A001E
:1038D000027620230022C254E1880025012900D865
:1038E0007BE6FFF729FD050077E604220424014961
:1038F00089E6C04648EF01004C11002058EF010056
:10390000F8140020FC150020781100200816002073
:10391000FF3F00F00CA0800040A0800044A0800089
:1039200048A08000E188012900D856E60C48FFF73E
:1039300003FD050051E60B4F0B483E883018341943
:1039400007F012F83C8048E6E188012900D844E6F7
:103950000648FFF7F1FC05003FE61C0053E6C046B1
:103960003CEF0100FE150020FC1400204CEF01008C
:1039700070B50025304B012104001A201D7002F0A3
:10398000D7FA01211A2002F017FB2C4B0121192034
:103990001D7002F0CDFA0121192002F00DFB20214B
:1039A0000126274A0620D3690B43D361254B3831C2
:1039B0005A5C32435A543C229D5C49398D439D5494
:1039C0009D5C05439D545925585D30435855985C7E
:1039D000014060209954995C014399541A4A1B4B49
:1039E00053805378DB09FCD1194802F00DF8194DCA
:1039F000280002F00BFC280002F01EFC7F222B683E
:103A0000C120197880000A4004211A701A780A43EC
:103A10000C211A701A898A430F491A810A58120216
:103A2000120A0A5080220A6002211A780A431A7088
:103A30000123237070BDC0466D1100206C11002061
:103A40000004004000440041000C0040064000001B
:103A5000654A01000816002000E100E00078002817
:103A600010D00121084B1B681A898A4308211A814A
:103A70001A8B0A4304211A831A8B0A431A830022E1
:103A8000024B1A607047C04608160020001600203E
:103A9000264B8A00D05810B50C0000282AD00368A5
:103AA000234A9B6893423ED10369002B11D1EFF367
:103AB000108272B62433C35CDBB2002A02D162B634
:103AC000BFF36F8F002B03D0036AC069181A1BD194
:103AD00010BDEFF3108272B63423C35CDBB2002A50
:103AE00002D162B6BFF36F8F002BF1D0036BC06AB7
:103AF000181A07E0FF230F4A0B405B01D3189868A0
:103B00008004800C0028E3D0FF210A4B0C401B6886
:103B1000083464011C19802362795B42134363718A
:103B20000223E371D4E79847ECE7C0465011002028
:103B30000532010008160020F0B54024A446822575
:103B400064462B4E6D003368585D2043294C585510
:103B50007460B768284838408027BF020743B760C1
:103B60006746B068800B8003B060585D3843585595
:103B70000235585D4006FCD50825FF35585DC00765
:103B8000FCD5B068C0B2904200D91000002A27D0FE
:103B90000725531E9D429B41043D0D406E427541D9
:103BA0005B421D421DD0CB1C1B1B062B19D90023C9
:103BB0009508AD00E658CE500433AB42FAD1032548
:103BC0001300AB4315420BD0E55CCD545D1CAA42FB
:103BD00006D9665D02334E559A4201D9E25CCA5459
:103BE000F0BD0023E55CCD5401339A42FAD1F7E7EA
:103BF0000816002038130020FF3F00F01E4B8A00FB
:103C0000D05810B5002827D003681C4A9B689342FF
:103C10002FD10369002B0ED1EFF3108272B624333B
:103C2000C35CDBB2002A02D162B6BFF36F8F002BF8
:103C30001BD1002010BDEFF3108272B63423C35C99
:103C4000DBB2002A02D162B6BFF36F8F002BF0D037
:103C5000036BC06A181AEDE7FF231940084B4901AE
:103C6000591888688004800CE4E7036AC069181A50
:103C7000E0E79847DEE7C04650110020053201001A
:103C800008160020F0B54E464546DE465746E0B5DC
:103C90001C00AC4B0E001B68150083B0002B00D13C
:103CA00094E0A94F3B78002B1ED064233B70A74BB8
:103CB000B7009846DB59002B22D01A685668A44AF0
:103CC000964200D090E01869002873D1EFF310817C
:103CD00072B624229A5C002A00D0D8E0002973D161
:103CE00062B6BFF36F8F73E00021192002F064F910
:103CF00064233B70954BB7009846DB59002BDCD111
:103D0000FF23334001935B019946924A92464A440D
:103D100093689B049B0C9C4202D99468A404A40C55
:103D200052464A4493689B049B0C3F2B57D9916899
:103D3000403B9B04890B9B0C89030B439360D34648
:103D4000CB445B469B68534601211B6828004B44CB
:103D50000933FF331A780A43B1017F4E1A7089196B
:103D6000220006F001FE002C2ED04346D859002830
:103D700000D1DDE00368794A9B68934200D0DCE023
:103D80000369002B00D1AEE0EFF3108272B634234A
:103D9000C35CDBB2002A02D162B6BFF36F8F002B87
:103DA00000D1B1E0036BC06A181A002800D1ABE063
:103DB00020000DE0EFF31082100072B63421595C40
:103DC000002916D1002A8BD0002001E001204042BA
:103DD00003B03CBC90469946A246AB46F0BD936802
:103DE0009B0B9B039360AAE7220029001800B047B1
:103DF000EEE7002A02D162B6BFF36F8F0020002CDD
:103E00000AD16CE0511CD962996A8C4662441278DE
:103E10002A540130844262D0DA6A196B8A42F1D3A3
:103E2000196B8A42D4D10022DA621A61EFF3108C46
:103E300072B634215A5401315C5C002C23D0012528
:103E40005A5459681A7A0C685201A6180936FF3676
:103E500077788A182F43DD6877709668AF04404DF5
:103E60003F092E403E4396601A7A520189188A68AB
:103E7000920B92038A6040221B7A08335B01E4189C
:103E80002379134323716346002BA1D128E700292E
:103E900002D162B6BFF36F8F002C0AD14FE0511CE4
:103EA000D96199698C46624412782A54013084425F
:103EB00017D0DA69196A8A42F1D3196A914200D09F
:103EC00086E700220121DA611961EFF3108C72B6E6
:103ED00023315A5411315C5C002CB0D1D3E7DA6A3B
:103EE0009EE7DA69E9E7EFF3108272B62433C35C28
:103EF000DBB2002A02D162B6BFF36F8F002B03D072
:103F0000036AC069181A50E753464020019A1B689B
:103F1000083252019A1811794B4401431171012161
:103F20000933D171FF335A7820000A435A704FE7A2
:103F30005B4698688004800C37E7984735E7002097
:103F4000DA69BAE7001600206C1100205011002039
:103F500081300100081600203813002005320100CE
:103F6000FF3F00F0F0B5D6464F464646C0B58A4BF7
:103F70000C001B6882B0002B20D0884D2B78002BC2
:103F800024D064232B70864BA200D358002B28D05A
:103F90001A685468834A944200D08EE01D69002D4F
:103FA00063D1EFF3108172B624229A5C002A00D00C
:103FB0008AE0002902D162B6BFF36F8F0120404230
:103FC00002B01CBC90469946A246F0BD00211920C3
:103FD00001F0F2FF64232B70714BA200D358002B29
:103FE000D6D1FF27704A27407E0191198B680125A1
:103FF0009B0402D18D68AD04AD0C91198B689B04B4
:104000009B0C3F2B50D88B689B0B9B038B609319A9
:1040100099469B6813680122924698465246464448
:104020000936FF363378A101134333706B465F4C7A
:104030002A000919D81D06F097FC002DBED04B466A
:104040009B689B040CD1402208377F0147443B7991
:1040500013433B7101235246FB7173781343737012
:10406000012DABD16B46D879AAE7EFF3108172B678
:1040700034229A5C002A9CD0002902D162B6BFF398
:104080006F8FDA6A196B8A4236D2986A511C84465D
:10409000D962624410786A46C0B2D0711A6B9142FC
:1040A00000D08DE701252CE08868403B9B04800B05
:1040B0009B0C800303438B60A9E76946012218002B
:1040C0000731A0470500CBE7002902D162B6BFF354
:1040D0006F8FDA69196A8A424BD29869511C8446FB
:1040E000D961624410786A46C0B2D0711A6A9142AE
:1040F00000D065E7012540E0196B00258A4200D019
:104100005CE70022DA621A61EFF3108C72B6342198
:104110005A540131585C002823D001245A5459685C
:104120001A7A0868520186180936FF3677788A1895
:104130002743DC6877709668A7041D4C3F0926402A
:104140003E4396601A7A52018A189168890B890356
:10415000916040221B7A08335B01C0180379134336
:1041600003716346002B00D07AE762B6BFF36F8F0E
:1041700076E7196A8A4200D020E700220121DA613D
:104180001961EFF3108C72B623315A541131585C17
:104190000028C2D1E5E7C046001600206C110020BF
:1041A0005011002081300100081600203813002033
:1041B000FF3F00F0F0B54E464546DE465746E0B5B7
:1041C0001E00434B0D001B68914685B0002B00D1AB
:1041D00077E08023DB019E4200D972E03D4C2378DA
:1041E000002B69D064232370002E6ED03A4BAA01B5
:1041F000D3180193394B00229A46FF232B401C0011
:104200005B01029353461B6893469C46B0460834B4
:1042100064016444E31D324F0393A379DB092CD17D
:10422000002346467B55402E00D9402649463200A1
:10423000019806F099FB029BB1041A00019B5244BD
:1042400053619369890C9B0B9B030B43936102237E
:10425000039AB34413706279823B134363714346FC
:104260009B1B9846B144002BD7D1584605B03CBCA7
:1042700090469946A246AB46F0BD1A4B1A491868BB
:1042800003F0BCF9194B1721584303F0B7F901E0CB
:10429000013805D3E3799B07C2D47B5D002BF7D0AF
:1042A00001237B55029B53449A69920B92039A61B6
:1042B00001235B429B46D8E700211A2001F07CFED7
:1042C00090E701235B429B46CFE700239B46CCE768
:1042D000001600206D110020781100200816002023
:1042E000701100208800002040420F007011010072
:1042F000144B70B51B781400002B05D1124B1B78A2
:10430000002B15D1002A01D1200070BD0F4D2800CF
:1043100006F02AFB0E4A0F49556193690B409361E1
:104320009369A1049B0B890C9B030B439361EBE7FF
:10433000094E0A48358828182D1906F015FB3580D6
:10434000E2E7C046F8140020FC1500207811002098
:1043500008160020FF3F00F0FE150020FC1400208E
:10436000F0B5DE4657464E464546E0B54B780C0064
:1043700085B00B2B1FD8D04A9B00D3589F460B7893
:1043800003AA002B00D1D4E000231380CB4B1B7871
:10439000013B59424B4113701288C94B1A80C94ADC
:1043A00053619369C8490B400221936193699B0B48
:1043B0009B030B439361012005B03CBC904699469A
:1043C000A246AB46F0BD8A78C04B1A60BD4A0120B8
:1043D00093699B0B9B039361EEE78B78012B00D1D4
:1043E0004DE10022B54B1A70F0E78B78012B00D11C
:1043F0004AE10020002BDFD10122B04B01301A70BE
:10440000B04A93699B0B9B039361D5E7AD4B8C78C6
:104410009A691968920B92039A6108220223062076
:10442000FF328B54FF300D5C823B2B430B548B5C73
:104430009B07D80F002BFADA7F25A54A2C40937AE8
:10444000AB43234393728023917A5B420B43937275
:10445000B2E7FFF7A1F8AFE70020ADE79D4B1A7870
:10446000974B99491A70974A0120536193690B4001
:104470000121936193699B0B9B030B4393619BE722
:104480000B780020DB0697D1934B99465B68002B95
:1044900000D10EE18B4A0125884614008F4F2CE095
:1044A000022B4CD0032B00D1C1E0822B1DD16B011C
:1044B000E3189A698A491140C02292050A4380494B
:1044C0009A618C46AA0162445A612B0080222168BD
:1044D00008335B01C81806795242324302717020DA
:1044E0005A5C8243302002435A544A460135AB009D
:1044F000D3580437002B00D1A5E0832BD0D16B011A
:10450000E3189A69764970201140C02292050A4347
:104510006B499A61AA01521829005A610831226830
:1045200049018B5C8343402003438B54DDE7674B99
:1045300095E763491380634A0B80516131E77E68D8
:10454000002E0ED03368674A5B69934200D0ADE01D
:10455000B06906F0F1F9B06A06F0EEF93000EDF757
:1045600067FF3820EDF760FF5F4B24220360802354
:104570005B00C3609A4600234460036203614361A9
:10458000C361856083541032C36203638354013274
:1045900083540600504606F0C5F98346B061504684
:1045A00006F0C0F96B01B062E21893684C481840FD
:1045B000C0239B0503432800936023680830400113
:1045C0000100C05C00938446072082466046534643
:1045D000984303239A4653461843030000980191D9
:1045E0000B545B46844653606B01634419000931E8
:1045F000FF314B789C4601239A4660465346184348
:10460000314B48701800916808408021C90301436C
:1046100091609168890B89039160019A40219446C9
:104620000098604402790A4302717E605DE7786811
:10463000002800D159E703682C4ADB68934200D177
:1046400053E7984751E7230044469846A278214B08
:104650002A211A60434602201B68FF315A5C02433C
:104660005A544A210120FF315A5C02435A544346AE
:1046700042469B6901209B0B9B0393619CE60023B0
:1046800003AA13801A4B82E60021194A0E481370C0
:104690000B4A11700B494A618A6902408A618A6932
:1046A0000120920B920313438B6185E630009847FB
:1046B00057E7044B9846C9E7ECEE01006E11002065
:1046C0007811002008160020FF3F00F0041600209B
:1046D0000050004100160020600000205011002012
:1046E000FFFFFF8FE931010024EF01007D30010061
:1046F00077110020F0B55746DE464E464546E0B5F8
:10470000CD4F04003B6883B09A8B120700D54FE170
:104710009A8B520713D504229A83C84B1A78002A21
:1047200007D01A78013AD2B21A701B78002B00D148
:104730007CE1C34B1A78002A00D0FBE03B680822DA
:10474000FF32995CC90625D5102140209954F431D7
:104750005A5CBC4D02435A5460222B781A4200D056
:10476000F5E029002000FFF7FBFD002800D016E14E
:1047700006232021B44AFF33D1543B680822FF327C
:10478000995C490606D5402140209954C8315A5CAD
:1047900002435A541D8CFE231D40AC4B0024984606
:1047A000AB4B01269946002D50D02B0023411E42D1
:1047B00049D023003A6808335B01D318D979C90777
:1047C00002D4DB799B073BD54146A300585800280B
:1047D00043D003681B684B4500D022E14368027A4E
:1047E00000931B689C46FF239A46130008335B0125
:1047F0006344D979C90723D5DE7143695201002B7F
:1048000040D1009B9B189B469B689B049B0C0362BA
:10481000036A002B5ED05B46826A46615A60EFF302
:10482000108272B62423C6541033C35CD9B2002B55
:1048300041D03523C654002A02D162B6BFF36F8F30
:104840003300A3409D430134092CACD103B03CBCE0
:1048500090469946A246AB46F0BDE3B2032C00D188
:1048600084E0012BECD192214900505C813B034351
:10487000535428232339FF33FF39D1543300A34045
:104880009D43E0E7009B9B189B469B689B049B0C09
:104890000363036B002B1DD0002343615B468269D9
:1048A0005A60EFF3108272B63423C654103BC35CD7
:1048B000D9B2002BBDD13523C154002A02D162B632
:1048C000BFF36F8F5246436800931B689C46836812
:1048D0001A40520163469B180933FF3359780193FC
:1048E0008A4601218B4651465B4619430B000199CC
:1048F0004B70009BC1689A468904090952448A4654
:10490000936854490B4051460B439360037A009AD5
:104910005B01D1188B689B0B9B038B604021037A52
:1049200008335B0163441A790A431A713300A340C8
:104930009D4388E71A78013AD2B21A701B78002B8F
:1049400000D0FBE60121192001F036FBF6E62B79B9
:10495000002B1BD001F046FC290001F02FFC0028A1
:104960001DD1BB699B0B9B03BB6101E7B221802377
:104970004900505C5B420343535468236339FF335F
:10498000FF39D1543300A3409D435CE72800FEF774
:10499000FDFA002803D1BB699B0B9B03BB61062179
:1049A00080223B68FF31585C524202435A54E5E68C
:1049B000C02080210726BA68274D80052A4002437F
:1049C000BA60204A49007A605A5CB24301263243F9
:1049D0005A54BA692A401043B86170201F4A4025D2
:1049E0007A615A5C8243102002435A54BA681949CA
:1049F0001140802252030A43BA60BA68920B9203B4
:104A0000BA600622FF32995C294399540A21FF318A
:104A10005A5C02435A540021114A116008229A83B9
:104A200076E698473300A3409D430CE701211A2006
:104A300001F0C2FA7DE6C046081600206D11002084
:104A40006C1100203813002000500041501100204C
:104A500055320100FF3F00F0FFFFFF8F781100206B
:104A600000160020044B10B51B78002B02D1034820
:104A7000FFF740FE10BDC046FC1500204C11002081
:104A8000014B024A1A60704708160020005000418E
:104A900001207047BA23BC225B005200C3588058E3
:104AA000181A01D55F30FF307047C046BC23BA22C8
:104AB0005B005200C1588258914203D0C358C018BD
:104AC000007D704701204042FBE7C046F0B5C64676
:104AD000B9230F00082100B59B000400C05C434EC1
:104AE00043001B18DB00F318595682B0150001F083
:104AF00091FA08213E4BE05C43001B18DB00F318E1
:104B0000595601F087FA3B4BE35C022B5AD0BA238B
:104B10009B00E05C9846FF281CD0012101F008FAB8
:104B20004346E35C34495A00D218D200B356B61853
:104B3000DB015818BB2189006050304901228C46A6
:104B4000BC2163448900635071688A40BD2189009B
:104B500062501A603B00012120690122FEF70AF928
:104B6000F02180230901206929409B0099423BD014
:104B70000133FF33994235D00139FF394B42594156
:104B80000523494219400F232B40012B28D0023B1B
:104B90005A1E93410133F0221540303D6A4255417F
:104BA00001220095FDF7F0FE154B2069E25C114BE8
:104BB000E15CFDF709FF2069FDF728FF02B004BCA6
:104BC0009046F0BDBE239B00E05CFF289FD00821EB
:104BD00043001B18DB00F318595601F01BFA96E747
:104BE0000023D8E70721CEE70621CCE73CEA010005
:104BF000E5020000E70200001844004114440041AF
:104C0000E602000010B504000069FDF7F1FEBA22CB
:104C100000235200A3500432A3506532FF32A21881
:104C20001360B822920094466444236010BDC046CD
:104C3000B7239B0010B5C4180433C11823680A6851
:104C40009B1A01D55F33FF33002BF7D10069FDF7C5
:104C5000E7FE10BDB822B723920094469B00C3180C
:104C6000604419680268914205DB1B680068C01A3D
:104C70005E30FF30704700681B68C01A0138F9E7E2
:104C800070B5BA23BC255B006D004259C3580400BF
:104C90009A422BD0AF2143594900C31840591E7D79
:104CA000013002F031FD30006151BA239B00E35C1A
:104CB000FF2B14D0BA22BC2152004900A5586358DA
:104CC0009D420DDA6358A2589B1A013B0A2B06DD60
:104CD000BC23BD229B009200E358A2581A6070BD0D
:104CE000A25863589B1A5E33FF33EFE7012040421E
:104CF000DBE7C046F0B50368364A1B6A04000E00C5
:104D000083B0934263D1B92308219B00C05C324D2C
:104D100043001B18DB00EB18595601F07BF9082102
:104D20002E4BE05C43001B18DB00EB18595601F0DA
:104D300071F92B4BE35C022B3BD0BA27BF00E05D3F
:104D4000FF2819D13300012201212069FEF712F852
:104D5000002301220021206900930233FDF714FE95
:104D6000204B2069E25C1E4BE15CFDF72DFE2069C3
:104D7000FDF74CFE03B0F0BD012101F0D9F8E35D71
:104D800019495A00D218D200AB56AD18DB01581899
:104D9000BB2189006050154901228C46BC21634427
:104DA0008900635069688A40BD21890062501A6099
:104DB000C8E7BE239B00E05CFF28BED0082143006B
:104DC0001B18DB00EB18595601F024F9B5E7084A27
:104DD0009847CFE7CD4A01003CEA0100E502000018
:104DE000E7020000E60200001844004114440041BC
:104DF00013040000F8B5DE4657464E464546E0B57A
:104E00001E000AAB1B78002799460BAB1B780400E9
:104E10009846FA239B0083601D4B8A460833036043
:104E2000AF235B004760150000211A0014309B4639
:104E300005F0B6FDBA2320005B00E7507D30043357
:104E40005A46E7500021FF3005F0AAFDB7239B002A
:104E5000E3181F60B8239B00E3181F6053462361CB
:104E60004B4619044346360235431B060D431D438A
:104E7000B923FF229B00E5500433E2541033200095
:104E8000E2543CBC90469946A246AB46F8BDC046AB
:104E90006CEF010070B504000069FDF7DFFD00282C
:104EA00000D06AE02069FDF7C7FD002835D12069F0
:104EB000FDF7E0FD00281ED0B723B8219B00890034
:104EC000E2186518136829685B1A1AD45CD029683F
:104ED0001368994262D0BE22AF212B682868E3187C
:104EE0005200013049009E5C02F00EFC2960310046
:104EF0002069FDF7C9FD2069FDF7A4FD002805D153
:104F000070BD5F33FF33002BE1D13DE02069FDF739
:104F10009DFD2069FDF78CFDF2E7BA262069FDF7BB
:104F2000AFFDAF2176000500A0594900013002F025
:104F3000EBFBBC235B00E358994203D0A359E31871
:104F40001D75A151BA239B00E35CFF2BAFD0BA22A1
:104F5000BC2152004900A0586358984218DA63589F
:104F6000A2589B1A013B092BA1DCBB23BD229B004D
:104F70009200E358A2581A6099E72069FDF780FD76
:104F80002069FDF771FD8DE72069FDF789FDB2E726
:104F9000A25863589B1A5E33FF33E4E7FF26A6E767
:104FA000F0B5D64646464F460500C0B500698A466C
:104FB000FDF760FDB7239B00EE18002859D104339C
:104FC000EF18AF213068490001303C6802F09CFBCB
:104FD000A14235D1012398462F4B994608E0AF21D5
:104FE0003068490001303C6802F08EFBA14227D1B5
:104FF000EFF3108342461A420FD14B465B68DB0544
:10500000DA0D002BEBD01300103B5AB21B060DD467
:105010009208224BC0329200D3582869FDF72AFD2E
:105020000028DCD02800FFF735FFD8E70F231A400F
:105030001B4B083A9C469208920062441368ECE7C6
:10504000AF2130684900013002F05EFB3B689942B5
:1050500006D0BE22504633685200EB189854316097
:105060002869FDF719FD01201CBC90469946A2460F
:10507000F0BDB8229200AF1833683A689B1A05D485
:105080009FD151462869FDF7FFFCECE75F33FF3302
:10509000002B96D1F5E7C04600ED00E000E100E00E
:1050A0001CED00E0F0B546464F46D6464300C0B57D
:1050B0001B181600C34ADB00D3189B7D05005BB2AA
:1050C0000F009846013327D0BF4C23689946002B28
:1050D00000D1C6E0012441468C40BC4A53692343B9
:1050E0005361002F18D010291BD10121D3780B4315
:1050F000D370042E0AD8B64BB6009B59B34A9F46CC
:10510000072193788B4301210B439370B14B1F64AC
:10511000AE4B2404240CDC601CBC90469946A2468D
:10512000F0BD0021280000F075FFAB490B68002B93
:1051300000D105E1A9480268A24200D104E1012B97
:1051400000D803E14268944200D101E1022B00D172
:1051500000E18268944200D1EBE0032B00D1FBE038
:10516000C268A24200D1F9E0042B00D1F8E0026944
:10517000944200D1F6E0052B00D1F5E0426994425B
:1051800000D1F3E0062B00D1F2E08269944200D115
:10519000F0E0072B00D1EFE0C269944200D1EDE0CE
:1051A000082B00D1ECE0026A944200D1EAE0092B1E
:1051B00000D1E9E0426A944200D1E7E00A2B00D135
:1051C000E6E0826A944200D1E4E00B2B00D1E3E0F8
:1051D000C26A944200D1E1E00C2B00D1E0E0026B06
:1051E000944200D1DEE00D2B00D1DDE0426B944211
:1051F00000D1DBE00E2B00D1DAE0826B944200D1CB
:1052000099E00F2B00D1D5E0C26B944200D1D3E0DE
:10521000102B00D1D2E0026CA24200D1D0E01122CA
:10522000934201D1531C0B6093006A4AC4509F50B3
:105230004346072B00DC80E040460123083880000D
:105240000721624A814094469B0063449A698A43DD
:105250009A61042E00D95BE7614AB60092599969B8
:105260009746442200215D4805F09AFB4422002124
:10527000584805F095FB4A46574B80211A6010228A
:10528000584B5A50BFF34F8FBFF36F8F0131FF312F
:105290005A508531FF318A4659588946FF21484680
:1052A000884301005046195002211A604E4B4F4A64
:1052B0005A80464A13780B4313705378DB09012B4D
:1052C000FBD00123236005E7072193788B4302215C
:1052D0000B4393701AE7072193788B4305210B4307
:1052E000937013E7072193788B4304210B4393704A
:1052F0000CE7072193788B4303210B43937005E759
:10530000022282400A439A6102E7032282400A4352
:105310009A61FDE6042282400A439A61F8E605227A
:1053200082400A439A61F3E6012282400A439A616D
:10533000EEE6022278E70E2276E7980000237FE768
:105340000022012325486EE700226DE7012267E76E
:10535000012269E7022263E7032261E7032263E790
:1053600004225DE704225FE7052259E705225BE797
:10537000062255E7062257E7072251E7072253E79F
:1053800008224DE708224FE7092249E709224BE7A7
:105390000A2245E70A2247E70B2241E70B2243E7AF
:1053A0000C223DE70C223FE70D2239E70D223BE7B7
:1053B0000E2235E70F2233E70F2235E710222FE7C1
:1053C000102231E73CEA0100941700200018004049
:1053D000A0EF01000C1700209817002050170020A4
:1053E000B4EF010000E100E0000C004005400000C7
:1053F0001621F0B5C64643001B186E48DB00C318E3
:10540000595600B54B1C00D188E0102900D188E026
:1054100001238B40684A1804000C9060506998433F
:105420005061664E3468002C78D0012364488B406C
:105430000268934200D17EE0012C00D87DE04268F2
:10544000934200D17BE0022C00D17AE08268934243
:1054500000D178E0032C00D177E0C268934200D1FC
:1054600075E0042C63D00269934200D171E0052CF1
:1054700000D170E04269934200D16EE0062C00D169
:105480006DE0826993426CD0072C6CD0C269934264
:105490006BD0082C6BD0026A93426AD0092C6AD078
:1054A000426A934269D00A2C69D0826A934268D0DA
:1054B0000B2C68D0C26A934267D00C2C39D0026B97
:1054C000934264D00D2C64D0426B934263D00E2C77
:1054D00063D0826B934262D00F2C62D0C26B934236
:1054E00061D0102C61D0026C9A4260D01125AC4280
:1054F00014D0013CA54210D2671BAD002B1D98466D
:10550000BF00C1183A00401905F037FA43462D484C
:105510003A00C118401905F030FA346004BC9046D6
:10552000F0BD0720244A93788343937079E70425DC
:10553000DDE70C25DBE70025DBE70125D7E70125C3
:10554000D7E70225D3E70225D3E70325CFE70325D5
:10555000CFE70425CDE70525C9E70525C9E70625D9
:10556000C5E70625C5E70725C1E70725C1E70825E3
:10557000BDE70825BDE70925B9E70925B9E70A25EB
:10558000B5E70A25B5E70B25B1E70B25B1E70C25F3
:10559000AFE70D25ABE70D25ABE70E25A7E70E25F9
:1055A000A7E70F25A3E70F25A3E710259FE7102501
:1055B0009FE7C0463CEA0100001800409817002011
:1055C000501700200C170020F0B5C6460F4F00B54D
:1055D0003A68002A12D00E4B002498460D4D0E4E0C
:1055E0003369296819420CD04246A3009B5898475A
:1055F00008CD013433613A68A242F1D804BC904628
:10560000F0BD01340435A242EAD8F7E7981700202C
:105610000C1700205017002000180040054B10B553
:105620001B6C002B00D098470121034AD3780B4311
:10563000D37010BD0C17002000180040F8B50026EC
:1056400004000D1E0660466086600FD0080005F05D
:105650007CFF0700013005F065F9002806D029001D
:10566000206067600670A76005F067FF2000F8BD46
:10567000F8B50025040005604560856088420FD0BC
:105680000E68002E0CD08F68781C05F04BF90028AE
:1056900006D03100206067600570A76005F04DFFFF
:1056A0002000F8BD0B6803604B6843608B68836023
:1056B00000230B604B608B607047C04610B5040040
:1056C000006805F039F9200010BDC04670B504002F
:1056D000884223D00D68002D17D000688E680028FE
:1056E00002D063689E420BD9711C05F0D7FE0028DA
:1056F0000BD0A36820606660002B01D10370206886
:105700002900A66005F019FF08E02068002801D0F4
:1057100005F012F900232360A3606360200070BDD0
:1057200070B505000C00884215D00068002808D02C
:105730000968002903D06B68A26893420DD205F076
:10574000FBF823682B6063686B60A368AB60002381
:1057500023606360A360280070BD05F0EEFEA368BF
:10576000AB600023A360F6E770B504000D1E1AD0ED
:10577000080005F0EAFE06002068002802D06368F1
:105780009E420BD9711C05F089FE00280BD0A3683E
:1057900020606660002B01D1037020682900A6609C
:1057A00005F0CBFE08E02068002801D005F0C4F821
:1057B00000232360A3606360200070BD30B583B018
:1057C0006B466A46197100238168040000685371B2
:1057D0004D1C002802D063689D4209D9023105F0B2
:1057E0005DFE002810D0A16820606560002907D008
:1057F000401801A905F0A1FE0120A56003B030BD4D
:1058000001702068A168F3E70020F7E7836810B50E
:10581000002B08D000290DD0006805F084FE43421B
:105820005841C0B210BD00290AD0087843425841FF
:10583000C0B2F7E70368187843425841C0B2F1E7B5
:105840000120EFE783688B4204D903685818002BC6
:1058500000D07047002301480370FAE79C1700202E
:1058600070B50C00002A06D0002904D085689D423E
:1058700002D800230B7070BD013AED1A954208D88A
:1058800001682A00C918200005F08DFE0023635529
:10589000F1E7150001682A00C918200005F083FE11
:1058A00000236355E7E7C046F0B5C64604000F0085
:1058B00015001E0000B59A4201D91D0016000023F4
:1058C000012023606360A360984605F02BF8002850
:1058D00002D0434620600370BB68AB4203D820006F
:1058E00004BC9046F0BD9846B3420FD841464246AC
:1058F0003B6820005E5C9A18002313703B685919BE
:10590000FFF732FF42463B689E54E8E7B046EDE7BA
:10591000036810B50020002B02D0180004F0B9FF76
:1059200010BDC046006810B5002804D004F0ACFFDC
:1059300004F0F8FE10BD0020FCE7C04630B50400BE
:1059400087B00D00064901A805F0C4FD22002B0018
:105950000A9801A905F0BEFD0A9807B030BDC046FF
:10596000C8EF0100FEE7C046034B10B51B68002BD3
:1059700000D0984710BDC046A0170020F8B5194DBB
:10598000194FBD4211D0194EAE4225D0BD4226D28C
:105990007B1E5B1B9B0801339C002200310028000A
:1059A000A61904F0E1FF2C1901E02C000F4EBD42B6
:1059B0000DD0A6420BD00E480E4A904207D2013AB3
:1059C000121A920801320021920004F0E9FF00F05F
:1059D0003DF900F00FF9FEE72C002E00E7E72C0060
:1059E000E5E7C04600000020E0020020FCF40100D2
:1059F000E0020020D418002010B500F0A9F800281B
:105A000001D100F099F810BD014B18607047C046F5
:105A1000A0170020014B18687047C046A41700204B
:105A2000F0B5DE4657464E464546E0B583B0019098
:105A3000002806D103B03CBC90469946A246AB462E
:105A4000F0BD3A4B3A4A9846966859680123394C5A
:105A50004901944699462568C90F02E015001900CE
:105A600006006346986843464A465B689B0E1340AF
:105A700022688B42F2D1AA42F0D1B04201D92A0069
:105A8000ECE763465B6849199B1B9E00F6183301DF
:105A9000F6183302F6184B015B1A9B005918234B7A
:105AA000360D9846C900224D761800F04FF80121B6
:105AB0004346A8685B6822689B0E91460B4002E053
:105AC000D94613005046AA68924642465268276853
:105AD000920EBB460A409A42F2D14F45F0D1824520
:105AE00001D9CB46ECE76A689944101A8200121873
:105AF000100184464B464F466244100284465B01C7
:105B0000DB1B9B004B44DB0062449B1B120D9A186D
:105B1000FA239B009A42C8D3FA239B009C46019A21
:105B20006644013A0192002AC2D183E700ED00E009
:105B300010E000E0A417002010B5034A13680133F9
:105B4000136000F0D7FA10BDA41700207047C046BC
:105B500000207047F0B5C64600B50F0016008AB0A9
:105B600000293ED0931E222B3BD80A2A33D0002393
:105B7000984601AD2C0008E0310001F0C5FD09296F
:105B800026D95731C9B2217001340028F4D130230D
:105B900001E02B706C1CA542FBD043463800002B63
:105BA00012D1A54209D202002300013B19781170DD
:105BB0000132AB42F9D1E41A001900230370380016
:105BC0000AB004BC9046F0BD2D23781C3B70E8E77A
:105BD0003031C9B2D7E70028C9DA012340429846DC
:105BE000C7E70020ECE7C04610B5FFF7B3FF10BDD4
:105BF0007047C04610B500F0E9F804F065FEFFF705
:105C0000F7FF0120FFF70CFF0E4C2000FDF7B0FE60
:105C10002000FDF723FFECF771FA0B4C002C07D0A6
:105C2000ECF76EFAFFF792FF00E000BF002CF7D10F
:105C3000ECF766FAFFF78AFFECF762FAFFF786FFE8
:105C4000F6E7C0464C110020000000001E214F4A1C
:105C500053688B431C390B4353604D4A063193699B
:105C60000B43022193614B4A4B4B9382938A0B4324
:105C700002219382D3681942FCD00123474A0121B3
:105C8000137003E053785BB2002B02DA13781942E9
:105C9000F8D10123414A936053785BB2002BFBDBC0
:105CA0003F4B53603D4A53785BB2002BFBDB8223B2
:105CB000DB015380394A53785BB2002BFBDB0223B4
:105CC0001021344A9384D3681942FCD01021354BFB
:105CD000D362304AD3681942FCD0918C324B0B43CB
:105CE000102193842B4AD3681942FCD00221402012
:105CF000938C0B439384274A7E31D3681942FCD09E
:105D0000D3681842F9D010222249CB681A42FCD03D
:105D10000023224A936053785BB2002BFBDB234BBA
:105D200053601E4A53785BB2002BFBDB194B2048B3
:105D3000196A014080201962196A8143196203239C
:105D400093601C4B5360154A53785BB2002BFBDB0E
:105D500000220F4B1A725A729A72DA72164B174A55
:105D60001A60FF22164B1968164B18688B064901FA
:105D70000A408021C00E5B0F02431B021343124AEC
:105D80001385024A53680B4353607047004000413B
:105D900000040040000800400C060000000C004019
:105DA00001050100B905FF7D040A0000000703009A
:105DB000FFFCFFFF0306010088000020006CDC02EE
:105DC000246080002060800000400042FA212E4BB9
:105DD00010B51868890001F011FC802301385B04BC
:105DE000984200D3FEE72949294A4860C020136A37
:105DF00000061B021B0A0343136200238B60073358
:105E00000B608021136A09061B021B0A0B43FC214D
:105E10001362204B1A6A0A431A62FF22196A12029D
:105E20000A431A62A022196AD2020A431A621A4A63
:105E300053785BB2002BFBDB184B5380184B5A7E18
:105E4000D209012AFBD0C82292009A800522DA707A
:105E5000134B5A7ED209012AFBD0C02252011A618B
:105E6000002200209A7000F021F80B4A53785BB2B0
:105E7000002BFBDB0B4B53800B4AD379DB09012B47
:105E8000FBD04123537010BD8800002010E000E0DB
:105E900000ED00E000040040000C00401E40000047
:105EA0000040004221400000004800421E4A537E4C
:105EB000DB09012BFBD00A281CD00ED801282AD0E0
:105EC000072822D1136919490B400F211361537818
:105ED0008B4301210B43537070470B2815D1136975
:105EE00012490B400F21136153788B4303210B435D
:105EF0005370F1E713690D490B400F21136153787B
:105F00008B4302210B435370E6E7F023064A1B053F
:105F100011690B43F1E7136904490B400F21136129
:105F200053788B435370D7E700400042FFFFFFF0E8
:105F300043001818082310B51D4CC0002218D35672
:105F4000013311D00357012052689040022923D019
:105F50000BD8002916D01749DB018C464221634437
:105F60009A1840321170986010BD0329FCD1114974
:105F7000DB018C46062163449A1840321170586048
:105F80005861F1E70B49DB018C46022163449A1802
:105F9000403211705860E7E70649DB018C46062164
:105FA00063449A184032117058609861DCE7C0462B
:105FB0003CEA010000440041082243001818F0B5F3
:105FC000124DC0002B189A5601321CD00124260015
:105FD0005F684357BE400E4ADB019A18906806423C
:105FE0000BD10D00681E85412C400425D21940328A
:105FF0001078A400A84304431470054A94466344EF
:10600000002901D09E61F0BD5E61FCE73CEA010021
:10601000004400410823420070B512182C4CD200F5
:10602000A518EB565E1C50D0072907DC002917DAAB
:1060300001314C424C416442200070BD0B00083BD2
:10604000DBB2032B0AD8092935D00A2938D000241D
:106050000B29F1D10A39FFF76BFFEDE70024EBE7DD
:106060006868C30715D413571A4C0F25A446DB01E3
:10607000634442089A18303214781B18AC430C431E
:10608000E4B21470412140331A7800240A431A7094
:10609000D2E712570F4CD201A4460C010F216244E3
:1060A0004308D31830331D78121829400C43E4B24A
:1060B0001C701300E6E70021FFF73AFF0024BBE75E
:1060C0000839FFF735FF0024B6E71C00B4E7C046E7
:1060D0003CEA010000440041014B18607047C04693
:1060E0008C0000200122024B52421A607047C046C9
:1060F0008C000020164A1368591C03D0013B136022
:10610000002B00D0704772B68122124B92000433EC
:10611000934213D30121104A107D0142FCD020216B
:10612000108BFF319B085B0001431183D3610B4B44
:1061300013800123084A117D0B42FCD0BFF34F8F1F
:10614000074B084ADA60BFF34F8FC046FDE7C046F1
:106150008C000020002000000040004102A5FFFF4D
:1061600000ED00E00400FA0570B544680E0000255B
:10617000002C04D10CE0E4682D18002C08D0236812
:10618000310020005B6898470028F4DA01256D4251
:10619000280070BD70B544680D00002C03D10AE0E2
:1061A000E468002C07D02368290020009B689847EA
:1061B0000028F5D070BD0020FCE7C04670B54468EB
:1061C0000D00002C03D10AE0E468002C07D02368FE
:1061D000290020001B6898470028F5D070BD0020DA
:1061E000FCE7C046064901230A6810B514000548BB
:1061F0001C401A4203D1044A446002800B6010BD67
:10620000A8170020AC1700200204000070B505009C
:10621000012210CD0021237828001343802223700F
:10622000520004F0BDFBA378DB07FCD4A3789B07E6
:10623000F9D4656270BDC0461F22F0B5170007266D
:10624000144B1B685D0B990CDB0D0F401E402A4060
:106250001F2A00D105251F242C401F2F00D11D21EE
:106260001F250D40072E00D1032302680A49108D17
:10627000A4010840204310851F20118D814329432C
:1062800011851838118D1840044B00030B4003434F
:106290001385F0BD246080003FF8FFFFFF8FFFFFF4
:1062A000030010B50800190004F0FAFA10BD000050
:1062B00010B500F0CFF910BDF0B54746CE4680B519
:1062C0008BB004000D0000F07FFA354B06009846B5
:1062D0001B780F005BB2013316D02000290000F0BC
:1062E00081FF002810D0200029002E4A2E4B01F0FB
:1062F00025FB8146002838D1200029002B4A2C4B51
:1063000001F008FB002806D1300039000BB00CBCAE
:1063100090469946F0BD04236E460093254B00221B
:1063200073604B4633620023B261F36143461B78CE
:10633000346175615BB2B460F560022B10D030003F
:1063400000F05AFF00280BD0336A002B23D1F769E5
:10635000B669D9E700201849B061F161022BEED18E
:1063600004F0ACFA22230360EEE703236E460093A9
:10637000104B3461756173600023336243461B78B0
:10638000B460F5605BB2002BE4D1E0220B4B120647
:10639000B261F361D3E704F091FA336A0360D6E7A0
:1063A00090000020EF39FAFE422E864051302DD564
:1063B000104987C0D4EF01000000F07FFFFFEF47D6
:1063C000F0B5CE46474680B58DB004000D0000F014
:1063D000A9FB3E4B06001B780F005BB299460133C8
:1063E00010D022002B002000290004F0A9F88046DC
:1063F000002807D1002200232000290001F094FA90
:10640000002806D1300039000DB00CBC90469946EA
:10641000F0BD2F4B04940595039343460A934B46D6
:1064200006940795002B1BD000222A4B20000892CF
:10643000099329000022002301F066FA00283AD0CF
:10644000022302934B46022B2FD104F037FA22236A
:1064500003600A9B0193002B1FD1089E099FD1E77F
:10646000E0221D4B1206089209932000002200230F
:10647000290001F049FA002815D10123029302A84E
:1064800000F0BAFE00281BD0144800F0B7FE0A9BAB
:10649000089009910193002BDFD004F00FFA0A9BBA
:1064A00001930360D9E70223029302A800F0A4FE3F
:1064B0000028CED1C9E7012302934B46022BDED13F
:1064C00004F0FCF921230360DEE7C04690000020C1
:1064D000D8EF01000000F0FFFFFFEFC79CE50100CF
:1064E000F0B5CE46474680B58DB004000D0000F0F3
:1064F000A9FB2B4B06001B780F005BB299460133BA
:1065000010D022002B002000290004F019F880464A
:10651000002807D1002200232000290001F0FAF909
:10652000002806D1300039000DB00CBC90469946C9
:10653000F0BD012302931B4B06940795039343463A
:106540000A934B4604940595002B15D00023002296
:106550001900100002F0F0FD4B4608900991022B43
:106560000ED104F0ABF9212303600A9B0193002BA9
:106570000FD1089E099FD5E70023002408930994B2
:1065800002A800F039FE0028EBD00A9B0193002BF3
:10659000EFD004F093F90A9B01930360E9E7C0464A
:1065A00090000020E0EF0100F0B500278DB0041C42
:1065B00000F020FC254B051CDF577B1C0BD0211C59
:1065C000201C02F097F9061E05D10021201C01F0C5
:1065D000DBF9002802D1281C0DB0F0BD0123029385
:1065E0001B4B201C03930A9604F054F8002200234E
:1065F0000690079104900591002F15D01000190006
:1066000002F09AFD08900991022F0FD104F056F97B
:10661000212303600A9B0193002B10D1089809994C
:1066200004F080F8051CD6E70892099302A800F050
:10663000E3FD0028EAD00A9B0193002BEED004F082
:106640003DF90A9B01930360E8E7C04690000020F3
:10665000E8EF0100F8B54746CE4680B517000C00BC
:106660005A0019007B4205003B434B485208DB0FA0
:106670001343834237D863005B089C4666466B42EF
:106680002B43DB0FA146334383422CD8434BCB181B
:106690003B433AD002268B171E40E30F1E4363464E
:1066A0002B4329D013003B4334D0824240D0844551
:1066B00030D063469A1A12153C2A36DC002942DA99
:1066C0003C3240DA00200021012E52D0022E45D06B
:1066D000002E0DD0324A334B03F0A0FB324A334B2D
:1066E00003F09CFB04E02A002300380002F0BAF912
:1066F0000CBC90469946F8BD022E11D0280021000E
:10670000032EF5D128482A49F2E72800210000F09D
:10671000C9FBEDE74B462448002B04DB2549E7E79E
:1067200021482249E4E72449E2E71F482149CBE711
:10673000013E944522D0022E28D8204BF6009E1907
:1067400030687168D4E70B003A002800210002F09D
:10675000F3FC00F043FD00F0A5FBB5E7104A114B38
:1067600003F05CFB02000B000F48104903F056FBDE
:10677000BEE7802424060B191900B9E7022E08D8B9
:106780000F4BF6009E1930687168B1E700200021B8
:10679000AEE705480B49ABE70000F07F000010C0F2
:1067A000075C143326A6A13C182D4454FB21094054
:1067B000FB2109C0FB21F93FFB21F9BF08F00100D3
:1067C000F0EF0100FB21E93FF0B5D64600B54B00E4
:1067D0000E00CC0FB349070088B05B088B420DD97F
:1067E000B1498B4226D93203120B024300D03CE15F
:1067F000002C00D053E104003300DAE0AB4A9342AE
:1068000052D8AB4A934200D9D9E0AA4AAA4B3100E8
:1068100002F028F90022A94B01F090F8002800D1DD
:10682000CDE00022A54B3800310002F01BF9040036
:106830000B00BEE03100A24AA24B01F07FF8002815
:1068400000D015E1380031009F4AA04B01F062F8FA
:10685000002800D023E19E48E40004199D4A9E4B85
:106860003800310003F06EF82268636802F0FAF82D
:1068700003F084FE824603F0B7FE984A984B04006A
:106880000D0003F05FF802000B003800310003F048
:10689000C5FA944A02900391934B2000290003F01B
:1068A00051F80490059116E0904A9342D3D8904B4A
:1068B000E5005B191A685B68310003F0AFFA0290DB
:1068C000039101208B4B001B5B191A685B680492D3
:1068D0000593031B9A46049A059B0298039903F0BB
:1068E0009DFA02000B0007000E000090019103F0DA
:1068F00029F804000D00804A804B03F023F8804AF9
:10690000804B03F08BFA22002B0003F01BF87E4A29
:106910007E4B02F0A7F822002B0003F013F87C4A0C
:106920007C4B03F07BFA22002B0003F00BF87A4A31
:106930007A4B02F097F822002B0003F003F80B00CB
:1069400002000098019903F069FA534604000D0013
:1069500006940795002B66D002000B000098019961
:1069600002F0F0FF0F008021060022002B00002023
:10697000C90503F053FA02000B003000390002F0A1
:10698000DBFB02000B000498059903F047FA029A1A
:10699000039B03F043FA0B0002004849002003F078
:1069A0003DFA5F4B9A4500DA6BE0544624056318C4
:1069B00004002000190008B004BC9246F0BD3A0063
:1069C00033003800310002F0BDFF04000D004A4AD8
:1069D0004A4B02F0B7FF4A4A4A4B03F01FFA220023
:1069E0002B0002F0AFFF484A484B02F03BF8220070
:1069F0002B0002F0A7FF464A464B03F00FFA220095
:106A00002B0002F09FFF444A444B02F02BF8220077
:106A10002B0002F097FF02000B003800310003F05A
:106A2000FDF906900791069A079B3800310002F0A5
:106A300089FF802304000D00069807990022DB05DA
:106A400003F0ECF902000B002000290002F074FBB7
:106A50003A00330003F0E2F90B000200174900206E
:106A600003F0DCF904000B00A3E702003300DAE6D0
:106A7000114B104A1900100002F064FF04000B00D3
:106A800097E7FA24A4005444240563181900B82396
:106A900000225B0402F056FF04000B0089E700248B
:106AA000002386E7412E8640FFFFEF7F422ED63F30
:106AB000FFFF2F3E9C7500883CE4377E0000F03FCE
:106AC000EF39FAFE422E864051302DD5104987C04D
:106AD00020F00100FE822B654715F73F0000E0FE25
:106AE000422EE63F763C7935EF39EA3DB1A2F03FE0
:106AF00030F0010040F00100D0A4BE726937663E5C
:106B0000F16BD2C541BDBB3E2CDE25AF6A56113FAD
:106B100093BDBE166CC1663F3E5555555555C53F94
:106B200003FCFFFFF0B5CE464746802280B5040047
:106B30000D000B0083B0520391421CDA4A00520848
:106B400002435AD000295FDB0022334B02F0FAFEE9
:106B50000D000B003621314A0400494293420EDDFC
:106B600022002B002000290001F07CFF03B00CBCA8
:106B700090469946F0BD294A00219342F0DC284A0C
:106B80001815944660444018C20F91461B031B0B16
:106B90004844984603F028FD4A46224B06009B1ABB
:106BA00042461B051A430F002000110000F02CFB89
:106BB0001D4A04000D00300039001C4B02F0C2FEDB
:106BC0001B4A009001911B4B2000290002F0BAFEE5
:106BD00002000B000098019901F044FF164A0400DE
:106BE0000D0030003900154B02F0ACFE02000B0026
:106BF0002000290001F036FFB8E700220023002022
:106C00000F4902F099FAB1E7020003F007F90022F8
:106C1000002302F091FAA9E700005043FFFFEF7F45
:106C200001FCFFFFFF030000362BF111F3FE593D7D
:106C30000EE526157BCBDB3F00609F501344D33F0E
:106C4000000050C3F8B5684BCE4647460500020029
:106C500018000C0080B50840984200D1A0E000293F
:106C600069DD081500D177E0604B0903C418802363
:106C7000090B5B030B43C10703D4D00F5B00C318A0
:106C80005200611088465B00D10F5B180021802004
:106C900016248C46520080030D189D4202DC2918F0
:106CA0005B1B8444D50F5B00013CEB18520040088D
:106CB000002CF1D10020814680202026000609E02A
:106CC0008B425ED0D50F5B00013E5B19520040083D
:106CD000002E16D005198B42F2DD0F002C18002D66
:106CE0004BDB5B1AAA42894149425B1A521BD50F02
:106CF0005B00013E814439005B1952004008002EC0
:106D0000E8D1134345D14B465E0863465910384BD2
:106D1000994663464944DB0702D580231B061E4380
:106D200043461805431835001C00280021000CBC00
:106D300090469946F8BD4B005B082B43F5D00020E8
:106D400000293AD1D30A190015385205002BF9D081
:106D500080246403234241D1802300245B03490043
:106D6000250001341942FAD020260B001100A24060
:106D7000361BF140401B194376E7E743FF0FCF195D
:106D8000AFE795429ED82C18002DF6DB1F0000239C
:106D9000ACE74B4601331DD04E4601367608B4E7CA
:106DA0002A000B002800210002F0CCFD2A0023005D
:106DB00001F058FE05000C00B7E72A000B00280080
:106DC000210003F02BF802000B0002F0B5F90500DA
:106DD0000C00AAE701239946CC4496E7012511004F
:106DE00020266D42C5E7C0460000F07F01FCFFFF92
:106DF0000000E03FFF21420070B50300041C520870
:106E0000C9058A423AD2002A37D000283FDBC5158F
:106E100001420BD1802109040A00024001423DD108
:106E20005B00100001320B42FAD02D1A5B025A0AA5
:106E3000802328001B047F381343EA0725D58022CE
:106E400019210026002540105B005204AC189C421A
:106E500002DCA5181B1BB61801395B00520800297B
:106E6000F4D1002B02D0012301369E43FC239B0565
:106E70009C4676106644C005801970BD011C01F067
:106E800057FA211C00F0EEFEF7E75B00D7E7011C84
:106E900001F068FB011C01F081F8EEE7012040429F
:106EA0002D1AC3E7F8B54E4657464546DE46A44B75
:106EB000E0B54E00804689468A4676089E420CDD43
:106EC000A04B9E4200DDA3E000D19EE05346002B84
:106ED00000DCE1E09C4B9D4AA2E09D4B9E4200DD20
:106EE000B4E09C4B9E4200DCA2E001235B429B4647
:106EF00042464B464046494602F024FD02000B0044
:106F000006000F0002F01EFD04000D00924A934B94
:106F100002F018FD924A934B01F0A4FD22002B00D1
:106F200002F010FD904A914B01F09CFD22002B00D5
:106F300002F008FD8E4A8F4B01F094FD22002B00D9
:106F400002F000FD8C4A8D4B01F08CFD22002B00DD
:106F500002F0F8FC8A4A8B4B01F084FD32003B00C2
:106F600002F0F0FC884A894B06000F00200029003F
:106F700002F0E8FC864A874B02F050FF22002B000B
:106F800002F0E0FC844A854B02F048FF22002B000F
:106F900002F0D8FC824A834B02F040FF22002B0013
:106FA00002F0D0FC804A814B02F038FF22002B0017
:106FB00002F0C8FC0B0059460200013100D16EE01E
:106FC00059463000CC00390001F04CFD42464B469A
:106FD00002F0B8FC764D774B2D191C1922686368B6
:106FE00002F01CFF42464B4602F018FF02000B0065
:106FF0002868696802F012FF030050460A00002862
:107000000EDA802212068A180AE0002800D15DE715
:1070100042464B464046494601F024FD03000A0023
:10702000180011003CBC90469946A246AB46F8BDFC
:10703000614A624B01F016FD0022614B00F07EFCBC
:10704000002800D151E743464A46E9E700F0C6F878
:107050005C4B04000D009E4232DC5B4B9E4258DCD0
:1070600002000B0001F0FEFC0022554B02F0D6FEA0
:10707000802306000F000022DB052000290001F01C
:10708000F1FC0B0002003900300002F055F800233B
:10709000804689469B462BE72B4B4C4AC0E7300085
:1070A000390001F0DFFC42464B4602F04BFC020087
:1070B0000B004046494602F0B1FE03000A00AFE76C
:1070C000434B9E421ADC0022424B02F0A7FE0022F4
:1070D00006000F003F4B2000290002F033FC002285
:1070E000374B01F0BFFC0B0002003900300002F00A
:1070F00023F80223804689469B46F9E60B000200EE
:107100003549002002F018F80323804689469B4643
:10711000EEE600222A4B02F081FE002206000F005C
:10712000274B2000290001F09DFC0B0002003900D4
:10713000300002F001F80123804689469B46D7E6DD
:10714000FFFF0F440000F07F182D4454FB21F93F4E
:10715000FFFFDB3FFFFF1F3E11DA22E33AAD903F16
:10716000EB0D76244B7BA93F513DD0A0660DB13F7E
:107170006E204CC5CD45B73FFF8300922449C23FE6
:107180000D5555555555D53F2F6C6A2C44B4A2BFAB
:107190009AFDDE522DDEAD3F6D9A74AFF2B0B33F73
:1071A000711623FEC671BC3FC4EB98999999C93FEB
:1071B00050F0010070F001009C7500883CE4377EBF
:1071C0000000F03FFFFFF23FFFFFE53FFB21F9BF6B
:1071D000FF7F03400000F83F0000F0BF4B0059085C
:1071E0007047C046034B48009C4640086044C00FAF
:1071F0007047C04600001080002070470020014901
:107200007047C0460000F87FF0B5D6464F46464668
:107210008022C0B50B0088B05203914255DA4A0073
:107220005208024300D1EBE0002900DA23E1D64BFB
:10723000002202F087FB3625D44C0B006D42A3429E
:1072400047DCD34C1A151B031B0B9846A44680241D
:10725000D04B640343442340CF4C624452195C40FA
:1072600045461B1599462543CB4B290091440022E6
:1072700002F0D4FD434602331B0306000F00002238
:107280001B0B022B2FDC002300F03EFB002800D15B
:10729000BDE04B46002B00D148E1484603F0A4F97D
:1072A000BE4ABF4B04000D0002F04CFBBD4A060075
:1072B0000F0020002900BC4B02F044FB02000B0031
:1072C0003000390001F0CEFB07E0B04C0025A342AE
:1072D000B7DD02000B0001F0C5FB08B01CBC9046F6
:1072E0009946A246F0BD8023DB0501F0BBFB0200FE
:1072F0000B003000390001F01FFF040048460D006C
:1073000003F072F922002B0004900591200029005F
:107310000294039502F016FBA44B020043449A46E4
:107320000B000090019102F00DFB04000D00A04A3B
:10733000A04B02F007FBA04AA04B01F093FB2200F8
:107340002B0002F0FFFA9E4A9E4B01F08BFB2200BD
:107350002B0002F0F7FA9C4A9C4B01F083FB009A49
:10736000019B02F0EFFA9A4A00900191994B20009C
:10737000290002F0E7FA984A984B01F073FB2200CB
:107380002B0002F0DFFA964A964B01F06BFB2200CD
:107390002B0002F0D7FA0B0002000098019901F0CF
:1073A00061FB0D004146904B04005B1A51460B43B4
:1073B000002B52DD00228D4B3000390002F0C2FA62
:1073C0003B00320002F0BEFA4B4600900191002BC8
:1073D00059D102000B002000290001F043FB029A62
:1073E000039B02F0AFFA02000B000098019902F033
:1073F00015FD02000B003000390002F00FFD6CE7B4
:107400000022002300207A4901F096FE65E7794AC0
:10741000794B3000390002F095FA02000B00002091
:10742000724902F0FBFC320004000D003B0030000A
:10743000390002F087FA0B0002002900200002F058
:1074400081FA4B4604000D00002B4DD102000B00C9
:107450003000390002F0E2FC3FE74B46002B68D1D8
:1074600022002B003000390002F0D8FC029A039B66
:1074700002F068FABDE7020002F0D0FC002200230F
:1074800001F05AFE29E7454A454B0498059902F058
:1074900059FA009A019B069007912000290001F0FB
:1074A000E1FA029A039B02F04DFA3E4A04000D00F5
:1074B000049805993C4B02F045FA02000B002000AD
:1074C000290001F0CFFA02000B000098019902F0A8
:1074D000A5FC32003B0002F0A1FC02000B00069864
:1074E000079902F09BFCF8E6484603F07DF82B4A2A
:1074F0002B4B0090019102F025FA2A4A0290039149
:1075000000980199284B02F01DFA02000B002000A0
:10751000290002F083FC32003B0002F07FFC0200F5
:107520000B000298039902F079FCD6E600200021B6
:10753000D3E61A4A1A4B0498059902F003FA22007E
:10754000009001912B003000390002F067FC029A94
:10755000039B02F0F7F9134A04000D000498059903
:10756000114B02F0EFF902000B002000290002F09D
:1075700055FC32003B0002F051FC02000B00009869
:10758000019902F04BFCA8E600005043FFFFEF7F9B
:1075900001FCFFFF645F09000000F03F0000E0FE17
:1075A000422EE63F763C7935EF39EA3D86EBF9FF2E
:1075B00044523EDF12F1C23FDE03CB966446C73F22
:1075C000599322942449D23F935555555555E53F3B
:1075D0009FC678D0099AC33FAF788E1DC571CC3F46
:1075E00004FA97999999D93F51B806000000E03FF5
:1075F000000050C3555555555555D53F00224308F9
:107600008B4274D303098B425FD3030A8B4244D36A
:10761000030B8B4228D3030C8B420DD3FF220902AC
:1076200012BA030C8B4202D31212090265D0030B6B
:107630008B4219D300E0090AC30B8B4201D3CB0361
:10764000C01A5241830B8B4201D38B03C01A5241A3
:10765000430B8B4201D34B03C01A5241030B8B42A5
:1076600001D30B03C01A5241C30A8B4201D3CB0290
:10767000C01A5241830A8B4201D38B02C01A524175
:10768000430A8B4201D34B02C01A5241030A8B4278
:1076900001D30B02C01A5241CDD2C3098B4201D390
:1076A000CB01C01A524183098B4201D38B01C01A0E
:1076B000524143098B4201D34B01C01A5241030985
:1076C0008B4201D30B01C01A5241C3088B4201D334
:1076D000CB00C01A524183088B4201D38B00C01AE1
:1076E000524143088B4201D34B00C01A5241411A08
:1076F00000D20146524110467047FFE701B5002015
:1077000000F0F0F802BDC0460029F7D076E77047D8
:1077100003460B437FD4002243088B4274D30309F2
:107720008B425FD3030A8B4244D3030B8B4228D393
:10773000030C8B420DD3FF22090212BA030C8B42B9
:1077400002D31212090265D0030B8B4219D300E059
:10775000090AC30B8B4201D3CB03C01A5241830BDE
:107760008B4201D38B03C01A5241430B8B4201D38E
:107770004B03C01A5241030B8B4201D30B03C01AB7
:107780005241C30A8B4201D3CB02C01A5241830A31
:107790008B4201D38B02C01A5241430A8B4201D360
:1077A0004B02C01A5241030A8B4201D30B02C01A8A
:1077B0005241CDD2C3098B4201D3CB01C01A5241F1
:1077C00083098B4201D38B01C01A524143098B427A
:1077D00001D34B01C01A524103098B4201D30B0163
:1077E000C01A5241C3088B4201D3CB00C01A524188
:1077F00083088B4201D38B00C01A524143088B424D
:1078000001D34B00C01A5241411A00D201465241E5
:10781000104670475DE0CA0F00D04942031000D304
:107820004042534000229C4603098B422DD3030A59
:107830008B4212D3FC22890112BA030A8B420CD369
:10784000890192118B4208D3890192118B4204D392
:1078500089013AD0921100E08909C3098B4201D312
:10786000CB01C01A524183098B4201D38B01C01A4C
:10787000524143098B4201D34B01C01A52410309C3
:107880008B4201D30B01C01A5241C3088B4201D372
:10789000CB00C01A524183088B4201D38B00C01A1F
:1078A0005241D9D243088B4201D34B00C01A5241F6
:1078B000411A00D20146634652415B10104601D383
:1078C0004042002B00D54942704763465B1000D30D
:1078D000404201B5002000F005F802BD0029F8D0B3
:1078E00016E770477047C0468446101C62468C46B7
:1078F000191C634600E0C0461FB501F0B3FF002825
:1079000001D40021C8421FBD10B501F0FDFE404268
:10791000013010BD10B501F0A5FF002801DB0020EB
:1079200010BD012010BDC04610B501F09BFF00281E
:1079300001DD002010BD012010BDC04610B501F0D2
:107940001FFF002801DC002010BD012010BDC04633
:1079500010B501F015FF002801DA002010BD01204C
:1079600010BDC0468446081C6146FFE71FB500F005
:1079700095FC002801D40021C8421FBD10B500F0BD
:1079800019FC4042013010BD10B500F087FC002802
:1079900001DB002010BD012010BDC04610B500F075
:1079A0007DFC002801DD002010BD012010BDC04677
:1079B00010B500F027FC002801DC002010BD0120DC
:1079C00010BDC04610B500F01DFC002801DA0020F3
:1079D00010BD012010BDC046002B11D1002A0FD1CF
:1079E000002900D1002802D00021C943081C07B497
:1079F000024802A14018029003BDC046E9FEFFFF05
:107A000003B4684601B5029800F060F8019B9E46F9
:107A100002B00CBC7047C0469E2110B5C905041CBD
:107A2000FFF7D0FF002803D1201C00F079FF10BD24
:107A30009E21201CC90500F095FD00F071FF8023F8
:107A40001B069C466044F2E770B500220C4B040014
:107A50000D00FFF77DFF002804D12000290002F06F
:107A60008DFD70BD064B00222000290002F0D6F9E2
:107A700002F084FD80231B069C466044F1E7C0466B
:107A80000000E0418023D0B59B0304000800994228
:107A900001D3630511D102F0D7FD00220A4B01F09A
:107AA00051FF06000F00200002F0CEFD32003B0027
:107AB00000F0D8FF02F036FED0BD8023E40AE402D5
:107AC0001B011C43E7E7C0460000F041F0B55746F4
:107AD0004E464546DE46E0B504000D009246994606
:107AE00083B08B4230D82DD04946504602F0C0FEBC
:107AF00029000600200002F0BBFE331A9846203B06
:107B00009B4633D45A465346934042461F00534641
:107B100093401E00AF423AD8AF4200D178E05B46B6
:107B2000A41BBD41002B00DA75E000220023009267
:107B3000019301235A469340019301234246934007
:107B4000009328E08242CFD90022002300920193C3
:107B50000C9B002B01D01C605D600098019903B064
:107B60003CBC90469946A246AB46F0BD4246202317
:107B70009B1A5246DA40414613004A468A40170093
:107B800042461F43534693401E00AF42C4D90022D1
:107B90000023009201934346002BD9D0FB077208C3
:107BA0001A4346467B080EE0AB4201D1A2420CD8F4
:107BB000A41A9D41012024196D410021013E241881
:107BC0004D41002E06D0AB42EED9013E24196D4145
:107BD000002EF8D1009801995B4600196941002BED
:107BE00024DB2B005A464446D3402A00E2401C00C6
:107BF0005B461500002B2ADB26009E403300260042
:107C00004746BE403200801A9941009001919FE79B
:107C1000A342BCD883E74246202300219B1A0022BE
:107C2000009101920122DA40019286E74246202328
:107C30009B1A2A0046469A402300F34044461343C9
:107C40002A00E2401C005B461500002BD4DA4246B5
:107C50002F002023260097409B1ADE403B00334331
:107C6000CDE7C046F0B54646D6464F464D024202E5
:107C7000C0B5520A6E0A4700B0463F0E4E00C40F10
:107C8000D00094463B008246360EC90FAD098C42A7
:107C90006DD0B81B814600284DDD002E00D188E054
:107CA000FF2F5AD08023DB041D434B4601221B2BA0
:107CB0000ADC2B004A464946D3402022521A9540FE
:107CC0002A00551EAA411A4353469A1A530100D45A
:107CD000B9E092019609300002F0ACFD053886400B
:107CE000874200DDD4E03300C71B20200137FB4072
:107CF000C71BBE403200561EB24100271A4353072D
:107D000004D00F231340042B00D00432530100D4BD
:107D10009CE07B1CFE2F00D19AE09201520A94460F
:107D2000DBB2D8056346E407184320431CBC9046E9
:107D30009946A246F0BD002849D0F31B002F00D081
:107D4000B6E05246002A60D0013B002B00D1FCE097
:107D5000FF2E00D0B4E00C004246002A78D08020EC
:107D6000C00310434202530A9C46FF23D9E7B91BC4
:107D7000002971DD002E3FD0FF2FEED08023DB04E1
:107D80001D4301221B2907DC2A002023CA40591A5F
:107D90008D406B1E9D412A435244530153D50137F8
:107DA000FF2F55D001237B49134052080A401A4344
:107DB000A5E7002D2CD001235B429C46E1444B46B5
:107DC000002B00D1ADE0FF2F00D06EE7C5E7FE200D
:107DD0007E1C304260D1002F00D093E05246002A32
:107DE00000D1B6E0002D9CD0521B500100D4C3E05E
:107DF00053460C00EA1A82E7002D09D00139002908
:107E000000D18BE0FF2FBCD1A7E70C004246370022
:107E1000FF2FA2D05202530A9C46FBB281E7FE21FB
:107E20000137394265D1002B7ED1002800D1AAE06C
:107E3000002D00D175E72A0052440027530102D5D6
:107E4000554B01371A40530700D05AE7D208DFE7F5
:107E50000022FF23944664E70029E0D0F31B002FA3
:107E60003ED0FF2E00D177E780220100D2041143DB
:107E70008A4601221B2B08DC524620215046DA405C
:107E8000CB1A9840431E984102433700521984E7A9
:107E9000414A3F1A324032E753465E1B73012DD4EC
:107EA000002E00D017E7002200240023944638E774
:107EB000FF2E00D14FE780225046D2041043824665
:107EC00001221B2B08DC524620245046DA40E31ADC
:107ED0009840431E984102430C003700AA1AF5E669
:107EE000002893D0013B002B4FD0FF2EC1D142463A
:107EF00033E7FF2FACD055446A08A4E753460C0083
:107F0000EE1AE8E65346002B28D1002D00D022E7D8
:107F10008023DB039C460024FF2302E72A0052440F
:107F20003BE753465A1BD1E6002800D114E7002D49
:107F300000D112E78023DB031A4200D10DE741464E
:107F4000194200D009E7424607E70C003700AA1A99
:107F5000BCE6002D13D00C00C446E2E6002D00D193
:107F6000FBE68023DB031A4200D1F6E640461842C6
:107F700000D0F2E60C00EFE6002A00D063E7002212
:107F800000249446CDE6C446CBE62A00370052448E
:107F900003E7C046FFFFFF7DFFFFFFFBF0B54F4645
:107FA0004646D6464502C0B547000C1C6D0A3F0E3A
:107FB000C60F002F66D0FF2F6CD00023EA0080256B
:107FC00099469A46ED0415437F3F60026100430ADB
:107FD0009846090EE40F002948D0FF2910D08022CE
:107FE000D800D2040243904600207F394A4633002D
:107FF0007F1A02436C4992008A586340DBB297466D
:10800000002B6DD10220FF3F33E00023984626006D
:10801000454682465346022B00D17FE0032B00D118
:1080200094E0012B17D038007F3000285FDD6B070C
:1080300004D00F232B40042B00D004352B0103D593
:1080400038005A4B80301D40FE2867DCAD016D0AB8
:10805000C0B202E01E0000200025C0052843F6073C
:1080600030431CBC90469946A246F0BD002B2BD154
:1080700001204A4633004E49024392008A58634029
:10808000DBB29746002D13D104239946033B00270A
:108090009A469AE7002D05D108239946063BFF270B
:1080A0009A4692E70C239946093BFF279A468CE7AC
:1080B000280002F0BFFB7627431F9D4000237F422C
:1080C00099469A463F1A80E7180002F0B3FB4246F1
:1080D000431F76219A404942091A9046002085E7BD
:1080E000FF21032082E71E00FF200025B5E70123C2
:1080F0001B1A1B2BAFDC9E372900BD40D9406A1EDE
:1081000095410D436B0704D00F232B40042B00D067
:1081100004356B0144D5012000259EE7FF20002592
:108120009BE780250026FF20ED0396E70023984675
:108130008020C003054209D04346034206D145468C
:1081400005436D022600FF206D0A86E78020C003EC
:1081500005436D02FF206D0A7FE741466A01480131
:10816000824219D21B210025013F012614006D0017
:108170005200002C01DB904201D8121A354301391C
:108180000029F3D1501E824138007F301E00154374
:10819000002800DD4BE7AAE71A210125121AE4E7BF
:1081A000AD0100206D0A58E790F00100FFFFFFF7D6
:1081B000D0F0010070B542004E024C0045026D0A3D
:1081C000120EC30F760A240EC90FFF2A0FD0FF2C00
:1081D00011D00120A24200D070BDB542FCD18B422B
:1081E0000DD0002AF8D12800451EA841F4E701204F
:1081F000002DF1D1EBE70120002EEDD1E9E70020C1
:10820000EAE7C046F0B5420046024D024C00C30FFB
:10821000760A120E6D0A240EC80FFF2A1FD0FF2CFB
:1082200010D0002A1FD171427141002C01D1002DC4
:108230001ED000290ED183421ED00221581E0840B4
:108240000138F0BD002D26D1002AF4D171427141D0
:108250000029F0D00028F4D101204042F1E7002E9F
:1082600019D1FF2CEED0002CE5D1002DE3D1E4E7AD
:108270000020002EE5D0E0E7A24205DCEADBAE42BA
:1082800002D8E7D30020DCE74142414148420221C5
:1082900008400138D5E702204042D2E7F0B542005D
:1082A00046024D024C00C30F760A120E6D0A240ED0
:1082B000C80FFF2A0DD0FF2C0FD0002A23D1714206
:1082C0007141002C0FD1002D0DD10020002E14D0B3
:1082D0000DE0002E10D1FF2C15D1002D0CD1002A5D
:1082E00003D171427141002908D1834210D002218B
:1082F000581E0840013800E00220F0BD0028FCD1E3
:1083000001204042F9E7002CEFD1002DEDD1EEE73E
:10831000A24205DCF2DBAE4202D8EFD30020ECE74C
:10832000414241414842022108400138E5E7C04648
:10833000F8B557464E464546DE464402E0B5450090
:108340000F1C640A2D0EC60F002D47D0FF2D4DD0F7
:10835000002380209A469B46E400C00404437F3DEE
:108360007802430A99467A00FB0F9846120E4B4654
:1083700044D0FF2A11D0D8008023DB040343994660
:1083800000207F3AAD18474653467740691C0F2BB3
:108390003FD8724A9B00D3589F46FF35002B00D030
:1083A00079E0524602231A4392460220EBE7474601
:1083B0004C4683465B46022B28D0032B00D1C6E0F7
:1083C000012B4FD100200024C005FF072043384374
:1083D0003CBC90469946A246AB46F8BD002C71D1F4
:1083E00004239A46033B00259B46B9E7002C63D142
:1083F00008239A46063BFF259B46B1E7002B50D148
:10840000524601331A4392460120BCE7FF20002464
:10841000DAE74846260C2404220C0404240C4B46BC
:1084200020001B0C504374435A435E431219030C43
:108430009B189C4203D98022520294466644000451
:108440001A04000C12189401601E84411B0C920E39
:108450009B1914439B011C431B0172D50120630827
:1084600004401C4308007F3000283CDD630704D033
:108470000F232340042B00D00434230103D5803183
:108480000800374B1C40FE28C0DCA401640AC0B2BF
:108490009AE737008EE7524603231A439246032099
:1084A00071E7484602F0C6F94A46431F9A402D1A22
:1084B00091460020763D66E70C239A46093BFF254E
:1084C0009B464DE7200002F0B5F97625431F9C40FE
:1084D00000236D429A469B462D1A41E780240027CF
:1084E000FF20E40370E701231B1A1B2B00DD69E763
:1084F0009E3120008C40D840631E9C41044363079A
:1085000004D00F232340042B00D0043463011AD578
:108510000120002458E78020C003044209D04B46C4
:10852000034206D14C46044364024746FF20640AD6
:108530004AE78020C003044364023700FF20640A36
:1085400042E729008EE7A4010020640A3CE780206E
:10855000C00304436402FF20640A35E710F1010000
:10856000FFFFFFF7F0B54646D6464F4643025B0A8B
:10857000DA0094464A02C0B54400560A051CB046CB
:10858000240E4E0092091F0020009246ED0F360E79
:10859000C90FFF2E00D17FE0012251408D4251D002
:1085A000A21B9146002A00DC7EE0002E00D199E05B
:1085B000FF2C00D18CE080235246DB041A43924604
:1085C0004A4601231B2A08DC53462021D340891A3E
:1085D00052468A40511E8A4113436246D31A5A01B9
:1085E00000D4F3E09B019E09300002F023F9053826
:1085F0008640844200DDF7E03200041B2020013475
:10860000E240041BA64033005E1EB3410024134326
:108610005A0704D00F221A40042A00D004335A010A
:1086200000D4D6E0621CFE2C00D1DAE09B015F0A88
:10863000D0B2C0053843ED0728431CBC904699468C
:10864000A246F0BDA21B9146002A63DD002E00D198
:1086500099E0FF2C3CD080235246DB041A4392461B
:108660004A4601231B2A08DC53462021D340891A9D
:1086700052468A40511E8A41134363445A0100D432
:10868000A4E00134FF2C00D1ABE0012297491A404D
:108690005B080B401343BBE7002A32D08D4235D034
:1086A000FF2252429146A1444A46002A51D0301B33
:1086B000002C00D09CE06346002B00D1DFE00138A5
:1086C000002800D1F7E0FF2E00D099E00D004346CE
:1086D000002B00D185E08027FF031F437F02FF208E
:1086E0007F0AA6E75246002A74D0012252429046E1
:1086F000C1444A46002A00D1C8E0FF2C00D05FE701
:10870000E6E701225140A94200D049E7FF22524248
:108710009146A1444A46002A43D0311B002C00D187
:108720008CE0FF2E00D192E080236246DB041A43E6
:10873000944601231B2909DC202063466246CB4076
:10874000411A8A401100481E81410B4334005344B2
:1087500094E7FE22661C324264D1002C00D082E0F5
:108760006346002B00D1ABE05346002B00D160E7FD
:10877000634652469B1A5A0100D4AAE06346524609
:108780000D00D31A44E75246002A23D00122524258
:108790009046C1444A46002A75D0FF2C00D05FE7BE
:1087A00096E7FE260134264253D1002872D1634653
:1087B000002B00D193E05346002B00D139E76344EE
:1087C00000245A0102D54A4A013413405A0700D006
:1087D00020E7DB08FF2C00D17AE75B025F0AE0B2FA
:1087E00027E7FF20002724E7414B241A33400FE7F7
:1087F000FF2E00D16AE780236246DB041A439446C9
:1088000001231B2809DC202463466246C340201A4A
:1088100082401000441EA041034352460D00340024
:10882000D31ADCE6634652469E1A730117D4002E13
:1088300000D0D9E6002500200027FAE66346002B89
:1088400044D0013900294CD0FF2E00D071E74346B7
:108850003EE7FF2CC5D0524662445308B6E7634654
:108860000D00D61AC0E66246002A16D15346002BE8
:1088700000D02BE780270025FF20FF03D9E60D005D
:1088800043463400A6E753466344F7E66346524640
:108890009B1AA4E66246002AD9D05246002A00D18B
:1088A00016E78022D203134200D111E7404610425E
:1088B00000D00DE70AE752460D003400D31A8EE6C9
:1088C0005346002B08D00D004746B2E6434634001D
:1088D00080E7002B00D079E700250027A9E647466E
:1088E000A7E6534634006344C8E6C046FFFFFF7D59
:1088F000FFFFFFFB42024B0240004900520A5B0AA5
:10890000090E000EFF2806D00020FF2902D1180012
:10891000431E98417047FE38002AFBD1F4E7C04659
:1089200041024200C30F490A0020120E7E2A03D9D9
:108930009D2A02D9094A98187047802000040143F3
:10894000952A07DC9620821AD1404842002BF3D1A9
:108950000800F1E7963A9140F7E7C046FFFFFF7F36
:1089600070B5002813D0C317C5185D40C40F280088
:1089700001F060FF9E2301001B1A962B0FDC0828D4
:1089800001DD08398D406D026D0AD8B202E0002485
:1089900000200025C0052843E407204370BD992B23
:1089A0000BDD05222E00121AD64002001B32954024
:1089B0002800451EA84135000543052901DD4A1F51
:1089C00095402A00084E3240680709D00F20284001
:1089D000042805D00432500102D59F2332405B1A8F
:1089E0009201550AD8B2D5E7FFFFFFFB70B5051E0F
:1089F0000ED001F01FFF9E2304001B1A962B0CDCE7
:108A0000082801DD083CA5406D026D0AD8B201E0DE
:108A100000200025C005284370BD992B09DD020008
:108A200029001B3291404A1E91410522121AD5405D
:108A30000D43052C01DD621F95402900084E314091
:108A40006A0709D00F202840042805D004314A01C4
:108A500002D59F2331401B1B89014D0AD8B2D9E7AB
:108A6000FFFFFFFBF0B54F46D64646460D0001001E
:108A70001800C0B517002B035A0A4B0F1343CA0046
:108A8000914602036E004100520AEC0F7D0F154320
:108A9000760D490DC00F8246AC46FF00721A844223
:108AA00000D198E0002A00DC81E0002900D1B6E086
:108AB000C9498E4200D172E180212800090408438F
:108AC0008446382A00DD5EE11F2A00DDEEE1202029
:108AD00039006546801A8740D14085400D433900F2
:108AE0004F1EB9416746D7402943DB1B4A46551AFA
:108AF000A945894149425B1A984643461B0200D466
:108B0000CCE043465B025B0A98464346002B00D10B
:108B10002CE1404601F08EFE010008392022280099
:108B20004346521A8B40D0408D4003438E4200DDB5
:108B300017E18E1B721C1F2A00DDA7E120211800FF
:108B40002E00891A8D408840D640D340691E8D4141
:108B500030439846002605436B0709D00F232B406E
:108B6000042B05D02B1DAB42AD416D42A8441D0026
:108B700043461B0200D494E0974B721C9A4200D1EA
:108B80009DE04146954BED0819400B005205490701
:108B90005B0229431B0B520D12051343E4072343C9
:108BA000080019001CBC90469946A246F0BD002A58
:108BB00043D08A1B002E00D02AE14C461C4300D132
:108BC000D1E1541E012A00D11FE2834DAA4200D1F7
:108BD00072E2220023E1002A00DC98E0002942D062
:108BE0007D498E4200D1DAE0802128000904084343
:108BF0008446382A00DD29E11F2A00DC87E11100C4
:108C000065462039CD40202A04D040206146821A92
:108C100091400F4339004F1EB9410D431BE129001C
:108C2000394300D1B5E0511E012A00D1ABE16A48B9
:108C3000824200D1B2E10A0043E76949751C0D4246
:108C400000D0CFE0002E00D093E14946194300D177
:108C5000D1E16146394300D0E3E149465807C908EC
:108C60000143DB0826E02900394300D191E0511E81
:108C7000012A05D05848824200D18FE10A00B8E7A6
:108C80003D004D444D4589416344984649428844DE
:108C9000434602261B0200D5EBE0013E6B0700D0E5
:108CA0005CE74346E9085A0711433200DB084A48AB
:108CB000824221D01B0352051B0B520D6CE700238F
:108CC000002169E72A003A4369D04A465807D1088B
:108CD000DA0880231B0308431A4207D02900ED0855
:108CE0001D4203D12A00FF0848073843430FC10043
:108CF0005B07C908194313000A001A4300D113E2A5
:108D00008022120313431B03334A1B0B44E7002A40
:108D10004BD08A1B002E00D1E7E02F48814200D1C2
:108D200095E1802000040343382A00DD43E11F2A37
:108D300000DDDBE120201D004E46801A8540D64034
:108D400035434E4686403000D340461EB0419C44D9
:108D50000543ED19BD429B415B42634498460E00BA
:108D60007FE01E4A761A13409846F5E6280001F087
:108D700061FD010018311F2900DCCFE62B00083807
:108D800083400025D2E662463A4311004F1EB941A6
:108D9000ACE649465807C9080143DB0887E749465E
:108DA0005A07C9081143DB08A6E70D49701C0842A1
:108DB00000D0BBE0002E00D014E14946194300D199
:108DC00075E12900394300D07EE149465807C908BA
:108DD0000143DB086EE7C046FF070000FFFF7FFF8F
:108DE000FE0700004946CD1B6146581AA945894136
:108DF0004942884601004046091A8846090200D5C2
:108E0000A6E04146294300D07FE60023002451E735
:108E1000C74CA14200D1C7E0802424042343382A50
:108E200054DC1F2A00DDCCE020244846A41A1D0093
:108E30004E46A040D640A5400400D340624635438C
:108E4000661EB441D31A9C46254344E062463A4329
:108E500015006F1EBD414D444D458941494288462C
:108E6000984443461B0200D418E7B14B01369E429A
:108E700049D04246AF4B01211A4013006A080D4009
:108E80001543D9075B0898460D4365E618001F3E59
:108E9000F040202A03D040218A1A93401D43691EC6
:108EA0008D410023002698460543F7E611006546EC
:108EB0002039CD40202A04D040206146821A9140BA
:108EC0000F4339004F1EB94129430FE64A46134369
:108ED0001D006B1E9D417D1BAF429B4162465B4264
:108EE000D31A984654460E0007E64846184300D168
:108EF000B3E0501E012A00D10DE18D4DAA4200D1F0
:108F0000A5E0020010E732000023002144E6202102
:108F10003800891A65468F408D40D040791E8F41B8
:108F200005433D436746D740DB1994E7804A9042AA
:108F300000D1ECE039004944494592416344524232
:108F40009B18DD0749085B08984606000D43A5E617
:108F50004A46BD1AAF42894162464942D31A5B1A5A
:108F600098465446D1E56C07F9082143EB08040004
:108F70009DE64A461A4375D16146394314D1802390
:108F800000241B03BCE64A46D51BA945894162461D
:108F900049429B1A5B1A98460126AEE54A46D1081B
:108FA0005A071143DB08A7E66346F9085A075446F7
:108FB0001143DB08A0E64A4613431D006B1E9D418A
:108FC000C7E614001E00203CE640202A05D04024BD
:108FD000A21A93404A461A4391464D466B1E9D4144
:108FE000354378E74A461A4300D06BE66B07F90829
:108FF0001943EB0880E66146394354D06346F908CB
:109000005C072143DB08040054E64A46BD1AAF4220
:10901000894162464942D31A5B1A984604000126E8
:109020006BE54A46D51BA9458941624649429A1AD1
:10903000521A9046120232D54A46BD1AAF428941B1
:1090400062464942D31A5B1A9846040084E5634697
:10905000F9085A071143DB084EE6F908680701438F
:10906000EB0824E662463A4300D198E64A46D10826
:109070005A071143DA0880231B031A4208D06046BE
:10908000C5081D4204D154462A00F9084307194374
:109090004B0FC9005B07C908194313002CE6414672
:1090A000294300D0FAE500230A00002402E66B07FA
:1090B000F9081943EB08FDE56346F9085B07194316
:1090C00063460400DB0817E63D004D4463444D450C
:1090D000894198464942884443461B0200D4DDE555
:1090E0004246144B01261A409046D7E510001E0058
:1090F0002038C640202A05D04020821A93404A4694
:109100001A4391464D466B1E9D41354321E60200B0
:109110000023002140E54A46D519BD4289416344F8
:10912000984649428844B3E50021014A0B0033E5E3
:10913000FF070000FFFF7FFFF0B557464E4645464C
:10914000DE46E0B5814605000C03480092461F004C
:1091500085B0240B400DCE0F002859D0874B984284
:1091600000D198E06B0FE4001C4380231B042343D1
:109170009846834BED009B46002399468344009319
:109180003C037B005046240B5B0DFF0F002B67D088
:109190007A4A934218D07A49420F8C46E4005946E5
:1091A0001443802263441204CB1A14439B46C2002A
:1091B000002033007B409A464B460F2B00D9EFE04E
:1091C00070499B00CB589F466F4B52469C462243AA
:1091D000E344002A00D095E049460223194389461A
:1091E00000240220E5E700230024002552461B0549
:1091F0002343D20713432800190005B03CBC904616
:109200009946A246AB46F0BD002400255B4BEDE736
:109210004B462343984600D189E0002C00D1E0E181
:10922000200001F007FB010002000B391D235B1A2F
:1092300049461000D940083884400B004D4623436E
:109240009846854051483C03831A9B460023994623
:1092500000937B005046240B5B0DFF0F002B97D132
:109260005246224355D0002C00D1CAE1200001F023
:10927000E1FA02000B3A1D2301009B1A52460839FD
:10928000DA408C40144352468A40414B58449B4636
:10929000834400208DE74B462343984640D1082362
:1092A0009946063B00258346009369E7B246009B3A
:1092B000022BA9D0032B00D111E2012B93D0354A08
:1092C0005A44002A00DC3CE16B0700D0A7E1ED081E
:1092D0004346DB0106D542462F4B1A40904680227A
:1092E000D2005A442D4B9A428EDC43465205580711
:1092F0005C020543240B530D78E7BA46A0461500DF
:109300000090D4E74A4603231A439146032052466D
:109310004FE749460123194389460024012048E7C5
:109320000C239946093BA0468346009328E7042373
:10933000994600239B4601330025009320E7002334
:1093400080249A4600250D4B24034FE78023414695
:109350001B03194208D01C4206D11C432403BA4601
:109360001500064B240B41E78024434624031C438D
:109370002403B246014B240B38E7C046FF07000028
:1093800001FCFFFF50F1010001F8FFFF0DFCFFFFA2
:10939000F3030000FF030000FFFFFFFEFE070000D5
:1093A000444500D216E100D111E101235B429C4605
:1093B0002E0040460025E3442302140E1C431B0CE0
:1093C000994623041F0C1202494600920197FEF7AA
:1093D0009BF902007A430B04310C804619438A4200
:1093E0000BD901235B429C460919E0448C4204D806
:1093F0008A4202D9831E98460919881A4946FEF7FF
:1094000083F909048C4631046646019A090C4243EB
:10941000030031438A4204D90919013B8C4200D828
:1094200011E1891A4246009E12041A43330C1F00B0
:10943000100C9046029313043204160C32001B0CDD
:109440005A4303967B4346437843170CBC469B190B
:1094500063449E4203D980267602B44660441E0CC3
:10946000301816041B04360C9E19814200D29CE071
:1094700000D197E0AE1B091AB54280414042081A5C
:10948000844200D111E14946FEF73EF9019A0B04EE
:109490004243310C050019438A4207D90919013D9D
:1094A0008C4203D88A4201D9851E0919881A494677
:1094B000FEF72AF909048C4631046646019A090C24
:1094C0004243030031438A4207D90919013B8C42C8
:1094D00003D88A4201D9831E0919039E891A3200D2
:1094E0002D041D43029F2B041B0C5A437B439C46B7
:1094F000280C4643130CB444634478439E4203D97A
:1095000080267602B44660441E0C12041B04120C22
:1095100030189B18814206D302D001231D43CEE6AA
:10952000002B00D1CBE661186E1EA14200D2A4E050
:10953000814200D2C9E000D1D9E03500EDE7012534
:109540006D420121891A382900DD4CE61F2900DC13
:109550007FE01F235B429A1A4346D340202904D060
:109560004446654A5A44944025436A1E9541072261
:109570002B43150000241D401A4200D1A1E00F2208
:1095800000241A40042A00D198E01A1D9A429B41F7
:109590005B42E4181300220200D48FE00123002470
:1095A000002523E6B54200D364E743465A1E009BDC
:1095B0009C4665441F009D429B415B421B19C91894
:1095C0008C423AD2884263D860D0904652E7AA4291
:1095D00000D9EAE64346DE0758086B081E43ED074C
:1095E000EAE6484601F026F9010002001531203272
:1095F0001C2900DC1AE64B460838834000259846B3
:1096000020E601F017F903001A00153220301C2A59
:1096100000DC30E65446083B00229C4035E60F2330
:109620002B40042B00D152E605235B42AB429B4109
:1096300004355B42ED0898444AE68C42C5D1AF42FE
:10964000C0D9904616E78A4200D8EAE6831E091977
:10965000E7E62A4A28005A44434695409340C840CA
:109660006A1E9541444603432B43CC405A0792D08F
:109670000F221A40042A88D18DE73500814200D09C
:109680004BE7009A934200D047E718E6AE429CD9D8
:1096900002235B429C46009BE0449C4665449D42FD
:1096A0009B415B421B19C918E4E6154A5A44002A3B
:1096B00000DC44E701230025984409E665076402BD
:1096C000240BDB081D43002390E5009E023D720041
:1096D000B242BF417F423C1909190092CEE7802473
:1096E000434624031C432403064B240B7EE5009AC7
:1096F0009A42EAD33500C4E73E0400001E0400008D
:10970000FF030000FF070000F0B54F464646D6466F
:10971000944691461A03120B184DC0B54C000F0326
:1097200092465A00060080463F0B0120640DC90F87
:10973000520DDB0FAC420AD0AA4203D0944201D1B1
:1097400057450DD01CBC90469946A246F0BD3D0041
:109750003543F7D1A242F5D1524665462A43F1D1AD
:109760000120C845EED1994206D0002CEAD13E43F3
:109770003000461EB041E5E70020E3E7FF070000A8
:10978000F0B54E4645465746DE4604001800E0B5A3
:1097900016001B031B0B324D0F034A009946430072
:1097A000A446B0463F0B520DC90F5B0DC00FAA4235
:1097B00029D0AB4218D0002A2AD13C43A3466542A7
:1097C0006541002B02D14C46264327D0002D15D1F0
:1097D000814228D002200139084001383CBC904623
:1097E0009946A246AB46F0BD4D462E432FD1002AE6
:1097F000EED13C4365426541002DE9D00028EDD112
:1098000001204042EAE73D00254320D19342EBD0BE
:10981000002BDDD14C462643DAD1DBE75B46002046
:10982000002BDBD0D6E79A420ADCE7DB4F45D1D8E4
:1098300010D000204F45D1D20029E1D00800CDE75B
:10984000434258410223404218400138C6E70220F3
:109850004042C3E7C445BDD80020C445BED2EBE7B3
:10986000FF070000F0B54E4645465746DE46040069
:109870001800E0B516001B031B0B314D0F034A0007
:1098800099464300A446B0463F0B520DC90F5B0DED
:10989000C00FAA4211D0AB4214D0002A2FD13C43B2
:1098A000A34665426541002B14D14C46264311D195
:1098B0005B460020002B17D010E03D00254312D15D
:1098C00093421CD14D462E430DD1002A04D13C4376
:1098D00065426541002D0DD1814216D0022001392B
:1098E0000840013800E002203CBC90469946A24660
:1098F000AB46F0BD0028F7D101204042F4E7002B31
:10990000EAD14C462643E7D1E8E79A4206DD4342D6
:1099100058410223404218400138E5E79A42E9DB0A
:109920004F45DBD806D000204F45DDD20029E3D0DB
:109930000800D9E7C445D1D80020C445D4D2F5E702
:10994000FF070000F0B557464E464546DE46E0B5F7
:1099500098460C034B000600924687B0240B5B0D23
:10996000CF0F002B6CD0DD4A934200D186E0420F2E
:10997000E4001443802212041443D94AC5009446DB
:1099800063440093002399469B46434642461E0388
:10999000D20F5B0050469046360B5B0D00D178E04D
:1099A000CE4A93421DD0CE49420F8C460099634463
:1099B000F6008C46164380229C44120463461643EC
:1099C000C200002000930099434601318C4649466D
:1099D0007B4001930F2900D97EE0C24B8900595882
:1099E0008F465246009B324300D056E1BB490026C9
:1099F0008C4663444946009302231943894602205A
:109A0000E1E7434601933400150083465B46022B91
:109A10005ED0032B00D1F3E1012B00D018E100222E
:109A200000240025019B12052243DB071A4328006E
:109A3000110007B03CBC90469946A246AB46F0BD2B
:109A40002500054300D141E1002C00D1ADE120000B
:109A500000F0F0FE010002000B391D2310005B1A1C
:109A60003100350008388440D94085400C439E4879
:109A7000831A0093002399469B4686E705002543F9
:109A800000D01CE1082200930223002491469B464B
:109A90007BE75246324300D10AE1002E00D176E145
:109AA000300000F0C7FE02000B3A1D2301009B1A94
:109AB00052460839DA408E40164352468A40009B8F
:109AC0008949181A03008C466344002000937AE702
:109AD00000240025814AA5E72F0C2D042D0C2B0016
:109AE000110C1204120C53439846130028007B43B8
:109AF000994648434844834640460B00000C824642
:109B000058467B4350440293814506D99A468023A8
:109B10005B029946CA4453460293030C9B46434654
:109B20001B0400041B0C9846030043440493330CAD
:109B300099462B003604360C7343984633007B431A
:109B40009A464B465D435F4343465544180C4019C3
:109B5000824503D980235B029A465744050CEB19D2
:109B6000059343461D042D0C00044019250C2404C4
:109B7000240C270057436A4390462A003B0C9A4620
:109B80004A436143414451448344884503D9802377
:109B90005B02984642443F040B0C3F0C0904C91970
:109BA000270098464B4677435C436E435D433B0C2E
:109BB0009946A4194C4442440395A64204D98023F3
:109BC0005B02984645440395029B3F045B441E009C
:109BD0008342804123049846059B3F0C47449846A6
:109BE00076188E428941474440423D18A846934624
:109BF00049428A46C3449F42BF4180458041039BFE
:109C0000DA449846534640427F420743240C93452A
:109C100092418A4589413F19DC0D049B75021D4321
:109C2000681E85415346524249420A43BF18474481
:109C3000F60D7F0235435A023C431543FB0100D425
:109C4000C1E001216A080D401543E207154364088D
:109C500026496144002956DD6B0709D00F222A40AE
:109C6000042A05D02A1DAA42AD416D42641915008F
:109C7000E30104D580211E4AC900144061441D4AF5
:109C8000914200DD24E76207ED08640249051543AF
:109C9000240B4A0DC6E60197B8E6104A0320944605
:109CA00063444A46009303231A43914652468AE688
:109CB00049460123194389460026012083E60C22E8
:109CC00000930323050091469B465EE604239946D4
:109CD00000230093013300249B4656E6FF07000053
:109CE00001FCFFFF90F101000DFCFFFFFF030000EE
:109CF000FFFFFFFEFE070000002380240025444AEA
:109D0000019324038EE60120401A382800DD86E600
:109D10001F285BDD1F2223005242511ACB4019003D
:109D2000202803D03B4A6244944025436A1E954153
:109D30002A000A4307210D000024154011425BD080
:109D40000F2100241140042953D0111D914292414A
:109D50005242A4180A0023024BD5012200240025F8
:109D600060E680231B031C4209D01E4207D1334307
:109D70001C0343461500240B254A019352E680221A
:109D8000120314432403224A240B01974AE600F0ED
:109D900051FD03001A00153220301C2A00DC84E635
:109DA0005646083B00229E4089E600F043FD010034
:109DB0000200153120321C2900DC4EE63400083840
:109DC0000025844053E6009B9C4641E7124922004F
:109DD00061442E008D408A40C640691E8D41324349
:109DE0002A43C4405307B6D00F2111400429ACD1F7
:109DF000B1E765076402240BD2081543002211E67F
:109E00008022120314432403014A240B0AE6C046AD
:109E1000FF0700003E0400001E040000F8B557468E
:109E20004E464546DE460400E0B51F0010000B0319
:109E3000620F4E00CD0F5B0A39031343490AE2005B
:109E4000440F2143C24C91469246C0007A0080469E
:109E5000760D520DFF0FA24200D1B4E001246740FD
:109E6000BB46BD4200D188E0B41AA446002C00DCF9
:109E7000B2E0002A00D1C5E0B54A964200D18BE29B
:109E80008022120411436246382A00DDA1E11F2A14
:109E900000DD16E220270C00BF1ABC400200A046DD
:109EA0006446B840E240444614430200501E8241DA
:109EB0006046C14022435B1A49468C1AA145924133
:109EC00052429B1A984643461B0200D417E1434670
:109ED0005B025B0A98464346002B00D16CE140468A
:109EE00000F0A8FC0200083A202120004346891A0D
:109EF0009340C84094400343964200DD57E1961BCF
:109F0000711C1F2900DDCBE1202218002600521A07
:109F100094409040CE40CB40621E944130439846DE
:109F200000260443630709D00F232340042B05D0E8
:109F3000231DA342A4416442A0441C0043461B02CB
:109F400000D4DFE0824B01369E4200D1FBE0424666
:109F5000804BE4081A401300710552075B0222434C
:109F60001B0B490D0905ED071943294310003CBCA3
:109F700090469946A246AB46F8BDB41AA446002CBA
:109F800058DD002A00D19EE0714A964200D13BE1A3
:109F90008022120411436246382A00DDC1E01F2AE4
:109FA00000DCBBE10C00203AD44022006446202CA7
:109FB00004D040273F1BB940084380464446611EF9
:109FC0008C411443B1E00C0004432AD0BB46BD428F
:109FD0002DD0614CA446B4446446002C5CD0941B44
:109FE000A446002E00D015E14D461D4300D1C3E12B
:109FF000651E012C00D10CE2554EB44200D1F8E1AF
:10A00000AC460EE10A00024300D136E12200013ADB
:10A01000012C00D1C6E14E4CA44500D1F4E0944699
:10A0200031E701246740BB46BD4200D01CE74A4CE3
:10A03000A446B4446446002C00D1CFE0941BA4464F
:10A04000002E00D15CE1424EB24200D1ECE180260C
:10A05000360433436446382C00DDB3E11F2C00DDA9
:10A0600038E22026361B1C00B4404F46A04664460A
:10A07000E74044463C434F46B7403E00771EBE4152
:10A0800034436646F340C918241884429B415B421E
:10A090009846160088444EE0304A741C144200D0A2
:10A0A000D6E04A461A43002E00D05BE1002A00D1D8
:10A0B000A5E10A00024300D0BBE14A465907D20895
:10A0C0000A43DB0827E00A00024300D174E12200C2
:10A0D000013A012C05D01E4CA44500D194E09446D1
:10A0E00059E74844484592415B189846040052425B
:10A0F0009044434602261B0200D5C4E0013E63079C
:10A1000000D011E74346B4465907E2080A43DB088A
:10A110000F498C4540D061461B0349051B0B490D77
:10A1200020E701430C00611E8C414C444C45924198
:10A1300052429046984443461B02E0D5044B0136F8
:10A140009E4200D09FE03100002300220AE7C04673
:10A15000FF070000FFFF7FFF01F8FFFFFE07000081
:10A16000002A00D160E10A0002434DD04A465C0754
:10A17000D20822438024DB082403234207D0CE08E0
:10A18000264204D15D463300C20849070A43510FF5
:10A19000D200D20849070A431100194300D1C8E18F
:10A1A000802109030B431B03D5491B0BDAE6D54974
:10A1B000B61A0B409846B5E6200000F03BFB0200C3
:10A1C00018321F2A00DC8FE6230008388340002461
:10A1D00092E608430200501E82416DE6CA4C721C92
:10A1E000224200D0ADE04A461A43002EB8D1002AE0
:10A1F00000D158E10A00024300D059E14A4659070C
:10A20000D2080A43DB0886E74A465907D2080A43C0
:10A21000DB08C1E7BA4DAA4200D11EE180252D041A
:10A220002B436446382C5DDC1F2C00DDD0E020255C
:10A2300067462D1B4E461C00FE40AC4034434E4644
:10A24000AE403500FB406E1EB541C91A2C434EE0AE
:10A250004A46141AA1459241524290465F1A3A006A
:10A260004746D21B9046120200D58BE0424622435D
:10A2700000D030E6002300254DE74A465907D208B2
:10A280000A43DB0844E742469E4B61081A4013002C
:10A29000012214400C43DA075B089846144341E658
:10A2A0001A001F3EF2401600202903D04022511A06
:10A2B0008B401C43621E9441002334439846002681
:10A2C0001DE70C00203AD44022006446202C04D024
:10A2D00040273F1BB940084380464446611E8C41DD
:10A2E0002243E9E54C4623431C00631E9C41041BAA
:10A2F000A0429B415B42CB1A98465D461600E2E5C0
:10A300004E461E4300D1AEE0661E012C00D1FDE09A
:10A310007B4FBC4200D107E1B4469BE66446202255
:10A32000121B0C00944007009040A0466446421E59
:10A3300090416246E7404446D1403C4304435B18A9
:10A34000F3E66F4CA24200D1D5E048445B18484583
:10A35000894149425B18DC0740085B0898461600B3
:10A360000443CCE6002A00D082E00A00024340D138
:10A37000802300251B0313E74B07C2081A435D46E1
:10A38000CB08C5E64A46841AA0429241CB1A5242F3
:10A390009B1A98465D469EE54A465907D2080A43ED
:10A3A000DB08F9E64A46141AA14592415B1A52426B
:10A3B0009B1A9846012686E54A465907D2080A4361
:10A3C000DB08A5E64C4623431C00631E9C415BE66C
:10A3D00065461E00203DEE40202C05D040252D1B5B
:10A3E000AB404C461C43A2465446631E9C4134433A
:10A3F0007DE74B07C2081A435D46CB08CCE60A004E
:10A40000024300D136E74B07C2081A435D46CB082A
:10A4100081E64A46841AA0429241CB1A52429B1AC4
:10A4200098465D4601264EE54B07C2081A43CB0805
:10A43000B2E64A46141AA14592415F1A5242BA1A2C
:10A44000904612026BD54A46841AA0429241CB1A1A
:10A4500052429B1A98465D4664E54B07C2081A4370
:10A460005D46CB0898E64B07C2081A43CB084FE677
:10A470000A00024390D04A465C07D2081443802267
:10A48000DB081203134208D0CE08164205D1C008DB
:10A490004907084304005D463300610FE2004907A5
:10A4A000D2080A4378E64B07C2081A43CB0832E6C3
:10A4B00048445B184845924198465242904443466E
:10A4C00004001B0200D41AE642460E4B01261A4035
:10A4D000904614E666461F00203EF740202C05D02B
:10A4E0004026361BB3404C461C43A2465446631ECE
:10A4F0009C413C43C8E511000023002232E5C046E0
:10A50000FF070000FFFF7FFFFE0700004A46141808
:10A51000844292415B18984652429044E9E5424693
:10A52000224300D1A6E6EAE54B07C2081A43CB084E
:10A5300032E600220149130014E5C046FF0700007F
:10A5400070B505000C480C03160049001A035B00A7
:10A55000240B490D120B5B0D814208D006490020E7
:10A560008B4203D132431000421E904170BD012046
:10A570002C43FBD1F2E7C046FF0700000A0030B5CC
:10A58000134C530009030500090B00205B0DD20F8B
:10A59000A34204DD0F48834202DD0F4BD01830BDCB
:10A5A0008020400301430D48C01A1F2808DD0C48D5
:10A5B000C31AD9400B005842002AF0D11800EEE728
:10A5C000084CC540A446634499400B002B43F2E776
:10A5D000FE0300001D040000FFFFFF7F33040000A6
:10A5E00013040000EDFBFFFF70B5002816D0C31761
:10A5F000C5185D40C40F280000F01CF9114A121A5A
:10A600000A2816DC03002E0015339E400B23181A6F
:10A61000C54053052D032D0B5B0D03E000240023E3
:10A62000002500261B052B43E407234330001900B7
:10A6300070BD0B38854053052D0300262D0B5B0D97
:10A64000F0E7C0461E04000010B5041E10D000F054
:10A65000F1F80F4B1B1A0A2811DC0B222100121AE9
:10A66000D14015300A035B058440120B5B0D01E0FD
:10A67000002300221B0513432000190010BD2200F7
:10A680000B3882405B0512030024120B5B0DF1E7CF
:10A690001E04000070B543004602C40FFE201B0ECE
:10A6A000591C750A08420CD0E022920094466D07AE
:10A6B000360B63441B053343E4072343280019008A
:10A6C00070BD002B14D1002D1BD0280000F0B2F873
:10A6D0000A281CDC0B232A001B1ADA40030015335E
:10A6E0009D400E4B12031B1A5B05160B5B0DE1E739
:10A6F000002D09D0320B80263603094B6D07164317
:10A70000D8E700230026D5E70026054BD2E7030053
:10A710002A000B3B9A400025E3E7C046890300006E
:10A72000FF07000002004B00F0B508035B0D3D4E33
:10A73000CC0F400A510F5F1C0843D50037420AD0A6
:10A7400039495E18FE2E16DDFF230021DB050B4381
:10A75000E0071843F0BD002B06D1284327D0052180
:10A760008901490ADBB2F1E70543EDD08021C90335
:10A77000FF230143EAE7002E1CDD920111004A1E6F
:10A780009141C0006D0F014329434B0748D00F236F
:10A790000B40042B00D004318023DB040B403FD05E
:10A7A000721CFE2ED0D08901490AD3B2CEE7002315
:10A7B0000021CBE73200173222DB80211E22090460
:10A7C0000843921B1F2A1DDD022149428E1B0100F6
:10A7D000F1400E00202A04D0144A94466344984065
:10A7E000054329004D1EA941314300264B07CED118
:10A7F00080200B00C004012203400142D3D1AFE707
:10A800000023ACE70A498C4629006344D1409D40AF
:10A810000A00290098404D1EA94101431143E4E775
:10A8200033009DE7FE07000080FCFFFFA2FCFFFF56
:10A8300082FCFFFF1C2101231B04984201D3000C62
:10A8400010391B0A984201D3000A08391B099842A3
:10A8500001D30009043902A2105C40187047C046B9
:10A8600004030202010101010000000000000000D9
:10A8700010B5002903D1FFF7DDFF203002E0081CEE
:10A88000FFF7D8FF10BDC04610B5002101F0DCFC79
:10A8900010BD10B50A22002101F066FD10BD0000B8
:10A8A00010B5040004481300002804D00A00022058
:10A8B000210000E000BF10BD00000000014B18683F
:10A8C0007047C0469400002070B500260C4D0D4C1A
:10A8D000641BA410A64209D1002603F0B5FD0A4D61
:10A8E0000A4C641BA410A64205D170BDB300EB58FE
:10A8F00098470136EEE7B300EB5898470136F2E788
:10A90000680200206802002068020020D4020020B3
:10A9100010B5034B0A000100186800F0A1F810BD43
:10A920009400002010B5034B0100186800F0DEF819
:10A9300010BDC0469400002010B5034B01001868FC
:10A9400000F044F810BDC0469400002030B500244B
:10A950000139A24201D1002005E0035D01340D5D03
:10A96000AB42F6D0581B30BD002310B59A4200D13F
:10A9700010BDCC5CC4540133F8E710B5884202D94D
:10A980008B18984203D3002307E08B5C8354013A71
:10A99000FBD210BDCC5CC45401339A42FAD1F8E723
:10A9A00003008218934200D1704719700133F9E710
:10A9B0004A4370B51100150000F098F8041E03D04A
:10A9C0002A000021FFF7ECFF200070BD70B50500E4
:10A9D000002910D00C1F2368002B00DAE41828008F
:10A9E00002F0C4FE1D4A1368002B05D16360146099
:10A9F000280002F0C3FE70BDA34208D92168601888
:10AA00008342F3D118685B6841182160EEE71A00B1
:10AA10005B68002B01D0A342F9D911685018A042FD
:10AA20000BD120680918501811608342E0D11868D2
:10AA30005B68411811605360DAE7A04202D90C2329
:10AA40002B60D5E721686018834203D118685B68E2
:10AA50004118216063605460CAE7C046B417002003
:10AA6000F8B54B1E06000F001500194202D0002455
:10AA70002000F8BD082900D20827042D00D20425A3
:10AA80000323390003359D4308393000491900F08C
:10AA90002DF80028EBD004380368002B00DAC0182A
:10AAA000F91C41187C420C40011D631A8C420AD0EB
:10AAB000C7180B2B17D90268D21A3A60036030000E
:10AAC000FFF784FF38002A0003680C32C118A2186F
:10AAD0009142CDD961190A1A9B1A0260300008C14F
:10AAE000FFF774FFC4E75B423B60ECE7F8B5032374
:10AAF000CD1C9D43083506000C2D1FD20C25A94204
:10AB00001ED8300002F032FE25490A681400002CDD
:10AB10001AD1244F3B68002B04D12100300000F0F3
:10AB2000C7FC38602900300000F0C2FC431C2BD168
:10AB30000C233000336002F021FE03E0002DDEDA4A
:10AB40000C2333600020F8BD23685B1B19D40B2B4A
:10AB500003D92360E418256003E06368A2420ED1A4
:10AB60000B60300002F00AFE200007220B30231D8C
:10AB70009043C21A9842E6D01B1AA350E3E75360F1
:10AB8000EFE722006468C2E70323C41C9C43A04291
:10AB9000E1D0211A300000F08BFC431CDBD1C7E769
:10ABA000B4170020B8170020F0B51E0000231400D1
:10ABB0008BB09E4204DA8021090673181E002D23F3
:10ABC000129A149F1370202303229F43462F07D00D
:10ABD0003B00453B59424B411099013ACB18109329
:10ABE00009AB049308AB0393139B00920293109B51
:10ABF00022000193330001F04FFC0500472F02D1E2
:10AC0000119BDB0728D5109BEB180793462F14D117
:10AC10002B78302B0CD10022002320003100FCF7D0
:10AC200073FE002804D10123109A9B1A139A136013
:10AC3000139B079A1B68D318079300220023200058
:10AC40003100FCF761FE002801D0079B09933022F8
:10AC5000099B07998B4206D32800099B159A5B1B19
:10AC600013600BB0F0BD591C09911A70F0E7F0B5F4
:10AC7000831C87B0039305000C002B23027000296E
:10AC800001DA4C4202336B70092C31DD0A2704AB28
:10AC9000DE1D200039000196FCF720FE013E303118
:10ACA0002000317039000294FCF732FD029B040051
:10ACB000632BEEDC019B30349A1E13000399147051
:10ACC00004A8073098420ED804AB073300209A42FC
:10ACD00004D804AB0930C018019BC01A039B181894
:10ACE000401B07B0F0BD1878013308700131E7E769
:10ACF0003023E418AB70281DEC70F1E7F0B595B087
:10AD00000C0008921A9D0993070002F00BFD0368DE
:10AD100018000B9300F019FC00231293237E0722E6
:10AD20001E0023680D900C930C992B68C90547D51C
:10AD30009B1893431A0008322A601A685B68A26461
:10AD4000E3640122A36CE56C0A936B005B080E932D
:10AD50000A98A84B0E995242FFF7F2FB002831D116
:10AD60000122A44B0A980E995242FCF7DDFD0028FF
:10AD700028D10022002329000A98FCF7CBFD0028E7
:10AD800003D023002D2243331A709B4D472E00D948
:10AD90009A4D03230C9A236101339A4300232260C6
:10ADA0000A93099B210000933800089B13AA00F026
:10ADB000F3F9431C00D09EE00120404215B0F0BDE5
:10ADC0000733B6E70A9A2B0010002900FFF7B8FBFB
:10ADD00000280AD0002D03DA23002D2243331A70F5
:10ADE000874D472ED5D9874DD3E7202231006368A0
:10ADF00091430E915A1C47D10733636080230C9A0C
:10AE0000DB0013430022069212AA059211AA0392B4
:10AE1000232208A9236001936368521802920093C9
:10AE200038002B000A9A0496FFF7BEFE0E9B050021
:10AE30001199472B08D1CB1C02DB6368994246DD90
:10AE40003300023BDBB21E00652E24D82000320006
:10AE5000013950301191FFF70AFF129A0A90131826
:10AE60002361012A02DC2268D20701D50133236164
:10AE7000232308AA9B181B78002B00D191E72300FD
:10AE80002D2243331A708CE70E9A472AB6D1002B35
:10AE9000B4D10133B1E7662E1BD1636800290DDD03
:10AEA0002161002B02D12268D20702D50133591843
:10AEB0002161119BA36500230A93D9E7002B03D1DD
:10AEC00001222168114200D09A1C2261F1E7672318
:10AED0001E00119B129A934206DB22682361D2075F
:10AEE000E7D501332361E4E70121002B01DC491898
:10AEF000C91A5218E9E72268530508D423692A00C1
:10AF000038000899099DA847431C29D154E7652EAC
:10AF100000D8ECE0A06CE16C00220023FCF7F4FC0C
:10AF2000002834D001233800374A0899099DA847E2
:10AF3000431C00D140E7119B129A934202DB236825
:10AF4000DB070DD5099D38000D9B0B9A0899A84782
:10AF50000025431C00D12FE7129B013BAB420ADCCA
:10AF600023689B0700D514E1139BE068984200DB3F
:10AF700024E7180022E72200012338000899099EDF
:10AF80001A32B047431C00D116E70135E4E7119BA4
:10AF9000002B3BDC012338001B4A0899099EB0476F
:10AFA000431C00D108E7119B129A134302D1236876
:10AFB000DB07D5D50D9B38000B9A0899099EB04741
:10AFC000431C00D1F8E600230A93119B0A9A5B42C6
:10AFD000934201DC129B92E722000123380008997A
:10AFE000099E1A32B047431C00D1E5E60A9B0133A3
:10AFF000EAE7C046FFFFEF7FD0F10100D4F1010086
:10B00000D8F10100DCF10100E0F10100129AA36D1A
:10B010000A929A4200DD0A930A9B002B3DDC002332
:10B020000E930A9BDB43DB170F93A36D0F9A0C93D0
:10B030000A9B13400C9AD31A0E9A934236DC119B4A
:10B04000129A934240DB2368DB073DD4129A0C9B93
:10B050001199D31A521A0A929A4200DD0A930A9B56
:10B06000002B3ADC0A9B0025DB43DB170B93119A7C
:10B07000129B0B999B1A0A9A0A409B1AAB4200DC5E
:10B080006EE72200012338000899099E1A32B04762
:10B09000431C00D190E60135E9E70A9B2A003800FD
:10B0A0000899099EB047431CB9D185E622000123C7
:10B0B00038000899099E1A32B047431C00D17BE63C
:10B0C0000E9B01330E93B0E70D9B38000B9A089945
:10B0D000099EB047431CB9D16EE60C9B3800EA18B4
:10B0E00008990A9B099DA847431CBBD164E6129BA3
:10B0F000012B02DC01231A4238D001232A00380038
:10B100000899099EB047431C00D155E60D9B3800B5
:10B110000B9A0899099EB047431C00D14CE6A06CDD
:10B12000E16C00220023FCF7EFFB00281CD1129BEE
:10B130006A1C013B38000899099DA847431C0FD1A0
:10B140003AE62200012338000899099E1A32B047D6
:10B15000431C00D130E60135129B013BAB42F0DCD1
:10B1600022000A9B5032CBE60025F5E72A00E1E7F2
:10B170002200012338000899099E1932B047431C68
:10B1800000D119E60135E368139A9B1AAB42EFDC54
:10B19000EAE60025F7E7C046F7B5150001938A688F
:10B1A0000B690C000090934200DA130022002B6020
:10B1B00043321278002A01D001332B6023689B06AA
:10B1C00002D52B6802332B602268062317001F402C
:10B1D0001A4227D0230043331B785A1E934122681A
:10B1E000920630D4220001990098089E4332B0475D
:10B1F000431C25D0062320682A68E1680025034007
:10B20000042B03D18D1AEB43DB171D40A368226981
:10B21000934201DD9B1AED180027BD4220D100208A
:10B2200010E00137E3682A689B1ABB42D2DD220096
:10B23000012301990098089E1932B047431CF0D1B0
:10B2400001204042FEBD3020E1184331087021004A
:10B250005A1C45310978A218433202331170C1E7F4
:10B260002200012301990098089E1A32B047431C1E
:10B27000E6D00137D1E70000F0B58BB006920A00A6
:10B2800043320793059004920A7E0C00109B782AA3
:10B2900006D8622A08D8002A00D1C0E0582A52D025
:10B2A00026004236327022E0100063381528F7D8A5
:10B2B00003F060F816001F00F6FFF6FFF6FFF6FF3A
:10B2C0001F00F6FFF6FFF6FFF6FFA80036009A0013
:10B2D000F6FFF6FFB900F6FF3600F6FFF6FF9E0018
:10B2E00026001A684236111D196013683370012355
:10B2F000A7E0086819680A1D05060BD50D681A60D5
:10B30000002D03DA2D23049A6D421370614B0A2736
:10B31000039332E00D681A604106F1D52DB2EFE7D4
:10B320000D681968081D18602E0601D50D6803E028
:10B330006D06FBD50D68ADB2564B0A2703936F2AF5
:10B3400017D1082715E045310A70524A03921A684E
:10B35000216820CA1A60080650D5CB0702D52023E1
:10B36000194321601027002D03D1202322689A431E
:10B3700022602300002243331A706368A360002B0D
:10B3800003DB0422216891432160002D02D1049E39
:10B39000002B0CD0049E28003900FCF7B5F9039B64
:10B3A000013E5B5C33702B0005009F42F3D9082FF0
:10B3B00009D12368DB0706D563682269934202DC62
:10B3C0003023013E3370049B9B1B2361079B2100AC
:10B3D00000930598069B09AAFFF7DEFE431C35D1B2
:10B3E000012040420BB0F0BD202209680A432260D0
:10B3F0002200782145321170274AA7E74806ACD5CC
:10B40000ADB2AAE71A680D68101D49691860136883
:10B410002E0601D5196002E06D06FBD519800023C8
:10B42000049E2361D2E71A68111D19601668002175
:10B430003000626802F08EF9002801D0801B606045
:10B44000636823610023049A1370BFE72369320005
:10B4500006990598079DA847431CC1D023689B0700
:10B4600015D4099BE0689842BCDA1800BAE72200BC
:10B47000012306990598079E1932B047431CAFD0A7
:10B480000135E368099A9B1AAB42F0DCE9E7002535
:10B49000F7E7C046E2F10100F3F1010010B5034BFC
:10B4A0000A000100186802F0BDFD10BD94000020E4
:10B4B000002370B5064D040008002B6002F0B6FFB3
:10B4C000431C03D12B68002B00D0236070BDC04605
:10B4D000D01800200EB400B50B499CB01DAB0290F3
:10B4E0000690079104910948094904CB0591006829
:10B4F00002A9019302F01EFE0023029A13701CB0F1
:10B5000008BC03B01847C046FFFFFF7F940000202F
:10B510000802FFFF03000A7818001A700131013396
:10B52000002AF8D1704702780B78002A03D0013046
:10B5300001319A42F7D0D01A704703000A780131DE
:10B540001A700133002AF9D170470023C25C01331D
:10B55000002AFBD1581E7047030030B51C78002C20
:10B5600008D18918002A04D055424D5D1D70002D68
:10B5700002D130BD0133F1E7012A00D15C70013303
:10B58000013AEFE730B50500101E0BD00024013A58
:10B590002B5D085D834204D1944202D00134002B1C
:10B5A000F6D1181A30BD030030B51D00002A06D0B0
:10B5B0000C78013A01332C700131002CF5D10021B7
:10B5C0009A18934200D130BD19700133F9E7000099
:10B5D00070B516000D0002F0EFFB002E0DD06B23AE
:10B5E0006A00520D9B1A002B07DD0024034A1B053D
:10B5F0009D182B002200FEF7A5F970BD0000F03F5A
:10B60000F0B51D000023A7B02293AE4B05901B6838
:10B610000891180007931D92FFF797FF002604007A
:10B620000027089B2193219A13782B2B58D044D8BC
:10B630000D2B3DD8082B3DD8002B47D0002310936D
:10B640000022219B0A9206931B78302B00D083E0C6
:10B65000069B20325B789343582B00D072E0109BFE
:10B660000295019322AB0093974A23AB059821A939
:10B6700001F062FD0723050004001D40184206D0BA
:10B68000062D2FD1069B01332193002310931D9B80
:10B69000002B02D01D9B219A1A60109B002B1CD0FE
:10B6A000802332001B06FB181000190027B0F0BDE4
:10B6B000202BC3D101322192B5E72D2BBED12C3BDB
:10B6C0001093531C21935378002BB9D1089B2193DD
:10B6D000002310931D9B002BDCD132003B00E3E7DD
:10B6E0000023EDE7229A002A07D0352124A802F092
:10B6F00054FC2299059802F081F8681E052806D8A6
:10B7000002F02EFE0E0B191C0E0300273E0023072D
:10B71000BDD580231B061F43B9E7249E259FF6E76E
:10B72000259B6A4A6A491A40239B249E5B181B0585
:10B730001A431700EBE70026664FE8E70126664F3D
:10B740007642E4E7219B5A1C21925B78302BF9D09A
:10B75000002B9CD001230A93219B0A2211930023E2
:10B760000E930B930993219805782B00303BD9B2A7
:10B77000092927D922000799FFF704FF002833D0B1
:10B7800000202B008446099A0C9006922022190072
:10B7900091430A0000210791452A00D0C5E0069B8D
:10B7A0000A9A034313438B4290D0219B08930133A1
:10B7B0002193089B5B782B2B75D00C002D2B78D117
:10B7C000012471E00999082909DC0B9951435B18A0
:10B7D0000B93099B0130013309932190C3E70E9924
:10B7E00051435B180E93F4E7219B099A1C1921948D
:10B7F0002378002A39D00C9006921A00303A092A90
:10B8000012D901229446C1E7219B01305A1C219292
:10B810005B78302BF8D01A00313A082A3ED80C90C9
:10B820000020219A069011921A000699441C303A81
:10B83000302B13D00C9B1B190C9344180B000A21BE
:10B840009C4214D1069B591C0918181808281CDCA6
:10B850000A2300240B984343D3180B93219B200009
:10B860005A1C21925B780691C7E70998D1E7082B0B
:10B8700004DC0B9D4D430B950133E1E75D1C102D5E
:10B88000FADC0E9D4D430E95F6E700241029E5DC09
:10B890000A230E984343D3180E93DFE700220C923D
:10B8A00006920132AEE70024089B02332193089BE5
:10B8B0009B781A00303A092A14D9089A219200225A
:10B8C00032E0C046CCF3010004F20100FFFFEFFFBD
:10B8D000330400000000F07FFFFFFF7F219B5A1C14
:10B8E00021925B78302BF9D0002207921A00313A6E
:10B8F000082A1AD8303B1A00219B0793219B591C18
:10B9000021915B781D00303D092D39D9079D491BD8
:10B91000AF4D0795082903DC0792AA4200DD079581
:10B92000002C02D0079A52420792069A002A4BD165
:10B930000A9A104300D0AAE66246002A00D0C5E663
:10B94000692B25D021DC492B22D04E2B00D0BDE61F
:10B95000A04921A801F02CFE002800D1B6E6219BC9
:10B960001B78282B2AD19C4924AA21A801F034FE57
:10B97000052823D1259B994A249E1A43170086E661
:10B980000A214A43D218303AB8E76E2BE0D09DE640
:10B99000934921A801F00CFE002800D196E6219BD6
:10B9A0009049013B21A8219301F002FE002802D119
:10B9B000219B013321930026884F68E68A48FBF7D4
:10B9C0001DFC06000F0062E6079B0C9A9B1A0A9367
:10B9D000099B002B01D1069B0993069C102C00DDCE
:10B9E00010240B98FEF730FE069B06000F00092B73
:10B9F00015DD22007D4B093AD2009B181A685B685E
:10BA0000FDF7A0FF06000E980F00FEF71DFE0200D6
:10BA10000B0030003900FDF725F806000F00069BEB
:10BA20000F2B39DC0A9B002B00D130E624DD162BCE
:10BA300009DCDD0032003B006C4C64192068616851
:10BA4000FDF780FFBDE72523069A9B1A0A9A9342C9
:10BA500022DB0F24069B654DE41AE10069183200D1
:10BA6000086849683B00FDF76DFF0A9B1C1BE4005A
:10BA70002C1922686368E3E70A9B16330CDB0C9BE6
:10BA8000079A30009A1A594BD2009B1839001A684D
:10BA90005B68FDF751FB94E7069B1C1B0A9BE418AF
:10BAA000002C70DD0F23210019401C420AD0CB006E
:10BAB0004E493200C918086849683B00FDF742FF4B
:10BAC00006000F000F239C4348D02633FF339C42CF
:10BAD00022DD0023069307930B930993222300266C
:10BAE000059A3E4F13600B9BB34200D1CFE52299DC
:10BAF000059801F083FE0999059801F07FFE0799EA
:10BB0000059801F07BFE0B99059801F077FE0699E8
:10BB1000059801F073FEBAE50023300039001D00DE
:10BB20002411012C1DDC002B01D006000F00304B2E
:10BB3000ED00FF182F4B32005D19286869683B0043
:10BB4000FDF700FF254B2C4A06000B409342C0D85E
:10BB50002A4A934213D90126294F7642002308939B
:10BB600087E00122144207D0224AEB009B181A6892
:10BB70005B68FDF7E7FE012301356410D1E7D423AC
:10BB80009B04CF18EAE7002CE8D064420F22230080
:10BB9000134014420AD0DA00144B30009B183900CD
:10BBA0001A685B68FDF7C8FA06000F002411D5D0AB
:10BBB0001F2C27DD0023069307930B930993222361
:10BBC000059A002613600B9B0027002B8FD15EE5A2
:10BBD0001F4E0000DDF1010018F201000000F07FAF
:10BBE000D5F101005CF30100E1F4010008F401006B
:10BBF0000000B0FCE0F301000000A07C0000907C9D
:10BC0000FFFFEF7F102322001A4008921C4201D050
:10BC10005A330893300039000023CA4D01221442E0
:10BC200004D02A686B68FDF78DFE01236410083587
:10BC3000002CF3D1002B01D006000F00089B002B35
:10BC40000FD06B237900490D3A005B1A002B08DDF9
:10BC50001F2B00DC26E10026342B00DC1BE1DC2757
:10BC6000BF040022002330003900FBF74DFE0028FE
:10BC7000A0D10B9B099A00931199069B059801F09E
:10BC800014FE0B90002800D123E70A9B0799DA17CE
:10BC90000C9B5B1A1A400A9B1592DB430A9ADB172E
:10BCA0001A4000231C92069307930B9B0598596832
:10BCB00001F06CFD0990002800D10FE70B9B0B9958
:10BCC0001B690C319A1C92000C300C93FEF74CFE51
:10BCD00024AB019323AB009332003B0005980E96F2
:10BCE0000F9702F0DDF82290002800D1F6E601213E
:10BCF000059801F063FE0790002800D1EEE6239B33
:10BD0000002B00DAD3E0159A1C9C9D180899249A00
:10BD10005B1A36219B188A1A8B49013B01208B4202
:10BD200000DBCFE0C91A521A1F2900DDC3E08840AA
:10BD3000002314901293AB180C93A418089B0C9A30
:10BD40001C192B00954200DD1300A34200DD2300E7
:10BD5000002B04DD0C9AE41AD21A0C92ED1A159BF2
:10BD6000002B17DD1A000799059801F0D3FE079004
:10BD7000002800D1B2E60100229A059801F027FEC2
:10BD80001190002800D1A9E62299059801F036FD0E
:10BD9000119B22930C9B002B00DD96E00A9B002B4D
:10BDA00008DD1C9A0999059801F0B4FE0990002855
:10BDB00000D193E6002C08DD22000999059801F0D6
:10BDC000F9FE0990002800D188E6002D08DD2A0040
:10BDD0000799059801F0EEFE0790002800D17DE656
:10BDE000099A2299059801F064FF0690002800D175
:10BDF00074E60022C3680799C260119301F03EFF08
:10BE000000286CDA119B334300D097E03B0300D04D
:10BE100094E0D6224D4BD2043B40934200D88DE0B3
:10BE2000069B5B690A93002B05D1069B1B690A934D
:10BE3000012B00DC82E006990122059801F0BAFE90
:10BE40000799069001F01AFF002877DD08993B005A
:10BE50003E4A002900D19EE01100D6203940C0049E
:10BE6000814200DD97E0DC239B04994200DCA6E6DA
:10BE7000374B30001B9300231A9339001A9A1B9BEF
:10BE8000FDF760FD06000F00084300D02FE62223D7
:10BE9000059A13602BE60121203B494299400A4054
:10BEA0001700DEE6012252429A401640D9E61C9A5B
:10BEB000159DD41A2AE72749CB1A010099401291FF
:10BEC000149038E700231293FAE70C9A2299059808
:10BED00001F070FE2290002800D05FE7FEE50C978D
:10BEE000002876D1119A3B031B0B002A38D01A4A3E
:10BEF000934238D10122089B524231001000002B9E
:10BF00000BD0D424114B10003B40E404A34204D8CE
:10BF10006C301B0DC31A9A401000814223D10F4B85
:10BF20000C9A9A4202D14B1C00D1D7E5074B0C9AD0
:10BF300000261A401300802252039F18089B002BF2
:10BF400096D1D4E530F2010002FCFFFF0000F07F43
:10BF500000005039E2FBFFFFFFFF0F00FFFFEF7F04
:10BF6000334300D172E7129B002B1DD00C9B129A19
:10BF70001342E3D0119B30003900089A002B17D0F0
:10BF8000FFF726FB02000B000E980F99FCF76AFDE5
:10BF900006000F00D2E7012613409B4A76429B1809
:10BFA0009A4A1A431700C9E7149B3342C6D0E1E707
:10BFB000FFF70EFB02000B000E980F99FDF72EFF06
:10BFC0000022002306000F00FBF79EFC0028B5D0DE
:10BFD000F5E50799069801F0B9FF80230022DB05FB
:10BFE00004000D00FBF7A0FC002879D0119B002B6A
:10BFF0004BD00023864C002512931394844C854A21
:10C000000C9B13401493149A834B9A4200D0B0E0D7
:10C010000E9A0F9B1A921B93804A0C9B9446634482
:10C020001F00129A139B300039000C920D9301F0FF
:10C03000C3FE02000B000C980D99FDF783FC320043
:10C040003B00FCF70FFD734A754B06000A409A420D
:10C050005ED90F9B734A934203D10E9B013300D1EB
:10C060003CE501266F4F76422299059801F0C6FB08
:10C070000999059801F0C2FB0799059801F0BEFBEC
:10C080000699059801F0BAFB0FE6002E1CD10C9B17
:10C090001B031FD10022200029005D4BFBF73AFC57
:10C0A00000281AD12000290000225F4BFDF74AFC2E
:10C0B00005000C0080231B06E3181E951F931E9A93
:10C0C0001F9B129213939AE7012E03D10C9B002B16
:10C0D00000D174E50023554C8DE7119D524CE9E7E2
:10C0E000002220002900504BFDF72CFC119A05007E
:10C0F0000B000C00002A07D1802212068B18169024
:10C100001793169A179BDCE7020016921793F8E72D
:10C11000D4239B04CF18089B002BA5D13D4B149A28
:10C120003B409A42A0D12800210002F02DF902F0F4
:10C1300067F902000B0028002100FDF76FFE3B03AA
:10C14000119A1B0B3343134304000D00384A002B94
:10C1500055D0384BFBF7DEFB002800D0C7E42000A9
:10C160002900354A304BFBF7E9FB002800D17BE77B
:10C17000BDE4089B002B2BD0D423149ADB049A42F5
:10C1800026D8280021002D4A2D4BFBF7CDFB002897
:10C1900017D028002100FBF757FC002800D1013000
:10C1A000FEF752FA119A05000B000C00002A22D16A
:10C1B000802212068B1818901993189A199B1292C4
:10C1C0001393D622139BD2049B18149A9B1A139391
:10C1D0000E980F99129E139F01F0EEFD02000B00C6
:10C1E00030003900FDF7AEFB0E9A0F9BFCF73AFCCE
:10C1F00006000F008FE7020018921993DDE7114B3C
:10C20000FBF788FBB1E7C0460000F0FFFFFF0F001F
:10C210000000F03F0000F07F0000E07F0000B0FC75
:10C22000FFFF9F7CFFFFEF7F0000E03F0000F0BFBB
:10C230009535A094FFFFDF3F35E5AF350000C0FF27
:10C24000FFFFDF41FFFFCF3F10B50A0001000348A9
:10C25000034B0068FFF7D4F910BDC04694000020DE
:10C26000FC000020F0B51E003D4B87B00590029207
:10C2700008009C4608220191030061461C78451C79
:10C28000095D28000F0017401142F5D12D2C33D144
:10C2900001272C789D1C002E5DD0102E09D1302C4A
:10C2A00007D120222B789343582B4FD110266C783E
:10C2B00002352C4B3100FB1818000393FBF724FACE
:10C2C0000023012284461800049152422100303993
:10C2D000092916D80C00A6421FDD591C09D01300ED
:10C2E000844506D302D10499A14202DB01237043A5
:10C2F00020182C780135E9E72B2CCCD12C789D1C0B
:10C30000C9E721004139192901D8373CE3E7210069
:10C310006139192901D8573CDDE75A1C08D1059A23
:10C3200023331360029B0398002B09D107B0F0BDA3
:10C33000002F00D04042029A002AF7D0002B01D0F3
:10C340006B1E0193029B019A1A60EFE73024002EC6
:10C35000AFD10836ADE7302CA3D00A26A9E7C046F6
:10C3600059F20100FFFFFF7F10B513000A00010022
:10C3700002480068FFF776FF10BDC0469400002019
:10C38000F0B506000D69336987B000200291AB4219
:10C390006BDB0B00013DAC00143305931B190393B9
:10C3A0003300143301931C19039B27681B68380062
:10C3B0000093013319000493FBF720F9049B0090CC
:10C3C0009F4229D300239C460198059F049308CFE0
:10C3D000009A99B251431B0C534361440A0C9B18B9
:10C3E0001A0C0593036894469AB2049B89B2D2183A
:10C3F0000368521A190C6B469B8ACB1A11145B18EE
:10C40000191492B21B041A43039B049104C0BB424B
:10C41000DDD22368002B2ED03000029901F02EFCD3
:10C42000002821DB30000024009B02990133009397
:10C4300014301431026808C992B214199AB2A21ABF
:10C4400004681B0C240CE31A14141B191C1492B25C
:10C450001B04134308C0039B8B42EBD2019AAB0031
:10C46000D3181A68002A10D0009807B0F0BD2368CE
:10C47000002B04D1013D019B043CA342F7D335615D
:10C48000CAE71A68002A04D1013D019A043B9A4286
:10C49000F7D33561E8E70000F0B59FB0029203934F
:10C4A000029B039C0C930D94446A279D0590002CDD
:10C4B00008D11020FEF736FA059B4460586284606C
:10C4C0000460C460059B5B6A196800290BD05A6838
:10C4D000012393404A608B60059801F08FF9002298
:10C4E000059B5B6A1A60039B002B21DA01232B60FA
:10C4F000039B5B005B080D930D9DB64B2A001A93BE
:10C500001A409A4217D1B44B269A28031360029B13
:10C51000000B184301D100F08FFDB04B289A0A930D
:10C52000002A02D0AE4B289A13600A981FB0F0BDC3
:10C5300000232B60E0E70C9B0D9C12931394129840
:10C54000139900220023FBF7DFF9041E0BD001230F
:10C55000269A1360A34B289A0A93002AE5D0A24A90
:10C5600028990A60E1E71CAB01931DAB0093059885
:10C57000129A139B01F094FC6E000690760D00D188
:10C580007EE012981399139B984A1B031B0B1A43C6
:10C590001100974B1894F6180022964BFDF73EFCBD
:10C5A000954A964BFDF7CEF9954A964BFCF75AFA09
:10C5B000040030000D00FEF717F8934A934BFDF787
:10C5C000C1F902000B0020002900FCF74BFA04001F
:10C5D0000D00FDF7D3FF0022029000232000290068
:10C5E000FBF798F900280BD00298FDF7FDFF2B0010
:10C5F0002200FBF789F943425841029B1B1A029320
:10C6000001231693029B162B0FD812981399DA0068
:10C610007F4B9B181A685B68FBF77CF900284BD0AE
:10C62000029B013B0293002316931C9B9E1B00233D
:10C630000B933300013B0F9304D501239B1B0B93FA
:10C6400000230F93029B002B38DB029A0F9B94462A
:10C6500063440F93002315921093249B0124092B0C
:10C6600000D990E0052B02DD0024043B2493249B99
:10C67000981E032800D98FE001F072FE293634831A
:10C680001C9B1D9A9E18634BF218202A0FDD402335
:10C690009B1A9D40604B0298F318D8402843FDF741
:10C6A000D3FF01235D4C013E0919189374E7202341
:10C6B00002989B1A9840F2E71690B6E70B9B029AF5
:10C6C0009B1A0B935342109300231593C5E7002345
:10C6D0001493259B002B63DC01231A000E93079310
:10C6E00025920DE00123F3E70023259A1493944645
:10C6F000029B63440E9301330793002B00DC01235C
:10C70000059A556A00226A60043210001430696884
:10C71000984249D9059801F039F8059B28605B6A71
:10C720001B680A93079B0E2B00D9F2E0002C00D166
:10C73000EFE0029B002B75DD1A000F21344B0A40FD
:10C74000D2009B181D685E68029B02271C11DB0546
:10C750000AD5334B0C401A6A5B6A12981399FCF79E
:10C76000EBFC0C900D9101372D4B0893002C1FD141
:10C770000C980D992A003300FCF7DEFC0C900D910B
:10C780006BE00123B1E7002314942493013B0E9343
:10C79000079300221333A3E701231493023BF6E728
:10C7A000259B0E930793ABE7013169605200ACE71C
:10C7B00001231C4209D0FF18089B28001A685B68F7
:10C7C0003100FDF7BFF805000E00089B6410083328
:10C7D000CBE7C0460000F07F0F27000062F30100A6
:10C7E00065F30100E0F10100E1F101000000F03F1C
:10C7F00001FCFFFF0000F83F61436F63A787D23F52
:10C80000B3C8608B288AC63FFB799F501344D33F3F
:10C8100008F401003204000012040000000010FEC1
:10C82000E0F30100029B0227002B16D01298139907
:10C830005C420F23D34A2340DB00D3181A685B689D
:10C84000FDF780F8012600230C900D91CE4D2411A8
:10C85000002C00D08DE0002B90D1169B002B00D136
:10C8600092E00C9C0D9D002220002900C74BFBF795
:10C8700051F8002800D187E0079B002B00D183E00E
:10C880000E9B002B41DD029B0022013B11932000F7
:10C890002900BF4BFDF756F80C900D910E9E013705
:10C8A00038000C9C0D9DFDF79FFE22002B00FDF72C
:10C8B00049F80022B74BFCF7D5F80C900D910C9A73
:10C8C0000D9B089209930D9BB34A9F180997002E60
:10C8D0005ED1002220002900B04BFDF79FFA3B00FB
:10C8E000089A04000D00FBF729F8002800D0A8E200
:10C8F000AB480D99844661440B0020002900089A3A
:10C90000FBF708F8002800D099E2129B139C0C93C7
:10C910000D941D9B002B00DA68E1029A0E2A00DDBF
:10C9200064E1984BD2009B181E685F68259B002B22
:10C9300000DBD7E0079B002B00DDD3E000D07DE2D9
:10C94000002230003900954BFCF7FCFF0C9A0D9B40
:10C95000FAF7FEFF079E3700002800D054E20A9B3A
:10C960000A9A0133089331231370029B0133029317
:10C970004FE2344205D02A686B68FCF7E3FF3300CE
:10C9800001376410083563E7029B079E119387E720
:10C990007C4B721ED20014999B181A685B680029A0
:10C9A0004ED000207F49FCF7C7FB089A099BFDF792
:10C9B00035FA0A9B0C900D911793F3181B932000E6
:10C9C0002900FDF7DBFD1990FDF70EFE02000B00BC
:10C9D00020002900FDF722FA179B199C01330893C8
:10C9E000179B30341C700C9A0D9B06000F00FAF751
:10C9F00091FF00286CD132003B0000206349FDF715
:10CA00000DFA0C9A0D9BFAF785FF002800D0CDE0B7
:10CA10001B9B089A934200D177E70C980D9900224E
:10CA20005B4BFCF78FFF5A4B0C900D9100223000AE
:10CA30003900FCF787FF089B04000D001793BEE741
:10CA400008980999FCF77EFF0A9F0C900D91BB197D
:10CA5000179329002000FDF791FD0890FDF7C4FD14
:10CA60000B00020029002000FDF7D8F9089B040004
:10CA700030333B70179B01370D00BB422BD10C9814
:10CA80000D990A9B00229B190893464BFBF7EAFF7E
:10CA900002000B0020002900FAF750FF002800D008
:10CAA00084E00C9A0D9B00203E49FDF7B7F9020087
:10CAB0000B0020002900FAF72DFF002800D124E701
:10CAC000089B1A00013A08921278302AF8D008938D
:10CAD000119B029345E000222D4BFCF733FF04002D
:10CAE0000D00B6E70A9B079A0B93013B9B180C9C21
:10CAF0000D9D0C9332003B0020002900FCF71CFB2D
:10CB0000FDF73CFD0790FDF76FFD32003B00FCF7A1
:10CB100019FF02000B0020002900FDF77FF90B9B95
:10CB20001A0001320B920892079A30321A700C9A4E
:10CB30009A424ED102000B00FBF794FF32003B00FB
:10CB400004000D00FAF7FAFE00282DD132003B0058
:10CB500020002900FAF7D8FE002802D0079BDB0747
:10CB600022D40598069900F049FE0023089A0298FD
:10CB70001370269B01301860289B002B00D1D4E451
:10CB80001A60D2E408F40100E0F301000000F03F75
:10CB90000000244000001C400000C0FC00001440C5
:10CBA0000000C07C0000E03F029B1193089B0893AB
:10CBB000013B1A78392A08D10A9A9A42F7D1119A78
:10CBC0000A990132119230220A701A7801321A70D1
:10CBD0007EE70022CC4BFCF7B5FE002200230400C8
:10CBE0000D00FAF791FE002884D0BAE7149A002AC3
:10CBF00000D18AE0249A012A6EDC189A002A67D0B4
:10CC0000C24A9B18109D0B9C0B9A0121D2180B92C3
:10CC10000F9A0598D3180F9300F0D0FE0700002C50
:10CC20000EDD0F9B002B0BDD0F9A2300944200DDDD
:10CC300013000B9AE41AD21A0B920F9AD31A0F937D
:10CC4000109B002B1ED0149B002B62D0002D10DDFA
:10CC500039002A00059800F05DFF069A01000700E0
:10CC6000059800F0B4FE06000699059800F0C6FD90
:10CC70000696109B5A1BAB4204D00699059800F00B
:10CC800049FF06900121059800F098FE159B0600CB
:10CC9000002B40DD1A000100059800F03BFF249BAB
:10CCA00006000025012B3EDC00250C9BAB4236D153
:10CCB0000D9B1B03AB4232D11A9B0D9A13422ED00F
:10CCC0000B9B013501330B930F9B01330F9326E030
:10CCD00036231C9A9B1A95E7079B5D1E109BAB425F
:10CCE00008DB5D1B079B002B0CDA0B9B079A9C1A39
:10CCF000002389E7109B159AEB1AD318109515930A
:10CD00000025EFE70B9C079B7EE7109D0B9C149F73
:10CD100085E7109AB1E7249B0025012BC4DD159B04
:10CD20000120002B08D0336903339B00F3185868A7
:10CD300000F0FCFD2023181A0F9B1F221818030077
:10CD40001340104246D00132D21A042A3FDD1C2281
:10CD5000D31A0B9AE418D2180B920F9AD3180F9388
:10CD60000B9B002B05DD1A000699059800F022FFA9
:10CD700006900F9B002B05DD31001A00059800F08E
:10CD800019FF0600169B002B26D03100069800F0F4
:10CD900075FF002820DA029B0A22013B02930699C4
:10CDA0000023059800F043FD149B0690002B00D152
:10CDB0004CE1002339000A22059800F038FD0E9B53
:10CDC0000700002B47DC249B022B44DD0CE0042AE7
:10CDD000C6D013001C33BCE7079B002B35DC249B1B
:10CDE000022B32DD079B0E930E9B002B0CD13100E2
:10CDF0000522059800F01BFD06000100069800F0D2
:10CE00003DFF002800DDAAE5259BDB4302930A9B3A
:10CE1000089300253100059800F0F0FC002F00D1A8
:10CE20009FE6002D05D0BD4203D02900059800F0F3
:10CE3000E5FC3900059800F0E1FC92E60026370099
:10CE4000E2E7119B3700029389E5149B002B00D188
:10CE5000B4E0079B0E93002C05DD390022000598F5
:10CE600000F0A8FE07003800002D11D07968059861
:10CE700000F08CFC390004003B690C319A1C9200D4
:10CE80000C30FDF771FD01222100059800F092FEA3
:10CE90003D0007000A9B079331000698FFF770FAE0
:10CEA000290004000F90069800F0E8FE3A00109068
:10CEB0003100059800F0FDFEC36830341193012362
:10CEC0000B93119B0890002B04D10100069800F0F1
:10CED000D5FE0B900598089900F090FC01230C9862
:10CEE0000B9A1840079B01330893249B1343034379
:10CEF0000ED1392C26D0109B002B01DD0F9C313434
:10CF0000079B1C7086E7C0460000244033040000E5
:10CF1000109B002B03DB249A134303431ED10B9B6E
:10CF2000002BEDDD06990122059800F043FE31004B
:10CF3000069000F0A3FE002802DCE1D1E307DFD574
:10CF4000392CDBD13923079A1370089B0893013BD6
:10CF50001A78392A67D001321A705BE70B9B002BD5
:10CF600003DD392CEED00134CAE7079B0A9A1C7006
:10CF700001239B1A079A9B180E9A9A423ED00023CF
:10CF80000A220699059800F052FC002306900A2216
:10CF900029000598BD4206D100F049FC05000700B4
:10CFA000089B079378E700F042FC39000500002356
:10CFB0000A22059800F03BFC0700F1E7079B0E935F
:10CFC000002531000698FFF7DBF90A9B30305855F1
:10CFD0000E9B01350400AB4207DD00230A220699AF
:10CFE000059800F024FC0690EBE70E9B0120002B37
:10CFF00000DD180000250A9B1B18089306990122E2
:10D00000059800F0D7FD3100069000F037FE0028AB
:10D010009BDC01D1E30798D4089B0893013B1A7865
:10D02000302AFAD0F6E60A9A9A428FD1029B01334F
:10D03000029331231370EDE6084B289A0A93084BAC
:10D04000002A01D0FFF76FFAFFF76FFA0E9B002B53
:10D05000B6DC249B022BB3DDC6E6C04659F30100C3
:10D0600061F301000200F0B507691432130085B0C6
:10D070004E11B74231DDB300D3181F2501930B00C9
:10D08000BC002B401419029329420CD115000199C0
:10D090008C4238D80199002303398C4201D3BB1B41
:10D0A0009B00D31819E02021029B019DCB1A03930A
:10D0B00002CD029B9446D9400091AC4216D8019D06
:10D0C00000230135AC4202D3BB1B9B00043B0099FB
:10D0D000D3181960002900D00433991A891001610E
:10D0E000934201D10023436105B0F0BD2B68039941
:10D0F0008B4000991943634602C39C4602CD029BB4
:10D10000D9400091D9E708C908C5C1E70200303A03
:10D110000300092A02D8203BD8B270470200613AC6
:10D12000052A01D8473BF7E71A00413A0020052AB3
:10D13000F3D8273BF0E70000F0B58DB00A93BC4B65
:10D1400005901B680991180002920793FEF7FDF9FC
:10D150000222079B52421B18013B1B7803900B9342
:10D16000099B19688B1C521AD118019308910199D7
:10D17000013308783028F7D0FFF7C8FF041E3ED1EE
:10D18000039A07990198FEF7FDF9071E00D06FE09A
:10D19000019B039A985C9D18FFF7B8FF0123049345
:10D1A000002834D00195019B1878302809D0FFF76A
:10D1B000ADFF43424341049301232C000893019D9A
:10D1C00004E0019B01330193EDE701352878FFF777
:10D1D0009DFF071EF9D12800039A0799FEF7D2F99F
:10D1E000002812D1002C07D1039BED182C002878C1
:10D1F000FFF78CFF002806D1671BBF0007E0002364
:10D200001C000493DBE70135F1E7002CF4D1202268
:10D210002B782E009343502B1DD16B782B2B2CD0C9
:10D220002D2B2ED000236E1C06933078FFF76EFF57
:10D23000431EDBB2182B2BD8103804007078FFF790
:10D2400065FF431EDBB20136182B1CD9069B002B51
:10D2500000D064423F19099B1E60049B002B19D02B
:10D260000026089BB34200D1063630000DB0F0BD59
:10D2700001232700019D0493C9E700230693AE1CF8
:10D28000D3E70123FAE70A235C432418103CD5E7CF
:10D290002E00E0E7019B0499EB1A013B072B4EDCC3
:10D2A000059800F073FA03001433049309930023E4
:10D2B00004001E000693019BAB4243D3099D049BCF
:10D2C00040C5ED1AAD103000256100F02FFB029B28
:10D2D0006D011B682E1A01939E425DDDF61A310026
:10D2E000200000F07CFE051E16D001251F2128001D
:10D2F000731E1940884001005A1104989200125878
:10D300000A4209D0AB4206DD2000B11E00F067FEE4
:10D310000235002800D1022531002000FFF7A2FECF
:10D32000BF19029B9B680393BB4245DA2100059815
:10D3300000F064FA0023129AA326136095E70131E6
:10D340005B10ABE76B1E08930B9A1B78934214D0CB
:10D35000069B202B04D1099B40C300260993069607
:10D36000089B1878FFF7D2FE0F231840069B089DF4
:10D3700098400433064306939DE70123039A9D1AC0
:10D38000089B5D19019B9D42E2D328000799FEF797
:10D39000F9F80028DCD18EE7019B00259E42C0DA17
:10D3A0009E1B21003200059800F004FC030014339A
:10D3B0000400BF1B0493B4E7029B5E68BE426EDDAF
:10D3C000019BF61BB34235DC029BDB68022B26D0A7
:10D3D000032B28D0012B19D1019BB34216D1012B6D
:10D3E0000DD1029B62265B680193019A0A9B1A6029
:10D3F0000123049A23611360129B1C6035E7019995
:10D400002000013900F0EBFD0028EAD12100059849
:10D4100000F0F4F90023129A5026136025E7139BBD
:10D42000002BF3D1DDE7139B002BDAD1EEE7C046EA
:10D43000CCF30100771E002D2FD1002F04D039002E
:10D44000200000F0CCFD05001F237A111F401E3B79
:10D45000BB400499920052581A4201D002231D4346
:10D46000019B31009B1B022620000193FFF7FAFD70
:10D47000029B5F68002D41D0029BDB68022B10D01D
:10D48000032B12D0012B06D1AA0704D5049A1068E9
:10D4900005431D420CD110232FE00125D4E70126BE
:10D4A000E8E70123139A9B1A1393139B002BF2D0E6
:10D4B0002569AB0004932300AA00143399180022B5
:10D4C00094461A68501C1ED001321A60230014338F
:10D4D000022E3BD1029A01991268013A8A420BD17D
:10D4E0004A111F21019892000140012005008D4042
:10D4F000D3582B4200D0012620231E43129B1C60D0
:10D500000A9B1F60B1E6624604C39942D9D8A3685A
:10D510009D4212DB63680598591C00F037F9210021
:10D52000236903909A1C92000C310C30FDF71CFA11
:10D530002100059800F062F9039C23695A1C2261BE
:10D54000012204339B00E3185A60BFE72269AA4214
:10D5500009DD01212000FFF785FD029B01379B6853
:10D56000BB42C8DAE2E61F22019D0199012615405F
:10D570001142C1D0049A9B18043B186800F0D6F9F8
:10D5800020235D1BA842E4DBB6E7C046082370B544
:10D5900020259A1A9200AD1A436806681C00AC4018
:10D5A000D34034430460436004308842F4D370BDF8
:10D5B00030B503680C780133002C02D103600120E0
:10D5C00030BD1A781500413D192D00D820320131A7
:10D5D000A242EFD00020F3E7F0B50B688BB05C11EE
:10D5E000A40001921219190002921F221140089002
:10D5F0000691134202D0029B04330293029B002542
:10D600001E1F37003400089B35601B680795059383
:10D610000395059B01330993059B5B780493002BCD
:10D6200028D00498FFF772FD002854D1049B202BCA
:10D6300019D8039B079A934212DDBC4206D2072DEC
:10D6400004DC2A0039002000FFF7A0FF019B082519
:10D650009C4205D9271F00253C00039B3D60079392
:10D66000099B0593D5E7049B292B58D1059B089A64
:10D6700002331360039B002B51D0BC4206D2072D0E
:10D6800004DC2A0039002000FFF780FF019B9C4248
:10D6900035D91A00230002CB02C29E42FBD2029B64
:10D6A000611CDA1E0423914205D8029B043B1C1B1B
:10D6B000A4080134A300019AD418002308C4A64288
:10D6C000FCD23368002B04D1019B9E4225D101235B
:10D6D0003360052024E0039B013501330393082DBB
:10D6E00006DD019B9C42BBD900230125043C23603D
:10D6F0000F22236810401B0118432060B0E7069BEF
:10D70000002BDED02022D21A01235B42D340029CA0
:10D71000043C226813402360D3E7043ED1E7042091
:10D720000BB0F0BD00487047EC0100207047704717
:10D7300082B0002900D101A9101E06D0002B06D00E
:10D7400013780B601078431E984102B07047022096
:10D750004042FAE7C9B28218904201D100207047D6
:10D7600003788B42FBD00130F6E7000010B5024889
:10D77000FFF7DCFF10BDC046C818002010B50248F6
:10D78000FFF7D5FF10BDC046C818002070B5456A28
:10D7900006000C00002D07D11020FDF7C3F87062C1
:10D7A000456085600560C560756AEB68002B13D025
:10D7B000736AA200DB689B181868002818D1012141
:10D7C0000D00A5406A1D30009200FDF7F1F8002819
:10D7D0000CD0446085600DE0212204213000FDF76B
:10D7E000E7F8736AE860DB68002BE1D1002070BDC8
:10D7F00002681A6000230361C360F8E770B5466AE7
:10D8000005000C00002E07D11020FDF78BF8686290
:10D81000466086600660C660002C07D06B6A62684E
:10D82000DB6892009B181A6822601C6070BDF7B517
:10D830001E0014239C4607000C0000200D698C4438
:10D8400063461B68013099B263461B6851431B0C49
:10D85000534389190E0C9B1989B21E0C1B045B18CB
:10D86000614608C18C468542EADC002E1BD0A368C5
:10D87000AB4212DC63683800591CFFF787FF2100B8
:10D88000236901909A1C92000C310C30FDF76CF862
:10D8900021003800FFF7B2FF019C2B1D9B00E3180D
:10D8A00001355E6025612000FEBDF7B50600180059
:10D8B0000C000830092101931500F9F729FF012315
:10D8C0000021834222DB3000FFF760FF089B01004C
:10D8D000436101230361092D1BDD230009331F0070
:10D8E000009364193B780A223000303BFFF79FFF1A
:10D8F00001370100A742F5D12C00009B083C1C1900
:10D900002F00019B9F4207DB0800FEBD5B00013139
:10D91000D7E709250A34F3E7631BDB5D0A223000F1
:10D92000303BFFF784FF01370100EAE70300020CF8
:10D930000020824201D11B0410301A0E01D10830A0
:10D940001B021A0F01D104301B019A0F01D10230C2
:10D950009B00002B03DB01305B0000D420207047CC
:10D96000036802000721180008400B420DD0063959
:10D9700000200B4205D10230034203D0CB40080007
:10D98000136070479B081360FBE799B2002901D12F
:10D9900010201B0CD9B2002901D108301B0A19072D
:10D9A00001D104301B09990701D102309B08D90726
:10D9B000E9D401305B08E6D12020E2E710B50C0085
:10D9C0000121FFF7E3FE01234461036110BDF0B5BF
:10D9D0000B69140012690D0089B0934201DA250029
:10D9E0000C002F6926696968BB190193AB68BA19E5
:10D9F000934200DA0131FFF7C9FE030014339C465D
:10DA0000BB199B0063440293002263460490029971
:10DA10008B422CD32B0022001433BF001432069308
:10DA2000B600DB19039393190793042305932B0086
:10DA3000039915330092994205D34B1B153B9B0864
:10DA400001339B000593079B009A9A4211D3019BD7
:10DA5000002B06DD029B043B02931B680093002B06
:10DA600054D0049B019A18001A6109B0F0BD04C398
:10DA7000CDE7009B1B6898B200281CD067460024A5
:10DA8000069E02CE3A688BB24343090C414392B2E0
:10DA90009B181B190C003A68110C61181C0C091911
:10DAA0000C0C9BB209040B4308C7039BB342E8D894
:10DAB0006346059A9C50009B1B681E0C20D0634651
:10DAC0002C00604600271B68143422689BB291B278
:10DAD00071430268120C8918CF1939040B43036093
:10DAE00002CC4368090C71439BB23F0CCB18039ADC
:10DAF000DB191F0C0430A242E7D862460599535047
:10DB0000009B0433009304239C449CE7019B013B4E
:10DB100001939CE7F7B50323150007000E001A4098
:10DB20001D4208D02149013A920052580023310089
:10DB3000FFF77DFE0600AD1035D07C6A002C07D1C2
:10DB40001020FCF7EFFE7862446084600460C460DB
:10DB50007B6A9C680193002C08D138001449FFF7B8
:10DB60002DFF019B040098600023036001231D42E8
:10DB70000AD0310022003800FFF729FF3100019060
:10DB80003800FFF73BFE019E6D100CD02068002886
:10DB900007D1220021003800FFF719FF0023206081
:10DBA00003600400E2E73000FEBDC046D0F401008F
:10DBB00071020000F0B50C0017002369551187B001
:10DBC000EB180293013301934968A3680490019A0A
:10DBD000934246DB0498FFF7D9FD02001432060099
:10DBE000002311000392AB423EDBEB43DB171D40E9
:10DBF000039BAD001F2138005D19230022691433F7
:10DC00009200084084469A180F4232D00131091A16
:10DC100005910021039567461868B84001430398B1
:10DC200002C002CB03900598C1409A42F3D820006D
:10DC300015300423904204D8131B153B9B08013375
:10DC40009B00E950002902D0029B02330193019B03
:10DC50000498013B21003361FFF7D0FD300007B08D
:10DC6000F0BD01315B00B2E7002298000A50013399
:10DC7000B9E702CB02C59A42FBD8E8E702690B6913
:10DC800030B50400D01A9A420DD19B0014341431DF
:10DC9000E218C918043A043915680B689D4203D08C
:10DCA00001209D4203D330BD9442F3D3FBE74042B1
:10DCB000F9E7F0B50E0007001100300087B014003E
:10DCC000FFF7DCFF051E08D101003800FFF75EFDFD
:10DCD00001234561036107B0F0BD012301930028D2
:10DCE00004DB230034001E00002301936168380028
:10DCF000FFF74CFD019B256914340194C360019B1F
:10DD0000AC001B1934000293336914349900631872
:10DD100003930300002714339C460593019B04934F
:10DD2000049B04CC02CB04938BB2DF1993B2FB1A91
:10DD3000090C120C8A1A1914521817149BB21204E7
:10DD40001343624608C2039B9446A342E8D83200BC
:10DD5000039915320423914204D38B1B153B9B0876
:10DD600001339B00019AD418059AD3189C462200CF
:10DD700002998A4210D3029EE11E00228E4204D3F1
:10DD800032000332121B920892009B18043B1A685F
:10DD9000002A0FD005619EE702CA8EB2F6190F0C59
:10DDA000311479180F14B6B209040E43614640C10C
:10DDB0008C46DDE7013DE9E70F4B19400F4BC918D1
:10DDC000002904DD00220B001000190070474942B1
:10DDD000002200230915132904DC802000030841D8
:10DDE0000300F1E7143901201E2902DC802000061F
:10DDF000C8400200E8E7C0460000F07F0000C0FC19
:10DE0000F7B50600036914369B00F3181D1F2C6834
:10DE10000F0020000193FFF789FD20231B1A1F49E3
:10DE20003B600A2816DC0B2327001B1ADF4039430E
:10DE30009C460B000021AE4202D2019908390968C4
:10DE4000153084406046C1400C4322001000190088
:10DE500003B0F0BD0027AE4202D2019D083D2F68FD
:10DE60000B235B429C4684440B2813D0634620203E
:10DE70009C40C01A3B00C3401C4321430B000021BF
:10DE8000B54201D9043D29686446C140A7400F430B
:10DE90003A00DBE721430B00FAE7C0460000F03F01
:10DEA000F7B51D0001211400089FFFF76FFC2B033D
:10DEB0006D0006001B0B6D0D24D10193002C27D0A3
:10DEC00068460094FFF74CFD009C00281ED0019B83
:10DED00020211A00091A8A40C3402243726101932B
:10DEE000019CB461631E9C4101343461002D18D043
:10DEF000134BED1835232D18181A099B3D60186037
:10DF00003000FEBD802252031343D6E77461E7E779
:10DF100001A8FFF725FD0124019B346173612030C6
:10DF2000E4E7084BC018084B3860E3189B00F3186F
:10DF30005869FFF7FBFC6401099B241A1C60DFE7AA
:10DF4000CDFBFFFFCEFBFFFFFFFFFF3FF0B585B02E
:10DF50000D0002A90400FFF753FF00900191009EFD
:10DF6000019F280003A9FFF74BFF24692D690200D8
:10DF7000651B6C01A446039D029C0B00641B64445A
:10DF80002505002C07DD01996F1830003900FBF7DB
:10DF9000D3F805B0F0BD4B1BF7E770B5150013695A
:10DFA00014359C0006002B0001394911013189000C
:10DFB00041182C199C420DD8150011350023A5429B
:10DFC00003D8A31A113B9B089B00C0180023814271
:10DFD00003D870BD20CB20C6ECE708C0F7E70200ED
:10DFE000006910B514324B11984213DB0CDD1F246D
:10DFF00008002040214207D099008C582100C140E0
:10E00000814001208C4204D19B00D318934203D855
:10E01000002010BD0300F7E7043B19680029F5D084
:10E020000120F6E7F8B507000D001600002905D11C
:10E030001100FCF75BFD04002000F8BD002A03D1AD
:10E04000FCF7C4FC3400F7E700F081F92C00B04283
:10E05000F2D231003800FCF749FD041EECD0290053
:10E060003200FCF781FC29003800FCF7AFFCE3E745
:10E07000F0B58E6885B007000C00039201939E42B4
:10E080003CD890238A89DB001A4234D003250969E1
:10E0900023685B1A0293636902985D43EB0F5D1975
:10E0A000019B6D1001331B18AB4200D91D005305B5
:10E0B00032D529003800FCF719FD061E09D10C23C2
:10E0C0003B6040230120A28940421343A38105B055
:10E0D000F0BD029A2169FCF747FCA389144A1A4053
:10E0E00080231343A381029B2661F6182660656195
:10E0F000019EED1AA560019B9E4200D9019E32004F
:10E1000003992068FCF739FCA36800209B1BA360DF
:10E1100023689E192660DAE72A003800FFF782FF9D
:10E12000061EE0D138002169FCF750FCC7E7C04665
:10E130007FFBFFFFF0B5A1B003901D008B890F009E
:10E1400016001B0611D50B69002B0ED14021FCF7E0
:10E15000CDFC38603861002805D10C23039A0138C2
:10E16000136021B0F0BD40237B61002308AC6361E4
:10E17000203363761033A376079535002B78002B78
:10E1800001D0252B47D1AB1B0593B5420CD03200F3
:10E1900039000398FFF76CFF431C00D1AEE06269C1
:10E1A000059B9446634463612B78002B00D1A5E066
:10E1B000012200235242626004A9543252186E1C9C
:10E1C0002360E360A3601370A3650522317854488F
:10E1D000FFF7C0FA751C00281FD12268D30604D5AA
:10E1E000532304A95B1820211970130704D5532366
:10E1F00004A95B182B21197033782A2B16D035000F
:10E2000000210A20E3682A786E1C303A092A4ED988
:10E21000002911D117E00135B0E7414B2268C01A3F
:10E220000123834013432E002360CEE7079B191D73
:10E230001B680791002B01DB0B9304E05B42E3605A
:10E240000223134323602B782E2B0AD16B782A2BC1
:10E2500035D1079B02351A1D1B680792002B2BDB5B
:10E260000993304E032230002978FFF773FA002813
:10E2700006D04023801B834022680135134323606E
:10E280002978062228486E1C2176FFF763FA0028B9
:10E290003CD0264B002B25D10722079B0733934305
:10E2A000083307936369049A9B18636165E74343E6
:10E2B000350001219B18A6E701235B42D0E700232C
:10E2C0000A201A000135636029786E1C303909294B
:10E2D00003D9002BC5D00992C3E74243350001237F
:10E2E0005218F1E707AB00933A002100104B039856
:10E2F000FCF704FD0490049B0133D3D1BB890D9836
:10E300005B0600D42DE7012040422AE707AB0093CB
:10E310003A002100064B0398FCF7AEFFEAE7C0463F
:10E32000DCF40100E2F40100E6F40100FDAC0100C0
:10E3300071E001000300081E05D0FF2A04D98A22DB
:10E3400001201A604042704701200A70FBE70B1F52
:10E350001B68181F002B01DA0B58C018704700000B
:10E3600002B4714649084900095C49008E4402BC68
:10E370007047C04603B47146490840004900095E31
:10E3800049008E4403BC704770B505000C000022A4
:10E39000002328002100F9F7BDFA002808D1280041
:10E3A000210000F00FF802000B001000190070BDF2
:10E3B00080231B06E118280000F004F800234242E5
:10E3C0008B41F2E770B500220B4B0D000400FBF708
:10E3D000B9FAF9F739FB0600FCF736F90022074BCA
:10E3E000FBF7B0FA02000B0020002900FBF716FD36
:10E3F000F9F72AFB310070BD0000F03D0000F0414C
:10E4000070B506000800FCF7EFF80022064BFBF79A
:10E4100099FA0D0004003000FCF716F92B002200D9
:10E42000FAF720FB70BDC0460000F041044A03002B
:10E430001068002802D0C318136070470148FAE73B
:10E44000BC170020D4180020F8B5C046F8BC08BCA2
:10E450009E467047F8B5C046F8BC08BC9E4670475B
:10E4600053746F7000000000556466004341000063
:10E470004C535600435600004E5056004450560030
:10E4800053575600454953000000000000000000AB
:10E4900035350000143B0000B83A0000E23A0000B5
:10E4A000863A00002439000000000000000000004F
:10E4B0007D3F00000000000000000000BD4700009C
:10E4C00000000000000000009D4C00000000000063
:10E4D00000000000AD55000000000000000000003A
:10E4E000C55D000000000000000000005D66000047
:10E4F000536571004F435000000000000000000011
:10E500000D6800000000000000000000097000001D
:10E51000000000000000000019780000000000006A
:10E52000000000005D80000000000000000000000E
:10E53000398600000000000000000000D58E0000B9
:10E540000000000000000000E9960000000000004C
:10E5500000000000199F0000000000000000000003
:10E56000399F00007B220000223A00002C2200008C
:10E570007050530070504C00705341520000000026
:10E58000704300007046575000000000704C52531A
:10E5900000000000704D4600704F53320000000034
:10E5A000704F5333000000007053520070535000FE
:10E5B000705354500000000070535A00704C5000CB
:10E5C00070555000704250007044565300000000D7
:10E5D0007053414400000000704456500000000099
:10E5E00070534600705354460000000070414300D1
:10E5F00070444300704E756D00000000705357006A
:10E6000070534C0053450000534400005761697437
:10E61000696E67005374617274000000430000006B
:10E6200041000000520000004D00000044000000C6
:10E63000560000005400000046000000500000009A
:10E64000450000007D0000004578430022000000E6
:10E65000227D00007D7D0000000000000000000021
:10E6600005C8000009C7000051C50000E1C5000051
:10E6700099C6000055CA000061C8000001C600002C
:10E68000D1CA0000E5C50000C5C500009DC7000057
:10E69000BDC60000FDC80000A5C80000E9C9000013
:10E6A0003DC7000069C7000095CB0000ACD6000054
:10E6B0005AD60000CCD50000CCD5000028D60000EA
:10E6C00028D600007ED6000046D6000024D60000E2
:10E6D00024D6000024D6000024D6000096D60000E0
:10E6E0000009121B242D363F48415A536C657E7732
:10E6F00019100B023D342F265158434A757C676E22
:10E70000323B2029161F040D7A7368615E574C4511
:10E710002B2239300F061D14636A7178474E555C01
:10E72000646D767F4049525B2C253E3708011A13F1
:10E730007D746F6659504B42353C272E1118030AE1
:10E74000565F444D727B60691E170C053A332821D1
:10E750004F465D546B627970070E151C232A3138C1
:10E760004148535A656C777E09001B122D243F36B1
:10E7700058514A437C756E671019020B343D262FA1
:10E78000737A6168575E454C3B3229201F160D0491
:10E790006A6378714E475C55222B3039060F141D81
:10E7A000252C373E0108131A6D647F7649405B5271
:10E7B0003C352E2718110A03747D666F5059424B61
:10E7C000171E050C333A21285F564D447B72696051
:10E7D0000E071C152A233831464F545D626B707941
:10E7E000000000000000000001E5000005E5000059
:10E7F000050708090B0000000F0C0A0906000000BD
:10E8000003040506080A0000120C060504030000B4
:10E8100003040507090B00000F0A050403020000AA
:10E82000B6ED0000D0ED0000FCED00002EED000084
:10E830005EED0000160000002C00000059000000F2
:10E84000B20000000B010000150200008002000071
:10E850009B02000020030000790300002B0400004D
:10E860003505000000000000050000000400000065
:10E87000020000000000000001000000160000007F
:10E880002C00000059000000B20000000B01000045
:10E8900015020000800200009B020000200300001F
:10E8A000790300002B040000350500000809000072
:10E8B000C9020000080C00006C200000F0210000DC
:10E8C0001000000010040000C9020000280A000027
:10E8D000090000008C23000004010000040A00006D
:10E8E00059480000040A00007BF20000000A000002
:10E8F00009800000F022000000000000302200002B
:10E90000AFA587DE502200003F100000B0220000BB
:10E910003C20000030220000A0A587DE0001020399
:10E92000060304050607070709090A00C8000000D6
:10E93000E80300008813000010270000204E0000AC
:10E94000409C0000803801000071020000000000BF
:10E95000000000006E000000E8030000D007000087
:10E96000B80B0000A00F000070170000401F00004F
:10E9700010270000E02E0000803E0000204E000026
:10E98000C05D000030750000007D0000409C00006C
:10E9900080BB000000FA0000084C01000077010075
:10E9A000A0860100C0D4010000F401000071020043
:10E9B000A0FD020000E8030000D007000000803F37
:10E9C0000000C03F000000400000804000001041F7
:10E9D000280800420200000001000000280C00424C
:10E9E00004000000030000002810004206000000A0
:10E9F0000500000028140042080000000700000085
:10EA0000281800420A00000009000000281C0042EB
:10EA10000C0000000B0000000000000000000000DF
:10EA20004D2401009524010051C500004924010036
:10EA3000E5230100FD23010029240100000000005E
:10EA40000B000000020000001C000000FF0001019C
:10EA500001010B00000000000A000000020000009D
:10EA60001C000000FF00000100010A00000000007F
:10EA70000E0000000800000004000000FF0000007D
:10EA800000000E000000000009000000040000006B
:10EA90001C000000FF000100010009000000000050
:10EAA00008000000040000001C000000FF0000003F
:10EAB00000001000000000000F0000000400000033
:10EAC0001C000000FF00010301030F000000000014
:10EAD00014000000050000002C000000FF000200F0
:10EAE0000200040000000000150000000800000003
:10EAF00004000000FF00FFFFFFFF05000000000012
:10EB000006000000040000001C00000006000001D8
:10EB100000010600000000000700000004000000E3
:10EB20001C000000070001010101070000000000B7
:10EB300012000000040000001C000000FF000003A1
:10EB400000030200000000001000000004000000AC
:10EB50001C000000FF000002000200000000000096
:10EB600013000000050000002C000000FF0003005F
:10EB7000030003000000000011000000040000007A
:10EB80001C000000FF000102010201000000000063
:10EB90000200000001000000020000000000FFFF72
:10EBA000FFFF02000100000008000000010000005B
:10EBB000180000000200000400040800010000002A
:10EBC000090000000100000018000000030001041B
:10EBD0000104090000000000040000000100000022
:10EBE0001800000004000000000004000000000005
:10EBF00005000000010000001800000005000100F1
:10EC000001000500010000000200000001000000FA
:10EC1000000000000A00FFFFFFFF020000000000EC
:10EC2000160000000200000004000000FF00FFFFCB
:10EC3000FFFF0600000000001700000002000000B7
:10EC400004000000FF00FFFFFFFF070000000000BE
:10EC50000C0000000300000004000000FF00FFFFA4
:10EC6000FFFF0C00010000000A000000030000008C
:10EC700004000000FF00FFFFFFFF0A00010000008A
:10EC80000B0000000300000004000000FF00FFFF75
:10EC9000FFFF0B0001000000030000000B0000005C
:10ECA00004000000FF00FFFFFFFFFF000000000066
:10ECB0001B0000000B00000004000000FF00FFFF2D
:10ECC000FFFFFF00000000001C0000000600000025
:10ECD00000000000FF00FFFFFFFFFF00000000003A
:10ECE000180000000600000000000000FF00FFFF09
:10ECF000FFFFFF00000000001900000006000000F8
:10ED000000000000FF00FFFFFFFFFF000100000008
:10ED1000160000000300000000000000FF00FFFFDD
:10ED2000FFFFFF00010000001700000003000000CB
:10ED300000000000FF00FFFFFFFFFF0000000000D9
:10ED4000160000000200000000000000FF00FFFFAE
:10ED5000FFFFFF000000000017000000020000009D
:10ED600000000000FF00FFFFFFFFFF0000000000A9
:10ED7000130000000200000000000000FF00FFFF81
:10ED8000FFFFFF0000000000100000000200000074
:10ED900000000000FF00FFFFFFFFFF000000000079
:10EDA000120000000200000000000000FF00FFFF52
:10EDB000FFFFFF0000000000110000000200000043
:10EDC00000000000FF00FFFFFFFFFF000000000049
:10EDD0000D000000040000000C000000FF00010016
:10EDE000FFFF0D00000000001500000005000000FE
:10EDF0000C000000FF000300FFFFFF000000000008
:10EE000006000000040000000C000000FF000001EC
:10EE1000FFFFFF00000000000700000004000000EA
:10EE20000C000000FF000101FFFFFF0000000000D8
:10EE3000030000000100000002000000FF00FFFFCF
:10EE4000FFFFFF00000000000200000001000000C2
:10EE5000020000001400FFFFFFFF0200000000009E
:10EE60000600000001000000020000000600000192
:10EE70000001060000000000070000000100000083
:10EE8000020000000700010101010700000000006E
:10EE900000000000B927010000080042140900002A
:10EEA000000C0042150A000000100042160B000082
:10EEB00000140042170C000000180042180D00005A
:10EEC000001C0042190E00000000000000000000BD
:10EED000252F0100A12E0100852E0100952E010095
:10EEE000892E0100CD2E0100F12E01007E4301008C
:10EEF000DA430100B6430100EA430100B6430100D2
:10EF00000C44010052440100584401005C440100DB
:10EF1000804401002E450100C643010000000000AE
:10EF2000000000005532010081300100053201006F
:10EF30007D300100D5310100E93101004665617481
:10EF4000686572204D300000040309044164616665
:10EF5000727569740000000012010002EF020140A6
:10EF60009A230B8000010102030100000000000051
:10EF700000000000A14F01009D280100554C010038
:10EF8000314C0100954A0100814C0100AD4A01005D
:10EF9000F54C0100CD4A0100054C0100914A0100E9
:10EFA000D6520100E4520100F2520100C8520100A1
:10EFB000005101001E530100145301000A530100C7
:10EFC0000053010028530100252525642E25646681
:10EFD00000000000657870006C6F67313000000041
:10EFE0007371727400000000737172746600000027
:10EFF000182D4454FB21E9BFD221337F7CD9024034
:10F00000D221337F7CD902C00000000000000080C4
:10F01000182D4454FB210940182D4454FB2109C0EC
:10F02000000000000000E03F000000000000E0BF22
:10F030000000E0FE422EE63F0000E0FE422EE6BF6A
:10F04000763C7935EF39EA3D763C7935EF39EABDE2
:10F050004FBB610567ACDD3F182D4454FB21E93FF0
:10F060009BF681D20B73EF3F182D4454FB21F93FDF
:10F07000E2652F227F2B7A3C075C143326A6813C65
:10F08000BDCBF07A8807703C075C143326A6913C10
:10F090005A810100E6800100548001000E800100C9
:10F0A0005480010022810100548001000E80010083
:10F0B000E6800100E6800100228101000E8001004F
:10F0C00014800100148001001480010030810100CF
:10F0D000E6800100E6800100548001000A80010002
:10F0E0005480010022810100548001000A80010047
:10F0F000E6800100E6800100228101000A80010013
:10F100001480010014800100148001002C81010092
:10F1100012840100B0830100B0830100AE830100BE
:10F12000B4830100B4830100DC840100AE830100DC
:10F13000B4830100DC840100B4830100AE830100CC
:10F1400092840100928401009284010016850100DE
:10F15000A093010008920100E6910100FA920100DB
:10F16000E69101003E930100E6910100FA92010050
:10F1700008920100089201003E930100FA920100FA
:10F18000AC920100AC920100AC9201004C930100E2
:10F19000D89A0100069A0100069A0100029A01001D
:10F1A0000C9A01000C9A0100F89C0100029A0100DF
:10F1B0000C9A0100F89C01000C9A0100029A0100CF
:10F1C000969C0100969C0100969C0100629D0100A6
:10F1D000494E4600696E66004E414E006E616E00FB
:10F1E00030003031323334353637383941424344D8
:10F1F0004546003031323334353637383961626351
:10F200006465660035000000CEFBFFFFCB03000005
:10F21000010000000000000034000000CEFBFFFFF2
:10F22000CB0300000100000000000000000000000F
:10F23000BC89D897B2D29C3C33A7A8D523F64939CC
:10F240003DA7F444FD0FA5329D978CCF08BA5B25EE
:10F25000436FAC6428066811002020202020202065
:10F260002020282828282820202020202020202076
:10F270002020202020202020208810101010101086
:10F2800010101010101010101004040404040404D2
:10F29000040404101010101010104141414141416C
:10F2A000010101010101010101010101010101014E
:10F2B000010101011010101010104242424242425E
:10F2C000020202020202020202020202020202021E
:10F2D00002020202101010102000000000000000C6
:10F2E000000000000000000000000000000000001E
:10F2F000000000000000000000000000000000000E
:10F3000000000000000000000000000000000000FD
:10F3100000000000000000000000000000000000ED
:10F3200000000000000000000000000000000000DD
:10F3300000000000000000000000000000000000CD
:10F3400000000000000000000000000000000000BD
:10F35000000000000000000000496E66696E6974DC
:10F3600079004E614E000000000000000000000027
:10F37000000000000000000000000000000000008D
:10F38000000000000000000000000000000000007D
:10F39000000000000000000000000000000000006D
:10F3A000000000000000000000000000000000005D
:10F3B000000000000000000000000000000000004D
:10F3C00000000000000000002E000000C8F3010053
:10F3D000E1F40100F80000204300504F5349580069
:10F3E0000080E03779C34143176E05B5B5B8934641
:10F3F000F5F93FE9034F384D321D30F94877825A0D
:10F400003CBF737FDD4F1575000000000000F03F2A
:10F4100000000000000024400000000000005940EF
:10F420000000000000408F40000000000088C34042
:10F4300000000000006AF8400000000080842E41B7
:10F4400000000000D01263410000000084D7974103
:10F450000000000065CDCD41000000205FA0024209
:10F46000000000E876483742000000A2941A6D427E
:10F47000000040E59C30A2420000901EC4BCD64271
:10F4800000003426F56B0C430080E03779C341431C
:10F4900000A0D8855734764300C84E676DC1AB4392
:10F4A000003D9160E458E143408CB5781DAF1544B0
:10F4B00050EFE2D6E41A4B4492D54D06CFF080448B
:10F4C000F64AE1C7022DB544B49DD9794378EA44A0
:10F4D00005000000190000007D000000232D302BE6
:10F4E0002000686C4C0065666745464700000000D8
:04F4F0000000000018
:08F4F400D885FF7F0100000034
:10F4FC00000000000A07000000010000FFFFFFFFF2
:10F50C0000C2010000000800080B0002020200000B
:10F51C00090400000102020000052400100104246B
:10F52C0002060524060001052401010107058103DB
:10F53C0010001009040100020A0000000705020275
:10F54C00400000070583024000000000FFFFFFFFA2
:10F55C000000000083000000020000008200000098
:10F56C00000000000000000000000000000000008F
:10F57C00000000000000000040420F00FFFFFFFFF2
:10F58C0001000000980000200000000088F301003A
:10F59C00A8F3010068F30100000000000000000067
:10F5AC00000000000000000000000000000000004F
:10F5BC00000000000000000000000000000000003F
:10F5CC00000000000000000000000000000000002F
:10F5DC00000000000000000000000000000000001F
:10F5EC000000000000000000FF00000043000000CD
:10F5FC0000000000000000000000000000000000FF
:10F60C0000000000000000000000000043000000AB
:10F61C0000000000000000000000000000000000DE
:10F62C00000000000000000000000000430000008B
:10F63C0000000000000000000000000000000000BE
:10F64C00000000000000000000000000430000006B
:10F65C00000000000000000000000000000000009E
:10F66C00000000000000000000000000430000004B
:10F67C00000000000000000000000000000000007E
:10F68C00000000000000000000000000430000002B
:10F69C00000000000000000000000000000000005E
:10F6AC00000000000000000000000000430000000B
:10F6BC00000000000000000000000000000000003E
:10F6CC0000000000000000000000000035E3010015
:10F6DC0031D701000000000058F20100C8F301000E
:10F6EC00E1F40100E1F40100E1F40100E1F40100B6
:10F6FC00E1F40100E1F40100E1F40100E1F40100A6
:10F70C00E1F40100FFFFFFFFFFFFFFFFFFFFFFFF23
:10F71C00FFFF000001004153434949000000000075
:10F72C0000000000000000000000000000000000CD
:10F73C000000000000004153434949000000000054
:10F74C0000000000000000000000000000000000AD
:10F75C000000000000000000DD2000003924000043
:10F76C00952600001530000011370000C94000003C
:10F77C0051490000494E0000F9560000595F000045
:10F78C00755F0000F1670000ED68000041C00000EB
:10F79C001DC5000055C5000071C500008DC50000D9
:10F7AC00A9C50000A1CC0000E5CD0000D1E9000006
:10F7BC000D1D0100E9260100212701005530010033
:10F7CC00814A0100B520000000000000000000008C
:040000031000597D13
:00000001FF
